method,input_id,cell,all_gates_pass,commanded_all4,command_induced_all4_difference_gt1mrad,controlled_path_rad,path_ratio,minimum_raw_gap_m,peak_all_arm_scalar_N,supplementary_max_all74_hard_violation_rad,supplementary_max_all74_velocity_exceedance_rad_s
raw,1284,0,True,True,True,1.166583776473999,1.0,0.001524120569229126,0.0,0.0,0.0
raw,2419,0,True,True,True,1.2544058561325073,1.0,0.0010471045970916748,0.0,0.0,0.0
raw,5188,0,True,True,True,1.3541991710662842,1.0,0.0008659660816192627,0.0,0.0,0.0
raw,6092,0,True,True,True,1.2369492053985596,1.0,0.001277536153793335,0.0,0.0,0.0
raw,1288,1,False,True,True,1.0596500635147095,1.0,-0.0001456141471862793,0.0,0.0,0.0
raw,1779,1,True,True,True,1.136068344116211,1.0,0.0017165839672088623,0.0,0.0,0.0
raw,2435,1,True,True,True,1.1451102495193481,1.0,0.0009553134441375732,0.0,0.0,0.0
raw,3541,1,False,True,True,1.1078624725341797,1.0,0.0012585818767547607,1028.3719482421875,0.0,0.0
raw,1793,2,False,True,True,0.8493065237998962,1.0,0.0009098947048187256,5745.89501953125,0.0,0.0
raw,3033,2,True,True,True,0.8534237146377563,1.0,0.0017161071300506592,0.0,0.0,0.0
raw,4304,2,True,True,True,0.89438396692276,1.0,0.0015741288661956787,0.0,0.0,0.0
raw,5259,2,True,True,True,0.9094061851501465,1.0,0.001344054937362671,0.0,0.0,0.0
raw,607,3,False,True,True,1.132323980331421,1.0,-0.00046139955520629883,0.0,0.0,0.0
raw,1377,3,True,True,True,1.3630517721176147,1.0,0.0013693273067474365,0.0,0.0,0.0
raw,1830,3,True,True,True,1.1184165477752686,1.0,0.001703113317489624,0.0,0.0,0.0
raw,2487,3,True,True,True,1.0777634382247925,1.0,0.0013470351696014404,0.0,0.0,0.0
raw,1834,4,True,True,True,1.6679728031158447,1.0,0.0008186995983123779,0.0,0.0,0.0
raw,2520,4,True,True,True,1.7306567430496216,1.0,0.0013078749179840088,0.0,0.0,0.0
raw,3078,4,False,True,True,1.8776689767837524,1.0,-0.00036819279193878174,0.0,0.0,0.0
raw,4320,4,True,True,True,1.297528624534607,1.0,0.001759260892868042,0.0,0.0,0.0
raw,720,5,True,True,True,1.4999960660934448,1.0,0.0014654099941253662,0.0,0.0,0.0
raw,1458,5,True,True,True,1.4716166257858276,1.0,0.001194685697555542,0.0,0.0,0.0
raw,1887,5,False,True,True,1.2140378952026367,1.0,-0.020662114024162292,539.6580200195312,0.0,0.0
raw,3643,5,True,True,True,1.5682151317596436,1.0,0.001223057508468628,0.0,0.0,0.0
raw,229,6,True,True,True,1.14984929561615,1.0,0.0016644299030303955,0.0,0.0,0.0
raw,1966,6,True,True,True,0.9595158696174622,1.0,0.0009476840496063232,0.0,0.0,0.0
raw,2592,6,False,True,True,1.0783162117004395,1.0,-0.0018559247255325317,0.0,0.0,0.0
raw,4823,6,True,True,True,0.9835759401321411,1.0,0.0012222230434417725,0.0,0.0,0.0
raw,2049,7,True,True,True,1.5087181329727173,1.0,0.0009678900241851807,0.0,0.0,0.0
raw,3209,7,False,True,True,1.4951906204223633,1.0,-0.005460917949676514,0.0,0.0,0.0
raw,4408,7,True,True,True,1.5109374523162842,1.0,0.0013616383075714111,0.0,0.0,0.0
raw,4830,7,True,True,True,1.4756680727005005,1.0,0.0011685192584991455,0.0,0.0,0.0
raw,270,8,True,True,True,1.51231050491333,1.0,0.0018121302127838135,0.0,0.0,0.0
raw,1518,8,True,True,True,1.5952188968658447,1.0,0.0011589229106903076,0.0,0.0,0.0
raw,2141,8,False,True,True,1.7337590456008911,1.0,-0.004370115697383881,0.0,0.0,0.0
raw,2624,8,True,True,True,1.7572975158691406,1.0,0.0012271106243133545,0.0,0.0,0.0
raw,804,9,True,True,True,1.5691640377044678,1.0,0.0011878907680511475,0.0,0.0,0.0
raw,2171,9,True,True,True,1.640441656112671,1.0,0.0015915930271148682,0.0,0.0,0.0
raw,3254,9,False,True,True,1.5760865211486816,1.0,-6.40973448753357e-05,0.0,0.0,0.0
raw,3858,9,True,True,True,1.506583333015442,1.0,0.0010384023189544678,0.0,0.0,0.0
raw,339,10,True,True,True,1.1253888607025146,1.0,0.0009517371654510498,0.0,0.0,0.0
raw,1543,10,True,True,True,1.272563099861145,1.0,0.0011389553546905518,0.0,0.0,0.0
raw,2172,10,True,True,True,1.1322158575057983,1.0,0.0009508430957794189,0.0,0.0,0.0
raw,2656,10,False,True,True,1.4465011358261108,1.0,-0.009072527289390564,0.0,0.0,0.0
raw,340,11,True,True,True,1.653362512588501,1.0,0.0011186301708221436,0.0,0.0,0.0
raw,1591,11,False,True,True,1.5185335874557495,1.0,-0.004677087068557739,0.0,0.0,0.0
raw,2174,11,True,True,True,1.7259687185287476,1.0,0.0015394389629364014,0.0,0.0,0.0
raw,3311,11,True,True,True,1.4762728214263916,1.0,0.0010559260845184326,0.0,0.0,0.0
raw,345,12,True,True,True,1.9084489345550537,1.0,0.0018117129802703857,0.0,0.0,0.0
raw,1616,12,False,True,True,1.8438873291015625,1.0,-0.025154799222946167,366.8730773925781,0.20301100611686707,5.177933216094971
raw,2181,12,True,True,True,1.8843523263931274,1.0,0.0008601844310760498,0.0,0.0,0.0
raw,3331,12,True,True,True,1.5953731536865234,1.0,0.001552969217300415,0.0,0.0,0.0
raw,375,13,True,True,True,1.6888508796691895,1.0,0.0008210837841033936,0.0,0.0,0.0
raw,1069,13,False,True,True,1.5270881652832031,1.0,0.0016627013683319092,1080.018798828125,0.0,0.0
raw,4035,13,True,True,True,1.583898663520813,1.0,0.0011241137981414795,0.0,0.0,0.0
raw,5628,13,True,True,True,1.4154033660888672,1.0,7.83577561378479e-05,0.0,0.0,0.0
raw,399,14,True,True,True,1.7105255126953125,1.0,0.0017546117305755615,0.0,0.0,0.0
raw,2221,14,True,True,True,1.3348140716552734,1.0,0.0008744895458221436,0.0,0.0,0.0
raw,5111,14,True,True,True,1.2939741611480713,1.0,0.0010760724544525146,0.0,0.0,0.0
raw,7385,14,True,True,True,1.3084471225738525,1.0,0.0014008581638336182,0.0,0.0,0.0
raw,1212,15,True,True,True,1.5759785175323486,1.0,0.0013506114482879639,0.0,0.0,0.0
raw,2387,15,True,True,True,1.413193941116333,1.0,0.0011991560459136963,0.0,0.0,0.0
raw,2932,15,True,True,True,1.577705979347229,1.0,0.0012145936489105225,0.0,0.0,0.0
raw,4082,15,True,True,True,1.8979926109313965,1.0,0.0015354454517364502,0.0,0.0,0.0
raw,6596,0,False,True,True,1.317089557647705,1.0,-0.0007636696100234985,0.0,0.0,0.0
raw,7470,0,True,True,True,1.1464195251464844,1.0,0.0009522736072540283,0.0,0.0,0.0
raw,8556,0,True,True,True,1.3507846593856812,1.0,0.0009168088436126709,0.0,0.0,0.0
raw,9208,0,True,True,True,1.4014387130737305,1.0,0.0016660988330841064,0.0,0.0,0.0
raw,4168,1,True,True,True,0.9425499439239502,1.0,0.0008222758769989014,0.0,0.0,0.0
raw,4763,1,True,True,True,1.224784016609192,1.0,0.0011349022388458252,0.0,0.0,0.0
raw,5216,1,True,True,True,1.070960521697998,1.0,0.0012929141521453857,0.0,0.0,0.0
raw,6100,1,True,True,True,1.2163411378860474,1.0,0.001832813024520874,0.0,0.0,0.0
raw,5707,2,True,True,True,1.0436533689498901,1.0,0.0015552937984466553,0.0,0.0,0.0
raw,6651,2,True,True,True,0.8881766200065613,1.0,0.0009084641933441162,0.0,0.0,0.0
raw,7494,2,True,True,True,0.8336098194122314,1.0,0.0010627210140228271,0.0,0.0,0.0
raw,9244,2,True,True,True,0.7937071323394775,1.0,0.0014517009258270264,0.0,0.0,0.0
raw,3618,3,True,True,True,1.2034574747085571,1.0,0.0013801157474517822,0.0,0.0,0.0
raw,4776,3,True,True,True,1.1673023700714111,1.0,0.0010346472263336182,0.0,0.0,0.0
raw,5287,3,True,True,True,1.2475230693817139,1.0,0.001825779676437378,0.0,0.0,0.0
raw,5773,3,True,True,True,0.9758902192115784,1.0,0.0009823739528656006,0.0,0.0,0.0
raw,5787,4,True,True,True,1.538379192352295,1.0,0.001212090253829956,0.0,0.0,0.0
raw,6249,4,True,True,True,1.541660189628601,1.0,0.0018464624881744385,0.0,0.0,0.0
raw,7192,4,True,True,True,1.615037202835083,1.0,0.0017299354076385498,0.0,0.0,0.0
raw,7540,4,True,True,True,1.5043927431106567,1.0,0.0014772117137908936,0.0,0.0,0.0
raw,4358,5,True,True,True,1.387728214263916,1.0,0.0013727247714996338,0.0,0.0,0.0
raw,4804,5,True,True,True,1.5188963413238525,1.0,0.0015994012355804443,0.0,0.0,0.0
raw,5798,5,True,True,True,1.3674495220184326,1.0,0.0011770427227020264,0.0,0.0,0.0
raw,6255,5,True,True,True,1.5420218706130981,1.0,0.0016830861568450928,0.0,0.0,0.0
raw,6775,6,True,True,True,0.981762170791626,1.0,0.001096099615097046,0.0,0.0,0.0
raw,7280,6,False,True,True,1.0359880924224854,1.0,-0.022981248795986176,0.0,0.0,0.0
raw,7576,6,True,True,True,1.2481328248977661,1.0,0.0009623467922210693,0.0,0.0,0.0
raw,8618,6,False,True,True,1.1605719327926636,1.0,-0.009148381650447845,0.0,0.0,0.0
raw,5859,7,False,True,True,1.414616346359253,1.0,0.0013299882411956787,493.5263366699219,0.0,0.0
raw,6777,7,True,True,True,1.37827730178833,1.0,0.0011346042156219482,0.0,0.0,0.0
raw,7581,7,True,True,True,1.180701732635498,1.0,0.0008489787578582764,0.0,0.0,0.0
raw,8765,7,True,True,True,1.6362903118133545,1.0,0.0009078681468963623,0.0,0.0,0.0
raw,3225,8,True,True,True,1.7933062314987183,1.0,0.0013124644756317139,0.0,0.0,0.0
raw,3822,8,True,True,True,1.539129376411438,1.0,0.0009469687938690186,0.0,0.0,0.0
raw,4852,8,True,True,True,1.6620476245880127,1.0,0.0016079246997833252,0.0,0.0,0.0
raw,5861,8,True,True,True,1.3873357772827148,1.0,0.001036912202835083,0.0,0.0,0.0
raw,4469,9,True,True,True,1.4256724119186401,1.0,0.0013223588466644287,0.0,0.0,0.0
raw,5496,9,True,True,True,1.8433958292007446,1.0,0.0013721883296966553,0.0,0.0,0.0
raw,5876,9,True,True,True,1.6882888078689575,1.0,0.000972062349319458,0.0,0.0,0.0
raw,6783,9,True,True,True,1.530815839767456,1.0,0.0012596547603607178,0.0,0.0,0.0
raw,3275,10,True,True,True,1.1358057260513306,1.0,0.0008737146854400635,0.0,0.0,0.0
raw,4522,10,True,True,True,1.6031447649002075,1.0,0.0011630356311798096,0.0,0.0,0.0
raw,5915,10,True,True,True,1.2128245830535889,1.0,0.001444011926651001,0.0,0.0,0.0
raw,6447,10,False,True,True,1.1160898208618164,1.0,-0.011871680617332458,419.3428039550781,0.0,0.0
raw,3893,11,False,True,True,1.4858051538467407,1.0,-0.004833117127418518,0.0,0.0,0.0
raw,5606,11,True,True,True,1.5001871585845947,1.0,0.0015904009342193604,0.0,0.0,0.0
raw,5939,11,False,True,True,1.5537043809890747,1.0,-0.014913961291313171,0.0,0.0,0.0
raw,7344,11,False,True,True,1.4288148880004883,1.0,-0.00512569397687912,0.0,0.0,0.0
raw,3982,12,False,True,True,1.5369850397109985,1.0,0.0009681284427642822,2054.926025390625,0.0,0.0
raw,4955,12,True,True,True,1.8510396480560303,1.0,0.001542121171951294,0.0,0.0,0.0
raw,5973,12,True,True,True,1.7051130533218384,1.0,0.0017518103122711182,0.0,0.0,0.0
raw,6523,12,True,True,True,1.9375450611114502,1.0,0.00025412440299987793,0.0,0.0,0.0
raw,5975,13,True,True,True,1.6183927059173584,1.0,0.0013497769832611084,0.0,0.0,0.0
raw,6537,13,False,True,True,1.6450227499008179,1.0,-0.00014643371105194092,0.0,0.0,0.0
raw,7701,13,False,True,True,1.4784679412841797,1.0,0.0013665854930877686,1010.7725219726562,0.0,0.0
raw,11441,13,True,True,True,1.876007080078125,1.0,0.0017624199390411377,0.0,2.384185791015625e-07,0.0
raw,8503,14,False,True,True,1.3650003671646118,1.0,-0.0004031956195831299,0.0,0.0,0.0
raw,9641,14,False,True,True,1.58001708984375,1.0,0.0011089742183685303,478.7778625488281,0.0,0.0
raw,10148,14,True,True,True,1.5933752059936523,1.0,0.0016020238399505615,0.0,0.0,0.0
raw,12767,14,True,True,True,1.5342390537261963,1.0,0.0015310347080230713,0.0,0.0,0.0
raw,5646,15,True,True,True,1.5656061172485352,1.0,0.0014237463474273682,0.0,0.0,0.0
raw,7390,15,True,True,True,1.5255264043807983,1.0,0.001382976770401001,0.0,0.0,0.0
raw,8555,15,True,True,True,1.749398112297058,1.0,0.0016880929470062256,0.0,0.0,0.0
raw,9088,15,True,True,True,1.6889097690582275,1.0,0.0016476809978485107,0.0,0.0,0.0
hold,1284,0,True,False,False,0.0,0.0,0.001524120569229126,0.0,0.0,0.0
hold,2419,0,True,False,False,0.0,0.0,0.001047581434249878,0.0,0.0,0.0
hold,5188,0,True,False,False,0.0,0.0,0.0008920133113861084,0.0,0.0,0.0
hold,6092,0,True,False,False,0.0,0.0,0.001277536153793335,0.0,0.0,0.0
hold,1288,1,True,False,False,0.0,0.0,0.001393049955368042,0.0,0.0,0.0
hold,1779,1,True,False,False,0.0,0.0,0.0017539560794830322,0.0,0.0,0.0
hold,2435,1,True,False,False,0.0,0.0,0.0009553134441375732,0.0,0.0,0.0
hold,3541,1,True,False,False,0.0,0.0,0.0012585818767547607,0.0,0.0,0.0
hold,1793,2,True,False,False,0.0,0.0,0.0009883344173431396,0.0,0.0,0.0
hold,3033,2,True,False,False,0.0,0.0,0.0017171800136566162,0.0,0.0,0.0
hold,4304,2,True,False,False,2.2351741790771484e-08,2.4991214754973136e-08,0.0015742480754852295,0.0,0.0,0.0
hold,5259,2,True,False,False,0.0,0.0,0.001344054937362671,0.0,0.0,0.0
hold,607,3,True,False,False,0.0,0.0,0.0006766915321350098,0.0,0.0,0.0
hold,1377,3,True,False,False,0.0,0.0,0.0014700591564178467,0.0,0.0,0.0
hold,1830,3,True,False,False,6.332993507385254e-08,5.662464061339861e-08,0.0017032921314239502,0.0,0.0,0.0
hold,2487,3,True,False,False,0.0,0.0,0.0013470351696014404,0.0,0.0,0.0
hold,1834,4,True,False,False,0.49080199003219604,0.29425059516279695,0.0008465945720672607,0.0,0.0,0.0
hold,2520,4,True,False,False,0.2806461453437805,0.16216164555499832,0.0013078749179840088,0.0,0.0,0.0
hold,3078,4,True,False,False,0.4061540961265564,0.2163076139343023,0.0017354190349578857,0.0,0.0,0.0
hold,4320,4,True,False,False,0.1955903023481369,0.15074064544687063,0.0017585456371307373,0.0,0.0,0.0
hold,720,5,True,False,False,0.24867497384548187,0.16578375068217696,0.0015517771244049072,0.0,0.0,0.0
hold,1458,5,True,False,False,0.17931096255779266,0.12184624678458122,0.001194685697555542,0.0,0.0,0.0
hold,1887,5,True,False,False,0.33623769879341125,0.2769581576671372,0.0014436542987823486,0.0,0.0,0.0
hold,3643,5,True,False,False,0.3472699224948883,0.22144278260166253,0.001226276159286499,0.0,0.0,0.0
hold,229,6,True,False,False,0.24924233555793762,0.21676087162742524,0.0017040073871612549,0.0,0.0,0.0
hold,1966,6,True,False,False,0.3348919749259949,0.34902181978450125,0.0009612739086151123,0.0,0.0,0.0
hold,2592,6,True,False,False,0.2757702171802521,0.2557415108740498,0.001320958137512207,0.0,0.0,0.0
hold,4823,6,True,False,False,0.32696831226348877,0.33242813180196473,0.0012621581554412842,0.0,0.0,0.0
hold,2049,7,True,False,False,0.2863045930862427,0.18976678733364175,0.0009678900241851807,0.0,0.0,0.0
hold,3209,7,True,False,False,0.40400704741477966,0.2702043752124764,0.000843733549118042,0.0,0.0,0.0
hold,4408,7,True,False,False,0.3219566345214844,0.21308402543594457,0.0013616383075714111,0.0,0.0,0.0
hold,4830,7,True,False,False,0.26151567697525024,0.17721849636325845,0.0011685192584991455,0.0,0.0,0.0
hold,270,8,True,False,False,0.42759355902671814,0.28274190891190254,0.0018121302127838135,0.0,0.0,0.0
hold,1518,8,True,False,False,0.6811979413032532,0.42702474415368014,0.0011699497699737549,0.0,0.0,0.0
hold,2141,8,True,False,False,0.2831917107105255,0.16333971634009622,0.0011650025844573975,0.0,0.0,0.0
hold,2624,8,True,False,False,0.5209783911705017,0.29646567326582224,0.0012271106243133545,0.0,0.0,0.0
hold,804,9,True,False,False,0.5741890668869019,0.36592035828636743,0.0011878907680511475,0.0,0.0,0.0
hold,2171,9,True,False,False,0.6560199856758118,0.39990449110538445,0.001634448766708374,0.0,0.0,0.0
hold,3254,9,True,False,False,0.522211492061615,0.33133427959336736,0.0008677542209625244,0.0,0.0,0.0
hold,3858,9,True,False,False,0.38129252195358276,0.2530842560102015,0.0010384023189544678,0.0,0.0,0.0
hold,339,10,True,False,False,0.3165147006511688,0.2812491856846594,0.0009517371654510498,0.0,0.0,0.0
hold,1543,10,True,False,False,0.3056684732437134,0.24019907011060293,0.0011954009532928467,0.0,0.0,0.0
hold,2172,10,True,False,False,0.4627207815647125,0.40868601026667994,0.0009508430957794189,0.0,0.0,0.0
hold,2656,10,True,False,False,0.5551303029060364,0.38377453647072046,0.001296013593673706,0.0,0.0,0.0
hold,340,11,True,False,False,0.4600217938423157,0.27823407772933384,0.0011186301708221436,0.0,0.0,0.0
hold,1591,11,True,False,False,0.4636150300502777,0.3053044291414381,0.0008928477764129639,0.0,0.0,0.0
hold,2174,11,True,False,False,0.48913848400115967,0.2833993911651607,0.0015762150287628174,0.0,0.0,0.0
hold,3311,11,True,False,False,0.3643307685852051,0.24679094764691567,0.0010471045970916748,0.0,0.0,0.0
hold,345,12,True,False,False,0.4435892105102539,0.23243441439719462,0.0018075406551361084,0.0,0.0,0.0
hold,1616,12,True,False,False,0.8593192100524902,0.4660367238768299,0.0013438165187835693,0.0,0.0,0.0
hold,2181,12,True,False,False,0.6965922713279724,0.3696719883915404,0.0008437931537628174,0.0,0.0,0.0
hold,3331,12,True,False,False,0.5005218982696533,0.3137334341580637,0.0015424787998199463,0.0,0.0,0.0
hold,375,13,True,False,False,0.8123573064804077,0.4810118621245776,0.0009228289127349854,0.0,0.0,0.0
hold,1069,13,True,False,False,0.3924690783023834,0.25700485880564655,0.0016601383686065674,0.0,0.0,0.0
hold,4035,13,True,False,False,0.5837401747703552,0.3685464153828959,0.0011349618434906006,0.0,0.0,0.0
hold,5628,13,True,False,False,0.6197858452796936,0.4378863722730329,0.0013106763362884521,0.0,0.0,0.0
hold,399,14,True,False,False,0.9587560296058655,0.5605037881575543,0.0017546117305755615,0.0,0.0,0.0
hold,2221,14,True,False,False,0.4173736572265625,0.31268299165365154,0.0008744895458221436,0.0,0.0,0.0
hold,5111,14,True,False,False,0.6256342530250549,0.4834982581645714,0.0010760724544525146,0.0,0.0,0.0
hold,7385,14,True,False,False,0.5333389639854431,0.40761216466761724,0.0014384090900421143,0.0,0.0,0.0
hold,1212,15,True,False,False,0.5739834904670715,0.3642076868952561,0.0013404786586761475,0.0,0.0,0.0
hold,2387,15,True,False,False,0.5672199726104736,0.4013744724679516,0.0011905133724212646,0.0,0.0,0.0
hold,2932,15,True,False,False,0.5797362923622131,0.36745521659370095,0.0012145936489105225,0.0,0.0,0.0
hold,4082,15,True,False,False,0.6613045334815979,0.3484231338272059,0.0015644729137420654,0.0,0.0,0.0
hold,6596,0,True,False,False,0.0,0.0,0.0018161237239837646,0.0,0.0,0.0
hold,7470,0,True,False,False,5.075708031654358e-08,4.427443811204983e-08,0.0010419189929962158,0.0,0.0,0.0
hold,8556,0,True,False,False,0.0,0.0,0.0009168088436126709,0.0,0.0,0.0
hold,9208,0,True,False,False,8.940696716308594e-08,6.37965587285601e-08,0.0017102062702178955,0.0,0.0,0.0
hold,4168,1,True,False,False,0.0,0.0,0.0008302628993988037,0.0,0.0,0.0
hold,4763,1,True,False,False,0.0,0.0,0.0011349022388458252,0.0,0.0,0.0
hold,5216,1,True,False,False,0.0,0.0,0.0012929141521453857,0.0,0.0,0.0
hold,6100,1,True,False,False,0.0,0.0,0.001832813024520874,0.0,0.0,0.0
hold,5707,2,True,False,False,0.0,0.0,0.00160256028175354,0.0,0.0,0.0
hold,6651,2,True,False,False,0.0,0.0,0.0009350478649139404,0.0,0.0,0.0
hold,7494,2,True,False,False,0.0,0.0,0.0010627210140228271,0.0,0.0,0.0
hold,9244,2,True,False,False,0.0,0.0,0.0014825165271759033,0.0,0.0,0.0
hold,3618,3,True,False,False,0.0,0.0,0.0014297068119049072,0.0,0.0,0.0
hold,4776,3,True,False,False,0.0,0.0,0.0010898411273956299,0.0,0.0,0.0
hold,5287,3,True,False,False,0.0,0.0,0.001836150884628296,0.0,0.0,0.0
hold,5773,3,True,False,False,0.0,0.0,0.0009823739528656006,0.0,0.0,0.0
hold,5787,4,True,False,False,0.32789716124534607,0.2131445633660497,0.001212090253829956,0.0,0.0,0.0
hold,6249,4,True,False,False,0.44699668884277344,0.289945016320658,0.0018484890460968018,0.0,0.0,0.0
hold,7192,4,True,False,False,0.4220934510231018,0.2613521535492475,0.0017299354076385498,0.0,0.0,0.0
hold,7540,4,True,False,False,0.4100608825683594,0.2725756850704225,0.0014772117137908936,0.0,0.0,0.0
hold,4358,5,True,False,False,0.3175562620162964,0.22883174007147772,0.0013727247714996338,0.0,0.0,0.0
hold,4804,5,True,False,False,0.2363976389169693,0.15563776966565596,0.0015994012355804443,0.0,0.0,0.0
hold,5798,5,True,False,False,0.3245540261268616,0.23734260087919115,0.001204162836074829,0.0,0.0,0.0
hold,6255,5,True,False,False,0.4482118487358093,0.2906650400215161,0.0017428100109100342,0.0,0.0,0.0
hold,6775,6,True,False,False,0.2686137855052948,0.27360372348498924,0.001118093729019165,0.0,0.0,0.0
hold,7280,6,True,False,False,0.20799504220485687,0.20076972286283248,0.0008588731288909912,0.0,0.0,0.0
hold,7576,6,True,False,False,0.2734326422214508,0.21907335242452863,0.0010472238063812256,0.0,0.0,0.0
hold,8618,6,True,False,False,0.3838908076286316,0.3307772631592787,0.0012294948101043701,0.0,0.0,0.0
hold,5859,7,True,False,False,0.4086543917655945,0.28888001528989365,0.0013218820095062256,0.0,0.0,0.0
hold,6777,7,True,False,False,0.19811055064201355,0.14373780253433974,0.001201719045639038,0.0,0.0,0.0
hold,7581,7,True,False,False,0.22059041261672974,0.1868299220026889,0.0009032189846038818,0.0,0.0,0.0
hold,8765,7,True,False,False,0.421640008687973,0.2576804407163586,0.0010365545749664307,0.0,0.0,0.0
hold,3225,8,True,False,False,0.5745821595191956,0.32040381582737293,0.0013124644756317139,0.0,0.0,0.0
hold,3822,8,True,False,False,0.48810523748397827,0.3171307396016452,0.001054137945175171,0.0,0.0,0.0
hold,4852,8,True,False,False,0.4312117099761963,0.25944606135042897,0.0015992224216461182,0.0,0.0,0.0
hold,5861,8,True,False,False,0.4186851382255554,0.301790774145252,0.0010612905025482178,0.0,0.0,0.0
hold,4469,9,True,False,False,0.45494991540908813,0.31911251954214787,0.0014302432537078857,0.0,0.0,0.0
hold,5496,9,True,False,False,0.8351490497589111,0.45304922389946667,0.0014078319072723389,0.0,0.0,0.0
hold,5876,9,True,False,False,0.6180288791656494,0.36606822025063135,0.000964730978012085,0.0,0.0,0.0
hold,6783,9,True,False,False,0.6070016622543335,0.39652167588397974,0.0012676417827606201,0.0,0.0,0.0
hold,3275,10,True,False,False,0.3286987543106079,0.2893969864488542,0.0008908212184906006,0.0,0.0,0.0
hold,4522,10,True,False,False,0.5830204486846924,0.3636729891457957,0.0011630356311798096,0.0,0.0,0.0
hold,5915,10,True,False,False,0.37466686964035034,0.3089209065148011,0.001444011926651001,0.0,0.0,0.0
hold,6447,10,True,False,False,0.48333969712257385,0.43306523192672,0.0008136928081512451,0.0,0.0,0.0
hold,3893,11,True,False,False,0.5991244316101074,0.40323216678780377,0.001070648431777954,0.0,0.0,0.0
hold,5606,11,True,False,False,0.520127534866333,0.3467084302715042,0.0016353428363800049,0.0,0.0,0.0
hold,5939,11,True,False,False,0.48889896273612976,0.31466665648770387,0.0009019076824188232,0.0,0.0,0.0
hold,7344,11,True,False,False,0.3025861382484436,0.21177420587483423,0.0008489787578582764,0.0,0.0,0.0
hold,3982,12,True,False,False,0.551376461982727,0.35873899077534493,0.0009681284427642822,0.0,0.0,0.0
hold,4955,12,True,False,False,0.7784247398376465,0.4205338014532274,0.0015371739864349365,0.0,0.0,0.0
hold,5973,12,True,False,False,0.6705577373504639,0.3932629194551693,0.0017577707767486572,0.0,0.0,0.0
hold,6523,12,True,False,False,0.6199823021888733,0.3199834236800808,0.0013003647327423096,0.0,0.0,0.0
hold,5975,13,True,False,False,0.5603840351104736,0.3462596149015819,0.0013765990734100342,0.0,0.0,0.0
hold,6537,13,True,False,False,0.8314164876937866,0.5054133675317953,0.0008251368999481201,0.0,0.0,0.0
hold,7701,13,True,False,False,0.5956752300262451,0.4029003358090056,0.0013665854930877686,0.0,0.0,0.0
hold,11441,13,True,False,False,0.6769055724143982,0.36082250413799555,0.0018079578876495361,0.0,2.384185791015625e-07,0.0
hold,8503,14,True,False,False,0.4457235336303711,0.32653729944134086,0.0014056861400604248,0.0,0.0,0.0
hold,9641,14,True,False,False,0.8727271556854248,0.5523529848476069,0.0011104047298431396,0.0,0.0,0.0
hold,10148,14,True,False,False,0.78876131772995,0.49502547470485253,0.0016020238399505615,0.0,0.0,0.0
hold,12767,14,True,False,False,0.6445220708847046,0.42009233783963335,0.0015310347080230713,0.0,0.0,0.0
hold,5646,15,True,False,False,0.3837258815765381,0.24509733153758673,0.001451939344406128,0.0,0.0,0.0
hold,7390,15,True,False,False,0.4251326620578766,0.27867932068369233,0.001382976770401001,0.0,0.0,0.0
hold,8555,15,True,False,False,0.8096251487731934,0.4628021163862524,0.0017379224300384521,0.0,0.0,0.0
hold,9088,15,True,False,False,0.6935492753982544,0.41064909926182286,0.0016425549983978271,0.0,0.0,0.0
alpha4,1284,0,True,True,True,1.1609892845153809,0.9952043804556175,0.001524120569229126,0.0,0.0,0.0
alpha4,2419,0,True,True,True,1.2544058561325073,1.0,0.0010471045970916748,0.0,0.0,0.0
alpha4,5188,0,True,True,True,1.350819706916809,0.9975044556061764,0.0008659660816192627,0.0,0.0,0.0
alpha4,6092,0,True,True,True,1.2369492053985596,1.0,0.001277536153793335,0.0,0.0,0.0
alpha4,1288,1,True,True,True,0.6100133061408997,0.575674297718222,0.0013829171657562256,0.0,0.0,0.0
alpha4,1779,1,True,True,True,1.136068344116211,1.0,0.0017165839672088623,0.0,0.0,0.0
alpha4,2435,1,True,True,True,0.9124659895896912,0.7968368023713807,0.0009553134441375732,0.0,0.0,0.0
alpha4,3541,1,False,True,True,1.1078624725341797,1.0,0.0012585818767547607,1028.3719482421875,0.0,0.0
alpha4,1793,2,False,True,True,0.8493065237998962,1.0,0.0009098947048187256,5745.89501953125,0.0,0.0
alpha4,3033,2,True,True,True,0.8534237146377563,1.0,0.0017161071300506592,0.0,0.0,0.0
alpha4,4304,2,True,True,True,0.89438396692276,1.0,0.0015741288661956787,0.0,0.0,0.0
alpha4,5259,2,True,True,True,0.7517403364181519,0.8266276925464683,0.001344054937362671,0.0,0.0,0.0
alpha4,607,3,True,True,True,0.8921453952789307,0.7878888116613125,0.0006766915321350098,0.0,0.0,0.0
alpha4,1377,3,True,True,True,1.3630517721176147,1.0,0.0013693273067474365,0.0,0.0,0.0
alpha4,1830,3,True,True,True,0.967036783695221,0.8646481363485106,0.001703113317489624,0.0,0.0,0.0
alpha4,2487,3,True,True,True,0.9292111396789551,0.862166136577688,0.0013470351696014404,0.0,0.0,0.0
alpha4,1834,4,True,True,True,1.6719045639038086,1.0023572091706887,0.0008175671100616455,0.0,0.0,0.0
alpha4,2520,4,True,True,True,0.7924145460128784,0.4578692737281631,0.0013078749179840088,0.0,0.0,0.0
alpha4,3078,4,True,False,False,0.4061540961265564,0.2163076139343023,0.0017354190349578857,0.0,0.0,0.0
alpha4,4320,4,True,False,False,0.1955903023481369,0.15074064544687063,0.0017585456371307373,0.0,0.0,0.0
alpha4,720,5,True,True,True,1.4999960660934448,1.0,0.0014654099941253662,0.0,0.0,0.0
alpha4,1458,5,True,False,False,0.17931096255779266,0.12184624678458122,0.001194685697555542,0.0,0.0,0.0
alpha4,1887,5,False,True,True,0.9299505352973938,0.7659979469933881,-0.01960115134716034,307.50933837890625,0.0,0.0
alpha4,3643,5,True,False,False,0.3472699224948883,0.22144278260166253,0.001226276159286499,0.0,0.0,0.0
alpha4,229,6,True,True,True,1.0411405563354492,0.9054582720577754,0.0016694962978363037,0.0,0.0,0.0
alpha4,1966,6,True,True,True,0.9595158696174622,1.0,0.0009476840496063232,0.0,0.0,0.0
alpha4,2592,6,True,False,False,0.2757702171802521,0.2557415108740498,0.001320958137512207,0.0,0.0,0.0
alpha4,4823,6,True,True,True,0.9835759401321411,1.0,0.0012222230434417725,0.0,0.0,0.0
alpha4,2049,7,True,False,False,0.2863045930862427,0.18976678733364175,0.0009678900241851807,0.0,0.0,0.0
alpha4,3209,7,True,True,True,0.9815548062324524,0.6564746948152882,0.000860065221786499,0.0,0.0,0.0
alpha4,4408,7,True,False,False,0.3219566345214844,0.21308402543594457,0.0013616383075714111,0.0,0.0,0.0
alpha4,4830,7,True,False,False,0.26151567697525024,0.17721849636325845,0.0011685192584991455,0.0,0.0,0.0
alpha4,270,8,True,False,False,0.42759355902671814,0.28274190891190254,0.0018121302127838135,0.0,0.0,0.0
alpha4,1518,8,True,False,False,0.6811979413032532,0.42702474415368014,0.0011699497699737549,0.0,0.0,0.0
alpha4,2141,8,True,True,True,0.31495147943496704,0.1816581607658233,0.0011650025844573975,0.0,0.0,0.0
alpha4,2624,8,True,False,False,0.5209783911705017,0.29646567326582224,0.0012271106243133545,0.0,0.0,0.0
alpha4,804,9,True,False,False,0.5741890668869019,0.36592035828636743,0.0011878907680511475,0.0,0.0,0.0
alpha4,2171,9,True,False,False,0.6560199856758118,0.39990449110538445,0.001634448766708374,0.0,0.0,0.0
alpha4,3254,9,True,False,False,0.522211492061615,0.33133427959336736,0.0008677542209625244,0.0,0.0,0.0
alpha4,3858,9,True,False,False,0.38129252195358276,0.2530842560102015,0.0010384023189544678,0.0,0.0,0.0
alpha4,339,10,True,True,True,0.6795501112937927,0.6038358251294483,0.0009517371654510498,0.0,0.0,0.0
alpha4,1543,10,True,True,True,0.32893431186676025,0.25848173022041243,0.0011954009532928467,0.0,0.0,0.0
alpha4,2172,10,True,True,True,0.6131927371025085,0.5415864236819067,0.0009508430957794189,0.0,0.0,0.0
alpha4,2656,10,True,False,False,0.5551303029060364,0.38377453647072046,0.001296013593673706,0.0,0.0,0.0
alpha4,340,11,True,False,False,0.4600217938423157,0.27823407772933384,0.0011186301708221436,0.0,0.0,0.0
alpha4,1591,11,True,True,True,0.989488959312439,0.651608214323592,0.0009085237979888916,0.0,0.0,0.0
alpha4,2174,11,True,False,False,0.48913848400115967,0.2833993911651607,0.0015762150287628174,0.0,0.0,0.0
alpha4,3311,11,True,False,False,0.3643307685852051,0.24679094764691567,0.0010471045970916748,0.0,0.0,0.0
alpha4,345,12,True,True,True,1.3956598043441772,0.7313058154577078,0.0018107593059539795,0.0,0.0,0.0
alpha4,1616,12,True,False,False,0.8593192100524902,0.4660367238768299,0.0013438165187835693,0.0,0.0,0.0
alpha4,2181,12,True,False,False,0.6965922713279724,0.3696719883915404,0.0008437931537628174,0.0,0.0,0.0
alpha4,3331,12,True,False,False,0.5005218982696533,0.3137334341580637,0.0015424787998199463,0.0,0.0,0.0
alpha4,375,13,True,False,False,0.8123573064804077,0.4810118621245776,0.0009228289127349854,0.0,0.0,0.0
alpha4,1069,13,True,False,False,0.3924690783023834,0.25700485880564655,0.0016601383686065674,0.0,0.0,0.0
alpha4,4035,13,True,True,True,1.2687429189682007,0.80102531063947,0.0011266767978668213,0.0,0.0,0.0
alpha4,5628,13,True,False,False,0.6197858452796936,0.4378863722730329,0.0013106763362884521,0.0,0.0,0.0
alpha4,399,14,True,True,False,0.9587560296058655,0.5605037881575543,0.0017546117305755615,0.0,0.0,0.0
alpha4,2221,14,True,False,False,0.4173736572265625,0.31268299165365154,0.0008744895458221436,0.0,0.0,0.0
alpha4,5111,14,True,True,True,0.9993331432342529,0.7722976031821225,0.0010760724544525146,0.0,0.0,0.0
alpha4,7385,14,True,False,False,0.5333389639854431,0.40761216466761724,0.0014384090900421143,0.0,0.0,0.0
alpha4,1212,15,True,False,False,0.5739834904670715,0.3642076868952561,0.0013404786586761475,0.0,0.0,0.0
alpha4,2387,15,True,False,False,0.5672199726104736,0.4013744724679516,0.0011905133724212646,0.0,0.0,0.0
alpha4,2932,15,True,False,False,0.5797362923622131,0.36745521659370095,0.0012145936489105225,0.0,0.0,0.0
alpha4,4082,15,True,False,False,0.6613045334815979,0.3484231338272059,0.0015644729137420654,0.0,0.0,0.0
alpha4,6596,0,True,True,True,1.1052422523498535,0.8391549731240703,0.0018086135387420654,0.0,0.0,0.0
alpha4,7470,0,True,True,True,1.1464195251464844,1.0,0.0009522736072540283,0.0,0.0,0.0
alpha4,8556,0,True,True,True,1.0012948513031006,0.7412690426603424,0.0009168088436126709,0.0,0.0,0.0
alpha4,9208,0,True,True,True,1.4014387130737305,1.0,0.0016660988330841064,0.0,0.0,0.0
alpha4,4168,1,True,True,True,0.9425499439239502,1.0,0.0008222758769989014,0.0,0.0,0.0
alpha4,4763,1,True,True,True,1.224784016609192,1.0,0.0011349022388458252,0.0,0.0,0.0
alpha4,5216,1,True,True,True,1.004333734512329,0.9377878214595317,0.0012929141521453857,0.0,0.0,0.0
alpha4,6100,1,True,True,True,1.148611068725586,0.9443165514584391,0.001832813024520874,0.0,0.0,0.0
alpha4,5707,2,True,True,True,1.0436533689498901,1.0,0.0015552937984466553,0.0,0.0,0.0
alpha4,6651,2,True,True,True,0.7737610936164856,0.871179308469941,0.0009124577045440674,0.0,0.0,0.0
alpha4,7494,2,True,True,True,0.8336098194122314,1.0,0.0010627210140228271,0.0,0.0,0.0
alpha4,9244,2,True,True,True,0.7937071323394775,1.0,0.0014517009258270264,0.0,0.0,0.0
alpha4,3618,3,True,True,True,1.2034574747085571,1.0,0.0013801157474517822,0.0,0.0,0.0
alpha4,4776,3,True,True,True,1.1673023700714111,1.0,0.0010346472263336182,0.0,0.0,0.0
alpha4,5287,3,True,True,True,1.2475230693817139,1.0,0.001825779676437378,0.0,0.0,0.0
alpha4,5773,3,True,True,True,0.6881431341171265,0.7051440014155252,0.0009823739528656006,0.0,0.0,0.0
alpha4,5787,4,True,False,False,0.32789716124534607,0.2131445633660497,0.001212090253829956,0.0,0.0,0.0
alpha4,6249,4,True,False,False,0.44699668884277344,0.289945016320658,0.0018484890460968018,0.0,0.0,0.0
alpha4,7192,4,True,True,True,1.596245527267456,0.988364555606125,0.0017299354076385498,0.0,0.0,0.0
alpha4,7540,4,True,False,False,0.4100608825683594,0.2725756850704225,0.0014772117137908936,0.0,0.0,0.0
alpha4,4358,5,True,True,True,1.387728214263916,1.0,0.0013727247714996338,0.0,0.0,0.0
alpha4,4804,5,True,True,True,1.3786189556121826,0.9076451882230451,0.0015994012355804443,0.0,0.0,0.0
alpha4,5798,5,True,True,True,1.3326194286346436,0.9745291560507638,0.001173943281173706,0.0,0.0,0.0
alpha4,6255,5,True,False,False,0.4482118487358093,0.2906650400215161,0.0017428100109100342,0.0,0.0,0.0
alpha4,6775,6,True,True,True,0.8777809739112854,0.8940871832569214,0.0010920464992523193,0.0,0.0,0.0
alpha4,7280,6,False,True,True,0.665550947189331,0.6424310781729654,-0.012846134603023529,0.0,0.0,0.0
alpha4,7576,6,True,True,False,0.2734326422214508,0.21907335242452863,0.0010472238063812256,0.0,0.0,0.0
alpha4,8618,6,True,False,False,0.3838908076286316,0.3307772631592787,0.0012294948101043701,0.0,0.0,0.0
alpha4,5859,7,True,False,False,0.4086543917655945,0.28888001528989365,0.0013218820095062256,0.0,0.0,0.0
alpha4,6777,7,True,True,True,1.2736244201660156,0.9240697924238278,0.0011387765407562256,0.0,0.0,0.0
alpha4,7581,7,True,True,True,1.1165276765823364,0.9456475295332075,0.0008521974086761475,0.0,0.0,0.0
alpha4,8765,7,True,True,True,1.600059986114502,0.9778582532468204,0.0009094178676605225,0.0,0.0,0.0
alpha4,3225,8,True,False,False,0.5745821595191956,0.32040381582737293,0.0013124644756317139,0.0,0.0,0.0
alpha4,3822,8,True,False,False,0.48810523748397827,0.3171307396016452,0.001054137945175171,0.0,0.0,0.0
alpha4,4852,8,True,False,False,0.4312117099761963,0.25944606135042897,0.0015992224216461182,0.0,0.0,0.0
alpha4,5861,8,True,False,False,0.4186851382255554,0.301790774145252,0.0010612905025482178,0.0,0.0,0.0
alpha4,4469,9,True,False,False,0.45494991540908813,0.31911251954214787,0.0014302432537078857,0.0,0.0,0.0
alpha4,5496,9,True,True,True,1.4040693044662476,0.76167542652791,0.0013901293277740479,0.0,0.0,0.0
alpha4,5876,9,True,True,True,0.6382040977478027,0.37801831936170677,0.0009650886058807373,0.0,0.0,0.0
alpha4,6783,9,True,False,False,0.6070016622543335,0.39652167588397974,0.0012676417827606201,0.0,0.0,0.0
alpha4,3275,10,True,True,True,0.3530517816543579,0.3108381773014608,0.0008903443813323975,0.0,0.0,0.0
alpha4,4522,10,True,True,True,0.7295094728469849,0.45504903164025573,0.0011630356311798096,0.0,0.0,0.0
alpha4,5915,10,True,True,False,0.37466686964035034,0.3089209065148011,0.001444011926651001,0.0,0.0,0.0
alpha4,6447,10,True,True,False,0.48333969712257385,0.43306523192672,0.0008136928081512451,0.0,0.0,0.0
alpha4,3893,11,True,False,False,0.5991244316101074,0.40323216678780377,0.001070648431777954,0.0,0.0,0.0
alpha4,5606,11,True,False,False,0.520127534866333,0.3467084302715042,0.0016353428363800049,0.0,0.0,0.0
alpha4,5939,11,True,False,False,0.48889896273612976,0.31466665648770387,0.0009019076824188232,0.0,0.0,0.0
alpha4,7344,11,True,False,False,0.3025861382484436,0.21177420587483423,0.0008489787578582764,0.0,0.0,0.0
alpha4,3982,12,True,False,False,0.551376461982727,0.35873899077534493,0.0009681284427642822,0.0,0.0,0.0
alpha4,4955,12,True,False,False,0.7784247398376465,0.4205338014532274,0.0015371739864349365,0.0,0.0,0.0
alpha4,5973,12,True,False,False,0.6705577373504639,0.3932629194551693,0.0017577707767486572,0.0,0.0,0.0
alpha4,6523,12,True,False,False,0.6199823021888733,0.3199834236800808,0.0013003647327423096,0.0,0.0,0.0
alpha4,5975,13,True,False,False,0.5603840351104736,0.3462596149015819,0.0013765990734100342,0.0,0.0,0.0
alpha4,6537,13,True,False,False,0.8314164876937866,0.5054133675317953,0.0008251368999481201,0.0,0.0,0.0
alpha4,7701,13,True,True,False,0.5956752300262451,0.4029003358090056,0.0013665854930877686,0.0,0.0,0.0
alpha4,11441,13,True,False,False,0.6769055724143982,0.36082250413799555,0.0018079578876495361,0.0,2.384185791015625e-07,0.0
alpha4,8503,14,True,True,True,0.7942707538604736,0.581883179643635,0.0010059475898742676,0.0,0.0,0.0
alpha4,9641,14,False,True,True,1.3925080299377441,0.8813246634411095,0.0011114776134490967,420.1051025390625,0.0,0.0
alpha4,10148,14,True,False,False,0.78876131772995,0.49502547470485253,0.0016020238399505615,0.0,0.0,0.0
alpha4,12767,14,True,False,False,0.6445220708847046,0.42009233783963335,0.0015310347080230713,0.0,0.0,0.0
alpha4,5646,15,True,False,False,0.3837258815765381,0.24509733153758673,0.001451939344406128,0.0,0.0,0.0
alpha4,7390,15,True,True,True,1.206902265548706,0.791138234043599,0.001382976770401001,0.0,0.0,0.0
alpha4,8555,15,True,True,True,1.4663505554199219,0.8382028911043703,0.001709669828414917,0.0,0.0,0.0
alpha4,9088,15,True,True,True,1.3246252536773682,0.7843078878133364,0.0016452968120574951,0.0,0.0,0.0
quant5,1284,0,True,True,True,1.1609892845153809,0.9952043804556175,0.001524120569229126,0.0,0.0,0.0
quant5,2419,0,True,True,True,1.2544058561325073,1.0,0.0010471045970916748,0.0,0.0,0.0
quant5,5188,0,True,True,True,1.350819706916809,0.9975044556061764,0.0008659660816192627,0.0,0.0,0.0
quant5,6092,0,True,True,True,1.2369492053985596,1.0,0.001277536153793335,0.0,0.0,0.0
quant5,1288,1,True,True,True,0.8352281451225281,0.7882112915203292,0.0013785064220428467,0.0,0.0,0.0
quant5,1779,1,True,True,True,1.136068344116211,1.0,0.0017165839672088623,0.0,0.0,0.0
quant5,2435,1,True,True,True,0.9770407676696777,0.8532285586298644,0.0009553134441375732,0.0,0.0,0.0
quant5,3541,1,False,True,True,1.1078624725341797,1.0,0.0012585818767547607,1028.3719482421875,0.0,0.0
quant5,1793,2,False,True,True,0.8493065237998962,1.0,0.0009098947048187256,5745.89501953125,0.0,0.0
quant5,3033,2,True,True,True,0.8534237146377563,1.0,0.0017161071300506592,0.0,0.0,0.0
quant5,4304,2,True,True,True,0.89438396692276,1.0,0.0015741288661956787,0.0,0.0,0.0
quant5,5259,2,True,True,True,0.8423379063606262,0.9262504699388568,0.001344054937362671,0.0,0.0,0.0
quant5,607,3,True,True,True,0.8921453952789307,0.7878888116613125,0.0006766915321350098,0.0,0.0,0.0
quant5,1377,3,True,True,True,1.3630517721176147,1.0,0.0013693273067474365,0.0,0.0,0.0
quant5,1830,3,True,True,True,1.086928129196167,0.971845535867886,0.001703113317489624,0.0,0.0,0.0
quant5,2487,3,True,True,True,0.9292111396789551,0.862166136577688,0.0013470351696014404,0.0,0.0,0.0
quant5,1834,4,True,True,True,1.6719045639038086,1.0023572091706887,0.0008175671100616455,0.0,0.0,0.0
quant5,2520,4,True,True,True,1.498881459236145,0.8660766875093548,0.0013078749179840088,0.0,0.0,0.0
quant5,3078,4,True,True,True,1.349107265472412,0.7185011214187975,0.0017251670360565186,0.0,0.0,0.0
quant5,4320,4,True,True,True,1.1536049842834473,0.8890786395538813,0.001759260892868042,0.0,0.0,0.0
quant5,720,5,True,True,True,1.4999960660934448,1.0,0.0014654099941253662,0.0,0.0,0.0
quant5,1458,5,True,True,True,1.2906980514526367,0.8770613411379595,0.001194685697555542,0.0,0.0,0.0
quant5,1887,5,False,True,True,0.9299505352973938,0.7659979469933881,-0.01960115134716034,307.50933837890625,0.0,0.0
quant5,3643,5,True,True,True,1.393496036529541,0.8885872915700948,0.0012242496013641357,0.0,0.0,0.0
quant5,229,6,True,True,True,1.0411405563354492,0.9054582720577754,0.0016694962978363037,0.0,0.0,0.0
quant5,1966,6,True,True,True,0.9595158696174622,1.0,0.0009476840496063232,0.0,0.0,0.0
quant5,2592,6,True,True,True,0.6724337339401245,0.6235960534060201,0.0005760043859481812,0.0,0.0,0.0
quant5,4823,6,True,True,True,0.9835759401321411,1.0,0.0012222230434417725,0.0,0.0,0.0
quant5,2049,7,True,True,True,1.2327861785888672,0.8171083462487688,0.0009678900241851807,0.0,0.0,0.0
quant5,3209,7,True,True,True,1.0621882677078247,0.710403244375474,0.000860065221786499,0.0,0.0,0.0
quant5,4408,7,True,True,True,1.248780608177185,0.8264939136049545,0.0013616383075714111,0.0,0.0,0.0
quant5,4830,7,True,True,True,1.4730647802352905,0.9982358549911255,0.0011685192584991455,0.0,0.0,0.0
quant5,270,8,True,True,True,1.0906329154968262,0.7211699660575523,0.0018121302127838135,0.0,0.0,0.0
quant5,1518,8,True,True,True,1.2375600337982178,0.7757932383008215,0.0011699497699737549,0.0,0.0,0.0
quant5,2141,8,True,True,True,1.5302984714508057,0.8826477216275636,0.0010837018489837646,0.0,0.0,0.0
quant5,2624,8,True,True,True,1.4445390701293945,0.8220230536289929,0.0012271106243133545,0.0,0.0,0.0
quant5,804,9,True,True,True,1.4447972774505615,0.9207433019967481,0.0011878907680511475,0.0,0.0,0.0
quant5,2171,9,True,True,True,1.3881844282150269,0.8462260288516361,0.0016030967235565186,0.0,0.0,0.0
quant5,3254,9,True,True,True,0.91790372133255,0.5823942461379369,0.00085410475730896,0.0,0.0,0.0
quant5,3858,9,True,True,True,1.3469326496124268,0.8940312959101487,0.0010384023189544678,0.0,0.0,0.0
quant5,339,10,True,True,True,1.0968780517578125,0.9746658155769335,0.0009517371654510498,0.0,0.0,0.0
quant5,1543,10,True,True,True,1.2457221746444702,0.9789079808933612,0.0011419951915740967,0.0,0.0,0.0
quant5,2172,10,True,True,True,1.0680103302001953,0.9432921497433856,0.0009508430957794189,0.0,0.0,0.0
quant5,2656,10,False,True,True,1.3676540851593018,0.9454911933948957,-0.006908997893333435,0.0,0.0,0.0
quant5,340,11,True,True,True,1.447078824043274,0.8752338419586702,0.0011186301708221436,0.0,0.0,0.0
quant5,1591,11,True,True,True,0.989488959312439,0.651608214323592,0.0009085237979888916,0.0,0.0,0.0
quant5,2174,11,True,True,True,1.5420148372650146,0.8934199216423,0.0015446841716766357,0.0,0.0,0.0
quant5,3311,11,True,True,True,1.3077385425567627,0.8858379857547001,0.0010559260845184326,0.0,0.0,0.0
quant5,345,12,True,True,True,1.6226816177368164,0.8502620051058046,0.0018107593059539795,0.0,0.0,0.0
quant5,1616,12,False,True,True,1.2476848363876343,0.6766600196746138,-0.01101180911064148,0.0,0.0,0.0
quant5,2181,12,True,True,True,1.7365895509719849,0.9215843166102711,0.0008601844310760498,0.0,0.0,0.0
quant5,3331,12,True,True,True,1.473649024963379,0.923701781967517,0.001552969217300415,0.0,0.0,0.0
quant5,375,13,True,True,True,1.3138704299926758,0.7779671052130046,0.0008696019649505615,0.0,0.0,0.0
quant5,1069,13,True,True,True,1.3717319965362549,0.8982664051239393,0.001662522554397583,0.0,0.0,0.0
quant5,4035,13,True,True,True,1.288264274597168,0.8133501872736695,0.0011271536350250244,0.0,0.0,0.0
quant5,5628,13,True,True,True,0.9589287638664246,0.6774950426437077,0.0013197362422943115,0.0,0.0,0.0
quant5,399,14,True,True,True,1.3747438192367554,0.8036967639673152,0.0017546117305755615,0.0,0.0,0.0
quant5,2221,14,True,True,True,1.2934458255767822,0.9690082334634131,0.0008744895458221436,0.0,0.0,0.0
quant5,5111,14,True,True,True,1.171158790588379,0.9050866900999591,0.0010760724544525146,0.0,0.0,0.0
quant5,7385,14,True,True,True,1.088372826576233,0.8318049753782099,0.0014062225818634033,0.0,0.0,0.0
quant5,1212,15,True,True,True,1.2368762493133545,0.7848306531805034,0.0013488829135894775,0.0,0.0,0.0
quant5,2387,15,True,True,True,1.1631088256835938,0.8230355309652772,0.0011991560459136963,0.0,0.0,0.0
quant5,2932,15,True,True,True,1.1411844491958618,0.7233188338856542,0.0012145936489105225,0.0,0.0,0.0
quant5,4082,15,True,True,True,1.2186297178268433,0.6420624141570438,0.0015583336353302002,0.0,0.0,0.0
quant5,6596,0,True,True,True,1.1052422523498535,0.8391549731240703,0.0018086135387420654,0.0,0.0,0.0
quant5,7470,0,True,True,True,1.1464195251464844,1.0,0.0009522736072540283,0.0,0.0,0.0
quant5,8556,0,True,True,True,1.3219271898269653,0.978636513704679,0.0009168088436126709,0.0,0.0,0.0
quant5,9208,0,True,True,True,1.4014387130737305,1.0,0.0016660988330841064,0.0,0.0,0.0
quant5,4168,1,True,True,True,0.9425499439239502,1.0,0.0008222758769989014,0.0,0.0,0.0
quant5,4763,1,True,True,True,1.224784016609192,1.0,0.0011349022388458252,0.0,0.0,0.0
quant5,5216,1,True,True,True,1.0288052558898926,0.9606378900491415,0.0012929141521453857,0.0,0.0,0.0
quant5,6100,1,True,True,True,1.148611068725586,0.9443165514584391,0.001832813024520874,0.0,0.0,0.0
quant5,5707,2,True,True,True,1.0436533689498901,1.0,0.0015552937984466553,0.0,0.0,0.0
quant5,6651,2,True,True,True,0.8702952265739441,0.9798673000056171,0.0009084641933441162,0.0,0.0,0.0
quant5,7494,2,True,True,True,0.8336098194122314,1.0,0.0010627210140228271,0.0,0.0,0.0
quant5,9244,2,True,True,True,0.7937071323394775,1.0,0.0014517009258270264,0.0,0.0,0.0
quant5,3618,3,True,True,True,1.2034574747085571,1.0,0.0013801157474517822,0.0,0.0,0.0
quant5,4776,3,True,True,True,1.1673023700714111,1.0,0.0010346472263336182,0.0,0.0,0.0
quant5,5287,3,True,True,True,1.2475230693817139,1.0,0.001825779676437378,0.0,0.0,0.0
quant5,5773,3,True,True,True,0.9437431693077087,0.9670587436260595,0.0009823739528656006,0.0,0.0,0.0
quant5,5787,4,True,True,True,1.3793026208877563,0.8965946937820325,0.001212090253829956,0.0,0.0,0.0
quant5,6249,4,True,True,True,1.4104636907577515,0.9148992107641724,0.0018465220928192139,0.0,0.0,0.0
quant5,7192,4,True,True,True,1.596245527267456,0.988364555606125,0.0017299354076385498,0.0,0.0,0.0
quant5,7540,4,True,True,True,1.344956874847412,0.8940197837344146,0.0014772117137908936,0.0,0.0,0.0
quant5,4358,5,True,True,True,1.387728214263916,1.0,0.0013727247714996338,0.0,0.0,0.0
quant5,4804,5,True,True,True,1.5177559852600098,0.9992492206131401,0.0015994012355804443,0.0,0.0,0.0
quant5,5798,5,True,True,True,1.3326194286346436,0.9745291560507638,0.001173943281173706,0.0,0.0,0.0
quant5,6255,5,True,True,True,1.3715040683746338,0.8894193360755204,0.001693814992904663,0.0,0.0,0.0
quant5,6775,6,True,True,True,0.9476697444915771,0.9652742514283689,0.001096099615097046,0.0,0.0,0.0
quant5,7280,6,False,True,True,0.665550947189331,0.6424310781729654,-0.012846134603023529,0.0,0.0,0.0
quant5,7576,6,True,True,True,1.2022415399551392,0.963232050285685,0.0009678304195404053,0.0,0.0,0.0
quant5,8618,6,True,True,True,0.8733749389648438,0.7525383944649232,0.0012247264385223389,0.0,0.0,0.0
quant5,5859,7,False,True,True,1.261297583580017,0.8916181315352203,0.0013283193111419678,493.817138671875,0.0,0.0
quant5,6777,7,True,True,True,1.2736244201660156,0.9240697924238278,0.0011387765407562256,0.0,0.0,0.0
quant5,7581,7,True,True,True,1.1165276765823364,0.9456475295332075,0.0008521974086761475,0.0,0.0,0.0
quant5,8765,7,True,True,True,1.600059986114502,0.9778582532468204,0.0009094178676605225,0.0,0.0,0.0
quant5,3225,8,True,True,True,1.649722695350647,0.9199336211372698,0.0013124644756317139,0.0,0.0,0.0
quant5,3822,8,True,True,True,1.2658429145812988,0.8224408772787373,0.000977843999862671,0.0,0.0,0.0
quant5,4852,8,True,True,True,1.344905972480774,0.809186182504336,0.0016041696071624756,0.0,0.0,0.0
quant5,5861,8,True,True,True,1.0346882343292236,0.7458095230239076,0.0010469257831573486,0.0,0.0,0.0
quant5,4469,9,True,True,True,1.2945863008499146,0.908053133403688,0.0013360679149627686,0.0,0.0,0.0
quant5,5496,9,True,True,True,1.4254968166351318,0.7732993609154446,0.0013907253742218018,0.0,0.0,0.0
quant5,5876,9,True,True,True,0.9591500759124756,0.5681196673471779,0.0009690225124359131,0.0,0.0,0.0
quant5,6783,9,True,True,True,1.385241985321045,0.9049043975998282,0.0012645423412322998,0.0,0.0,0.0
quant5,3275,10,True,True,True,1.0222852230072021,0.9000528871792305,0.0008764564990997314,0.0,0.0,0.0
quant5,4522,10,True,True,True,1.5189505815505981,0.9474818586611856,0.0011630356311798096,0.0,0.0,0.0
quant5,5915,10,True,True,True,1.087206482887268,0.8964251698707774,0.001444011926651001,0.0,0.0,0.0
quant5,6447,10,False,True,True,0.5732024312019348,0.5135809148042604,-0.0010568350553512573,0.0,0.0,0.0
quant5,3893,11,True,True,True,1.0621671676635742,0.7148764862698381,0.0010806024074554443,0.0,0.0,0.0
quant5,5606,11,True,True,True,1.2116669416427612,0.8076771852826362,0.0016035139560699463,0.0,0.0,0.0
quant5,5939,11,False,True,True,1.3087409734725952,0.8423358970253157,-0.006230279803276062,0.0,0.0,0.0
quant5,7344,11,True,True,True,1.1267433166503906,0.7885859295791475,0.0007834136486053467,0.0,0.0,0.0
quant5,3982,12,False,True,True,1.3028603792190552,0.847672778561354,0.0009681284427642822,1249.6556396484375,0.0,0.0
quant5,4955,12,True,True,True,1.3233171701431274,0.71490482201874,0.001540452241897583,0.0,0.0,0.0
quant5,5973,12,True,True,True,1.4648120403289795,0.8590703340610094,0.0017577707767486572,0.0,0.0,0.0
quant5,6523,12,True,True,True,1.3347781896591187,0.688901753280225,0.0013024508953094482,0.0,0.0,0.0
quant5,5975,13,True,True,True,1.185697317123413,0.7326388167643901,0.0013616383075714111,0.0,0.0,0.0
quant5,6537,13,True,True,True,1.109670877456665,0.6745626329627171,0.0008148849010467529,0.0,0.0,0.0
quant5,7701,13,False,True,True,1.2412225008010864,0.8395329152169342,0.0013665854930877686,998.7305908203125,0.0,0.0
quant5,11441,13,True,True,True,1.3822168111801147,0.7367865643249882,0.0017836987972259521,0.0,2.384185791015625e-07,0.0
quant5,8503,14,True,True,True,0.7942707538604736,0.581883179643635,0.0010059475898742676,0.0,0.0,0.0
quant5,9641,14,False,True,True,1.3925080299377441,0.8813246634411095,0.0011114776134490967,420.1051025390625,0.0,0.0
quant5,10148,14,True,True,True,1.3446669578552246,0.8439110592389759,0.0016020238399505615,0.0,0.0,0.0
quant5,12767,14,True,True,True,1.2515809535980225,0.8157665851083089,0.0015310347080230713,0.0,0.0,0.0
quant5,5646,15,True,True,True,1.061972975730896,0.6783142733226246,0.0014361441135406494,0.0,0.0,0.0
quant5,7390,15,True,True,True,1.206902265548706,0.791138234043599,0.001382976770401001,0.0,0.0,0.0
quant5,8555,15,True,True,True,1.4663505554199219,0.8382028911043703,0.001709669828414917,0.0,0.0,0.0
quant5,9088,15,True,True,True,1.4069302082061768,0.8330404820801713,0.0016452968120574951,0.0,0.0,0.0
