method,cell,inputs,safety_pass,causal_all4,mean_path_ratio
raw,0,8,7,8,1.0
raw,1,8,6,8,1.0
raw,2,8,7,8,1.0
raw,3,8,7,8,1.0
raw,4,8,7,8,1.0
raw,5,8,7,8,1.0
raw,6,8,5,8,1.0
raw,7,8,6,8,1.0
raw,8,8,7,8,1.0
raw,9,8,7,8,1.0
raw,10,8,6,8,1.0
raw,11,8,4,8,1.0
raw,12,8,6,8,1.0
raw,13,8,5,8,1.0
raw,14,8,6,8,1.0
raw,15,8,8,8,1.0
hold,0,8,8,0,1.350887460507624e-08
hold,1,8,8,0,0.0
hold,2,8,8,0,3.123901844371642e-09
hold,3,8,8,0,7.0780800766748266e-09
hold,4,8,8,0,0.23255973980066824
hold,5,8,8,0,0.21231351104667487
hold,6,8,8,0,0.27227204950244627
hold,7,8,8,0,0.21592523311107525
hold,8,8,8,0,0.296042929199525
hold,9,8,8,0,0.3606243780714433
hold,10,8,8,0,0.3386206145711042
hold,11,8,8,0,0.2987637881380868
hold,12,8,8,0,0.3592994620234313
hold,13,8,8,0,0.3949806663708164
hold,14,8,8,0,0.4447881624346035
hold,15,8,8,0,0.3598360472066836
alpha4,0,8,8,8,0.9466416064807759
alpha4,1,8,7,8,0.9068269341259467
alpha4,2,8,7,8,0.9622258751270512
alpha4,3,8,8,8,0.9024808857503795
alpha4,4,8,8,3,0.44891307033040995
alpha4,5,8,7,5,0.6602657950843696
alpha4,6,8,7,5,0.6559460824931899
alpha4,7,8,8,4,0.5466249493052353
alpha4,8,8,8,1,0.2983327347527409
alpha4,9,8,8,2,0.40069641578888315
alpha4,10,8,8,5,0.4119439828607157
alpha4,11,8,8,1,0.342051761285856
alpha4,12,8,8,1,0.42165838715599546
alpha4,13,8,8,1,0.4490405282778882
alpha4,14,8,7,3,0.5539277754112719
alpha4,15,8,8,3,0.5175258567853759
quant5,0,8,8,8,0.976312540361318
quant5,1,8,7,8,0.9432992864572218
quant5,2,8,7,8,0.9882647212430593
quant5,3,8,8,8,0.9486199034666183
quant5,4,8,8,8,0.8962364876924334
quant5,5,8,7,8,0.9243555365551084
quant5,6,8,7,8,0.8565662624769672
quant5,7,8,7,8,0.8864293832449248
quant5,8,8,8,8,0.8123755229448977
quant5,9,8,8,8,0.7997214290203261
quant5,10,8,6,8,0.8874872462655037
quant5,11,8,7,8,0.8074469327295251
quant5,12,8,6,8,0.8103447264099419
quant5,13,8,7,8,0.7688249586904188
quant5,14,8,7,8,0.8290602687926159
quant5,15,8,8,8,0.7642429140924054
