microstep,q_max_rad,q_p95_rad,qd_max_rad_s,qd_p95_rad_s
0,0.07653596053671828,0.01537314075015328,10.587603641144398,1.35498781978887
1,0.08840000314196142,0.022332291274095115,4.101830034742185,0.7587295875205731
2,0.04870805713722259,0.0063885169777895415,5.199692309066967,0.6760427416554237
3,0.0596718653758499,0.010885476101700146,6.723908835827168,0.5582902265574339
4,0.0332449353371409,0.004973894672344716,7.145898227097107,0.6024266543638064
5,0.068975264089012,0.009196423923069269,5.80433108132323,0.48826220169582624
6,0.02625537265356659,0.0044301275527065635,3.227535377977479,0.5179439240474559
7,0.06935897786771594,0.008675098976287097,6.350104941628386,0.4831925107495296
8,0.033697004412160336,0.004225748648266524,5.766348022006982,0.5008939612840885
9,0.1264656472620178,0.008355411126539583,6.1982199896210295,0.4572428339033682
10,0.06022963327783326,0.004331866739131665,6.221439571000347,0.4547873707526719
11,0.1104708829373465,0.008230613773992387,6.2737809277984145,0.42429054738948074
12,0.040814466567813124,0.0048119974674788865,4.942498279199965,0.5639269264503077
13,0.07688735309812889,0.008461501209715184,6.67959644104298,0.4842099597705197
14,0.028564390432416868,0.004785599314448444,14.987818168618034,0.5549545195414157
15,0.07572485486063107,0.008735573297304018,8.768005197817477,0.48862988579582
16,0.041728332668989454,0.004150144256590079,10.585724834009048,0.5418341847600883
17,0.07714852706366576,0.00798797967243295,6.146888849672897,0.47330108868971976
18,0.024550438013722364,0.004791808254804749,4.588517281953721,0.556040251801942
19,0.07287440216214858,0.008441230104144345,6.043782425357199,0.47198282278902115
20,0.023551301726096874,0.004244015429348569,5.170781926358301,0.5300379326308226
21,0.07282836580821872,0.007793075776468148,6.448397781991958,0.4780367434469043
22,0.02330343521082412,0.004110491598596155,5.903337374402993,0.5381018343185553
23,0.07209582265287384,0.007966851745691533,6.345893318927131,0.4732120016571242
24,0.02038512883599619,0.003919101083649698,5.41964403697339,0.5016843119953427
25,0.05901569933422213,0.007075137706747912,7.556648216025573,0.44181486844248286
26,0.04188491863066818,0.0038934724091874884,6.424671238217084,0.5286077685463308
27,0.059543351793217125,0.007211172173257609,8.442119279574607,0.4829568171368086
28,0.023877906392192748,0.0045708611208060195,9.540856423201161,0.5912579354558167
29,0.06597156420574812,0.007822529033784765,7.864283467102862,0.4769008834360809
30,0.023448723216267897,0.004421932836369613,6.6317373892890785,0.5613418368444052
31,0.05940732395456538,0.008158010808036048,6.408823635940638,0.45628827535244826
32,0.020122897753294344,0.004749210978418863,6.750441057821101,0.5856675530995492
33,0.058501865502219585,0.008635477662764908,7.226845164559934,0.4661355938686901
34,0.018386392842427934,0.004431602894991769,7.149976169169129,0.584809006516997
35,0.05812386629422628,0.00824465300431535,6.8564502209246445,0.47177125602486086
36,0.018512165069997755,0.0045061410061335745,6.7244526670012394,0.5090549800373564
37,0.05786829942830485,0.008322405760875659,6.787840119982598,0.4539954253357944
38,0.018857702680264543,0.0042173845498276845,6.926770409417598,0.4906434844215047
39,0.057716122105736956,0.007735704181091371,6.912759654082617,0.43413716173205
40,0.1002958482125833,0.004076892605534703,8.770654145184103,0.49408868993048527
41,0.16366189427545152,0.007538215958424252,6.795359357902118,0.4565647654069758
42,0.08149803642004855,0.00414491152803026,6.878762419719159,0.5172888238261146
43,0.15301910133313884,0.007694382194407765,6.894191955976619,0.4626801287428543
44,0.036827190752879324,0.004544790738662584,6.862953604199522,0.5619700657259107
45,0.08192259875227359,0.008438294721718958,8.04090206983556,0.4618948342479421
46,0.019429002718408306,0.004205440330822736,6.8610528005454965,0.5532113745167277
47,0.05777526000063782,0.00810000814305864,6.871541959185035,0.45000619358753835
48,0.019177894667448125,0.004284933499199222,6.883808041679437,0.534578662045345
49,0.06267723372792267,0.00801660956562518,6.8476715884998,0.41704767051273783
50,0.019049678647314217,0.003999310168239441,6.859104642225751,0.49089880889359266
51,0.062087138844415524,0.007483982935248596,6.862084494616853,0.39991512476130847
52,0.018934167711355032,0.0037267405176133568,6.8850573826720805,0.4792618562240723
53,0.0649666783752001,0.006996176434050097,6.859756078691851,0.42216975790864436
54,0.020022910945459937,0.003531305313563215,6.859336434319667,0.4763038044267588
55,0.06737408187316474,0.006875573877012019,6.86654254640957,0.41465458337476413
56,0.020943220913513194,0.0038473491656237464,6.877701069735787,0.5062611887326587
57,0.06923261676128956,0.007388022016337201,6.85792133774844,0.46451104328962495
58,0.023213210193457012,0.003966361745639577,6.873820692172915,0.5046507990748025
59,0.07187115769641261,0.007324620774065259,6.857997089142539,0.4194535370811908
60,0.02076291042109979,0.004150807060893019,6.874745005968569,0.5089045448863609
61,0.0693071735117563,0.007328280769623,6.862818847907292,0.4013126434570271
62,0.021678026282204055,0.003944766741093524,6.871089657825014,0.47472915570865154
63,0.07083490870704523,0.00715477290453234,6.858054896400976,0.38562471008973515
64,0.022072031638728618,0.004068303460009829,6.880657132392908,0.47761005821521085
65,0.07163752723251315,0.007623294626584888,6.855296903072757,0.43210225081647197
66,0.022328205574819737,0.004051087736503429,6.87430817055403,0.4749930589698278
67,0.07212425544389856,0.007494597198178279,6.860090860518216,0.4065308225219648
68,0.022095627599797663,0.004154652457010254,6.87372626406553,0.5105822310751515
69,0.07228857973573533,0.007662470868367302,6.8506180243364065,0.43833145209572694
70,0.02246871895469882,0.004008481052534915,6.882637753128858,0.5024290059816752
71,0.07225637262672135,0.007766927733624349,6.860629814361939,0.46738776163233997
72,0.02153744889906184,0.004080744115314573,6.865279820277427,0.4975446244356643
73,0.07053376887253116,0.0077828388605397335,6.8622218156228305,0.4374318267309565
74,0.020682829995168905,0.0040071583680882485,6.875469188408011,0.5045008295041781
75,0.06885776860119774,0.007498913672918884,6.852677527761352,0.4456890804374118
76,0.01959258499038241,0.004142013868981871,6.871048931531407,0.5043437726581077
77,0.06744343599674707,0.007214207859179231,6.865789657946537,0.4231203680930836
78,0.019510567227729814,0.004011019472072789,6.86894864547205,0.4975599232857323
79,0.06709149406666448,0.007395124853069701,6.849611692882387,0.4508239085007274
80,0.019339591459288874,0.004270478139716408,6.882665223517917,0.5051851679385452
81,0.06644050110686184,0.007909928394242363,6.855439952954032,0.47544659934620553
82,0.018785590380100636,0.004245694378583256,6.872390175704572,0.5546380785843646
83,0.06585390031584426,0.007923586612508055,6.8515335798306,0.48672999348458745
84,0.01912456334724455,0.004312816968557328,6.87557190697405,0.5727532826585463
85,0.06542435048323281,0.008240679492681804,6.865492521418338,0.4877040244028743
86,0.01937992874643535,0.004174345717752425,6.870210745160541,0.5631071088929577
87,0.06455208961437942,0.007954453866362367,6.848247704314886,0.47401001283995314
88,0.020315123379858857,0.00412520899073696,6.878025913414476,0.5243330591130123
89,0.06728926331266427,0.007577304218356576,6.8588819586428915,0.4614109483620266
90,0.019789813493555908,0.003933612158530415,6.872010918146856,0.5220183828350603
91,0.06723843482101444,0.007541620024811896,6.854328813135885,0.46269946763141173
92,0.019937260805720225,0.004322006595881873,6.874176923193766,0.5492320008857164
93,0.06808789642611535,0.00793991461432032,6.855316417807968,0.4595353762131106
94,0.019396464541519,0.004165128296452509,6.8734429511465684,0.5234081726879011
95,0.06479757874148095,0.007766487990097869,6.855623543123251,0.4293779959022979
96,0.020440793268420743,0.004142112576843909,6.872495055984529,0.5046697386070242
97,0.06626538925033643,0.007502442738119319,6.857394902209271,0.42490988531806323
98,0.019954436201388592,0.004049613615481718,6.87298047905936,0.5036655827156694
99,0.06686370315452583,0.007536822286196435,6.861855811066447,0.4430772337355883
100,0.019820276694782812,0.004164628955673405,6.86789453208222,0.5538181226549614
101,0.06705743360295946,0.007735747412197628,6.8557615154555585,0.44752861339767463
102,0.019812608255898034,0.003943986873215055,6.8719689895662865,0.5225311302270965
103,0.06713180404061392,0.007574539626447755,6.85802446094894,0.43665664510114244
104,0.0199802145071577,0.0038164750519209274,6.876258978793785,0.47762581852320607
105,0.06715102220507196,0.007408689244588675,6.8540293808936745,0.43185820143889425
106,0.02014141048579754,0.004164075439879146,6.870418300956526,0.517134264534057
107,0.0671595036172481,0.007808125530406197,6.857646381341664,0.452541817691032
108,0.02024966299281994,0.004274889093541645,6.877205825207496,0.5076164831916021
109,0.0671572353123655,0.007567905350198397,6.854221633577659,0.46562377330825694
110,0.02015375753424342,0.003987506351027949,6.869729872976153,0.5201952512776163
111,0.06716422098374863,0.007545413275430771,6.857339060414315,0.4575448279438814
112,0.020061458455455705,0.004053871289826226,6.874038113219104,0.5075468554644533
113,0.06716416718996232,0.007658694746112705,6.860894001945208,0.41686369463676576
114,0.020026716816037293,0.0041641989919633795,6.8694042197187795,0.48169306939727385
115,0.06715846204838316,0.007685041325945702,6.856244928860905,0.4176357162238516
116,0.02004814457200088,0.004141291280646319,6.877394212521524,0.5028029010200568
117,0.0671620188310964,0.0077915092709123545,6.854652221738995,0.44330382550207836
118,0.020049304995054973,0.004146794454925181,6.864883634651293,0.5268075977277747
119,0.06715565761970677,0.0077763363501664,6.859881927822029,0.4598520695589856
120,0.019999699455774733,0.00404557182025701,6.879685313379651,0.49325549595010065
121,0.06715842204181843,0.007605770755540126,6.855800916656573,0.43012550607703887
122,0.02098184927879565,0.0038168106793701993,6.870853909921131,0.5067204133526376
123,0.06716215148674465,0.00742953774228205,6.850587013539395,0.45069249375004705
124,0.020125100596365186,0.0040512061763205865,6.874992695665844,0.5397593785253524
125,0.06715749884516686,0.007983222755327936,6.861116737800591,0.43155882095624837
126,0.020062798299721907,0.004519553624564062,6.871287573491905,0.5578531800345067
127,0.06715946444916199,0.008393140591862573,6.852901722187088,0.46315652778516914
128,0.028023151123626404,0.004267102326143129,6.874688392820176,0.5554943914946624
129,0.06717516690619041,0.00782867702948185,6.85685126146867,0.4765682851021618
130,0.02005371472170392,0.004142755511346612,6.873657717497657,0.5765750431546894
131,0.06716017596454682,0.007626756864442886,6.8564753495755575,0.47515457599842637
132,0.020044208024793786,0.004144806573400338,6.876971653750585,0.516686969213655
133,0.06716155005397528,0.007623148823103044,6.853812763131575,0.45518641696487666
134,0.02001605491161862,0.003981518782733294,6.8704953999264715,0.5021995988806808
135,0.06716042682831125,0.007114377512810544,6.854459397368356,0.4580313535392514
136,0.02008931846894013,0.0036641862905619675,6.876050935313121,0.5093469210282182
137,0.06716568254386823,0.006882151484398703,6.858733520250912,0.44856113926876956
138,0.020070169665532767,0.003580071106169385,6.8741254105191025,0.5206920894809712
139,0.06716412933069105,0.006954023799893349,6.854678848063255,0.47666411572801903
140,0.020063674276666,0.0039586826507205545,6.8728568635375265,0.5236359902285987
141,0.0671647601590113,0.007585132288857356,6.84966078672944,0.4497458835147398
142,0.02006729395086304,0.004380238220975166,6.8790079424792285,0.529730600705289
143,0.06717880404494414,0.008014322991312346,6.855938003626771,0.4609614980958966
144,0.020044393504981883,0.003969773770701829,6.872212127379884,0.5501449319082599
145,0.06716329574202584,0.007686510912472432,8.306456367433029,0.4729751096112301
146,0.10726704038767779,0.003987113937845804,24.892687232992436,0.5549602850716475
147,0.16267498330800137,0.007554988225867761,6.853746380043578,0.4543749252717167
148,0.09149437872285973,0.00366668926004807,7.207346054962198,0.4777747132822331
149,0.17539465229544815,0.007084086811619241,7.56560216677891,0.45152546035374413
150,0.09665308827781077,0.0037647585519238135,8.046198029198674,0.5021861183006688
151,0.18097867151568336,0.007603031265708073,7.2027349751562415,0.456479212450328
152,0.10480323171038919,0.004053715931589414,8.841698261316496,0.5252071091539422
153,0.19354775287120568,0.0076067141733007545,8.989958005100856,0.4801559908183083
154,0.09917350024386748,0.004292830438016729,10.61198902584631,0.5632416706376476
155,0.17970997081447992,0.008333673789083985,7.131052071992881,0.4895568183339421
156,0.0472734253416847,0.004337252416912104,7.8532038170663965,0.5452229416245854
157,0.11367707236715496,0.008006069112679341,6.858067909040462,0.47340568512298087
158,0.07583211045335425,0.004180021440786229,6.868556586336808,0.5326151531793423
159,0.1434511931807556,0.007719532516720581,6.8567311784758065,0.47630449522905366
160,0.0714483157171184,0.004056254844987357,6.87341421006384,0.5248523795714259
161,0.13119664533914654,0.00779504425733559,6.85733408200559,0.46650435068822693
162,0.12878997732720032,0.00398161184196031,6.909265349299414,0.5248583612275086
163,0.14180228210971535,0.007651580786062398,6.853118382518638,0.45152819049448645
164,0.1026400820448572,0.004181751046239383,6.8710358286335556,0.530831127446951
165,0.12089638687766502,0.007954474073160715,6.853898780972254,0.4533058861154469
166,0.09048323991591134,0.004099082518380453,6.874251760389523,0.5213100355756954
167,0.15406949350010335,0.007747968324184312,6.864274968450671,0.47915153531120286
168,0.047589029072443445,0.004075344235628019,6.872242172148039,0.5259312270242434
169,0.10349102830334334,0.007630307211653631,6.850031257944616,0.46482480802875353
170,0.06919884070243854,0.0040410219039893145,6.950627693994925,0.5286213857231605
171,0.12943711815943493,0.007656265508662319,6.857405496335517,0.46859128980320236
172,0.06443491603785811,0.004118471893171992,6.873431876995544,0.5022905560651821
173,0.1226351440683624,0.0076050681541085345,6.859890293621772,0.46394752686930335
174,0.06383417783932754,0.004397574172513149,6.890553956462197,0.5586604840745205
175,0.1216792766201994,0.008399176810945127,6.858136440750627,0.4766128922222074
176,0.059831217007739745,0.004129675092537268,6.871839586548271,0.5352348305463955
177,0.11952395018053186,0.007907767144737347,7.175141352793454,0.4614579499680908
178,0.06083258892126164,0.0038895005643367875,6.8710141807956,0.4993949115868647
179,0.12023526481959279,0.00745137053667625,7.118024127648286,0.4581645279059125
180,0.06203090239549425,0.003929868924646219,6.8735675920368,0.5018601946029475
181,0.12074236139586991,0.007513444504272579,7.095222274881636,0.46489823589686785
182,0.06182796935299206,0.004087599904413183,6.875837646497334,0.5162321888192613
183,0.12051582352580881,0.007625622994454639,7.090414904874998,0.46445067390343947
184,0.06181150833744686,0.004109306846320276,6.864809116503674,0.5317770229867379
185,0.1205884418483647,0.007826017727968943,7.086635323419461,0.4503271915079982
186,0.06186530425260428,0.0038978206005446676,6.875824332855071,0.48658569509025035
187,0.12077242822678913,0.007302691776828219,7.086237829573696,0.43859487750584003
188,0.061943130286622794,0.004035109011713834,6.866468999317935,0.5405546966861814
189,0.12097751000420032,0.007570174542685839,7.087975839509037,0.43853297955497567
190,0.06203240257084097,0.004135818089980423,6.876296739671716,0.5249087681026912
191,0.12114823404750863,0.007491011609887868,7.088503563734563,0.4438678875258495
192,0.0621065432138912,0.0041169255062877465,6.870835109061398,0.5194150646565374
193,0.12129666853390164,0.0076252271469689084,7.091164119471968,0.4598418512804591
194,0.06216440604222917,0.0042367916269604265,6.87014633318416,0.5288963532315498
195,0.1214022326546993,0.0078062313908105925,7.09235767949847,0.46303929506933034
196,0.062221801424173995,0.004481871543335453,6.872345473997588,0.5808527298867304
197,0.1213088863200591,0.008394332220018641,7.2021317187233205,0.487331981624582
198,0.062234571198997335,0.00454266451874157,6.8700487028013155,0.5808365922201628
199,0.1214028134360724,0.008504621364139518,7.204631330131218,0.4869203181630008
200,0.062294085040381475,0.0040537880086251804,6.875735415758751,0.5731123823938742
201,0.12151638930502862,0.007784685628131627,7.20470662246905,0.4766349696278645
202,0.06235186137680482,0.0043955585473631886,6.868085022830987,0.5895687964205955
203,0.1216252022473544,0.008257587286328572,7.206024081232617,0.47661398780637243
204,0.062408380697822285,0.004513140279638524,6.877362665761941,0.5710662500839209
205,0.12171783452025431,0.008028491185230486,7.206082196000029,0.4840551611085706
206,0.06246041602308838,0.004642374649067635,6.867543103274824,0.6001783240268526
207,0.12180173354178692,0.008735327265604474,7.208024740644993,0.5184701826150443
208,0.06249561477226806,0.004622657254876461,6.871392360601601,0.5882350975567129
209,0.12186674862635127,0.00838083000257603,7.208343992679165,0.49510741458536817
210,0.06254467007594677,0.004614413670152525,6.882021656472311,0.5966492062074427
211,0.12193814466661812,0.008606800987914453,7.208287873572732,0.4889968796926922
212,0.062581557037236,0.00425917047527119,6.871736917500963,0.5480509418374112
213,0.12200763411442672,0.008060107189336746,7.209053724154279,0.46134625358905046
214,0.06262255673368877,0.004159925998416751,6.865650756837697,0.5296278544807506
215,0.12207625705252434,0.0076109444165265135,7.208885491238538,0.44933995973851604
216,0.06266628470445113,0.0039682180918183966,6.873995085992539,0.5124649558774839
217,0.12214631175559154,0.007456747876652794,7.209491776235715,0.4609791707473563
218,0.06270235549815029,0.0040304629791016846,6.87323560211336,0.5289684585943089
219,0.12221710188355805,0.007429496829029936,7.2096064882670525,0.4539496776435986
220,0.06274712909041169,0.004302914581605403,6.873390722130567,0.5890287448732893
221,0.12229290846491347,0.008145217876793894,7.209392102075477,0.5228115658702424
222,0.06278837225265377,0.004507654641848329,6.869348504168604,0.5998244094912689
223,0.1223700365598187,0.008563386226262227,7.2101656195840444,0.5166745192441955
224,0.06283311803855907,0.004727505329667436,6.876997767920933,0.614612973925672
225,0.12244639519951395,0.008761488786721427,7.210614452399094,0.48598149101637356
226,0.06287505785784264,0.0043695193191276216,6.870785096903346,0.5770154113481478
227,0.1225223690030871,0.008324997738270373,7.2103873474959,0.497922565043768
228,0.06292002873409075,0.004044106620496209,6.874922696574316,0.58537093422094
229,0.09313323249597594,0.00772605239940872,6.8588667465957265,0.5005857762751427
230,0.07029007893292116,0.0038131984934441057,6.873418089169686,0.5598471028630218
231,0.1288777537244974,0.007461011952171521,6.850731273468703,0.4766188572560521
232,0.06271743811291253,0.003962113514800438,6.8701389606413334,0.5772595972996807
233,0.12068616300861001,0.007621975470289573,6.861433808209319,0.4702706974973874
234,0.0619764911982994,0.003916488326455646,6.876653155056944,0.5370256506434468
235,0.11997441480434057,0.007330668024256878,6.8546819430534836,0.4768228383869736
236,0.06259534471922967,0.00386083597205304,6.869683567773114,0.4934184877182048
237,0.12034672401020163,0.007246833191684274,6.855558204385846,0.4146599259066678
238,0.061950662844788784,0.004135812735838785,6.872384477192625,0.5353231818110085
239,0.11962041757352038,0.0073800701081543,6.854686166854591,0.43311840888339376
240,0.06257314488052546,0.00402016078172972,6.882707453795589,0.5355678797868872
241,0.11973340837330448,0.007300530380020514,6.857415984343046,0.43828938038896215
242,0.06239419152305037,0.004015084079378954,6.870809155574138,0.49280296664092366
243,0.12019095414352532,0.007291869326104848,6.851558983596122,0.4383237229168804
244,0.0625639961666421,0.003916877314759815,6.871343258260766,0.5034853748976823
245,0.11960336130088489,0.0073834122915224405,6.858195092527075,0.4506705381160519
246,0.062382311487046094,0.0040591959502644884,6.874029551932885,0.5479328218541125
247,0.12023918850302695,0.007823439462177074,6.855486200631432,0.46646396929857975
248,0.06246084381593153,0.004167778052181132,6.871168160419974,0.5448779742133497
249,0.11948260051755466,0.007812004877125837,6.8582632964375,0.47290116474396376
250,0.06275977727583726,0.003952343264021438,6.875198622296747,0.5425683447923262
251,0.12048687255998614,0.00732824639372774,6.852729148219348,0.479390458799518
252,0.06187586399837841,0.004036718180737448,6.879345308085703,0.5496804439016507
253,0.11948419176179759,0.00728108586520595,6.8495535734866575,0.4766191899816958
254,0.06251836305645819,0.004141881583611588,6.874879759011444,0.5582657608186791
255,0.12015647111938288,0.007713375201775053,6.861459088305685,0.4741864706941216
256,0.06190195677407839,0.004152207594403643,6.86990947747779,0.5022906172889694
257,0.11987341933029161,0.0074297607349361845,6.850550819137282,0.4584808729692702
258,0.06249721568491251,0.004343790647275067,6.874916348064769,0.562001864359055
259,0.12021974088048504,0.00803711003683263,6.862934639543118,0.4853299455794612
260,0.061799527059459236,0.004063153850057415,6.869720650531538,0.5182762466550861
261,0.11968496413218954,0.007624431776058486,6.858475596913784,0.46148793285128875
262,0.06258588355054395,0.003933202402236784,6.868511773677997,0.49948126717747726
263,0.12023176793996027,0.0075064509589538395,6.856534253591363,0.4677148684729131
264,0.061815035094672566,0.003904270984785209,6.8729987195898055,0.5228221734390974
265,0.11977629311399407,0.00738710922825272,6.858134392296655,0.46313069167082505
266,0.06253428301863984,0.003922269204894554,6.872653495653553,0.4832403473149513
267,0.11957801675900237,0.007375968557243553,6.860078218488181,0.4199288864385345
268,0.0627124187593604,0.00414682499043339,6.868858205137678,0.5196737477371987
269,0.12047016564313351,0.007097391113128234,6.855270362047772,0.4384232196188458
270,0.061830341196064786,0.003994886789274291,6.873879708142385,0.5342446745286927
271,0.11978916885014868,0.007442926035451926,6.861962172696796,0.4661701490994675
272,0.06259166775068303,0.003927108687334005,6.869599436457796,0.5148559779758529
273,0.11962379776882703,0.007341286799899088,6.856496953867374,0.4759238598561793
274,0.06268585612077893,0.003809489899679212,6.8741326885230665,0.5324485815842824
275,0.12044840608210294,0.007437893553273098,6.852741101712168,0.486961579378544
276,0.061831263824720484,0.0037677560827320536,6.870144801397272,0.5244070480015146
277,0.11974655465960926,0.007208575035075102,6.860849977026936,0.48318893438756383
278,0.0625613964569921,0.0038505928893040604,6.877002664561358,0.5136077356604133
279,0.12022978688972441,0.007568706548965812,6.851380271910122,0.4860147033683924
280,0.061795877976238534,0.004042077203305221,6.873243164242514,0.5250820675848945
281,0.11975584421673036,0.007810811012933052,6.855360117582835,0.4870913547753882
282,0.06255492432349186,0.004149074010277573,6.872324291194878,0.5635055219824309
283,0.1196210492354679,0.007969532833729203,6.864676266957356,0.5150802623945518
284,0.06269650085462486,0.004324833831379588,6.872505724866975,0.5701363647524331
285,0.12045492177278616,0.007780056649310677,6.847127849910001,0.45480707502871387
286,0.061820375972490016,0.003901337966032729,6.872886177884301,0.510984199327621
287,0.11972196093349086,0.007374457327769806,6.860779260992972,0.48061796866681894
288,0.06256443419752344,0.003785848526330214,6.877628799562929,0.5346815239939393
289,0.11964340362256265,0.007600902889223628,6.851703212863424,0.4818120404774267
290,0.06267773756601724,0.004243578311663375,6.87318614722448,0.5410385659543133
291,0.12040447986758018,0.007927521837144253,6.855643993348189,0.4732205796886434
292,0.06247838371539216,0.003743238232398473,6.869900637712269,0.4931542785301351
293,0.11949460749908081,0.0069607154835332405,6.858935400989377,0.4485682212367077
294,0.06267036227002543,0.003918558362809953,6.875440890855283,0.5193394822841494
295,0.12045031643433335,0.00734460808959807,6.856041642961979,0.4621858315624592
296,0.06183398095121151,0.004169622206655258,6.871604146438376,0.5590648366837826
297,0.11974985601226196,0.007751297957494167,6.85624901219823,0.4917097381268282
298,0.0625683325662143,0.0042652310976595996,6.876702370799651,0.5718585307108855
299,0.11964750192207496,0.008010814954390115,6.852352650188453,0.5068950458762893
300,0.06265556033401731,0.004427228731017421,6.871968594463507,0.5947860035428911
301,0.1204274282615515,0.008489739072897835,6.858291942373265,0.5248669116039081
302,0.061842959087044624,0.005034929401038127,6.872457247877723,0.65740981206814
303,0.11975900996910993,0.00917445049434894,6.859772565476719,0.5124478598711092
304,0.06258203606926704,0.004513378034961702,6.868643663274378,0.5952079461029894
305,0.11961072533047579,0.008480354544656139,6.856716910510818,0.5020698802669354
306,0.06269583067133722,0.004335360815535791,6.87386321923464,0.5316879867313673
307,0.12042505541307669,0.007842740972949552,6.86017575506663,0.47523071771675063
308,0.06186101117466569,0.003959058884290229,6.86897202540625,0.49028414076482424
309,0.1198087998051156,0.007215110382348382,6.85639896024837,0.4674392051615314
310,0.06257243657884237,0.003911713091010558,6.872428328675046,0.49790436088188506
311,0.1196091682682604,0.007436371886134775,6.857583614078584,0.44569337167508905
312,0.06266317234339713,0.0037380587291543092,6.872688345798105,0.4845843674669777
313,0.12043599980138198,0.006979117336885922,6.859548155639385,0.4400688993698166
314,0.06184261611685804,0.0037454826481180597,6.868310277654279,0.48075632840667776
315,0.1197654196787985,0.0070190785316832,6.8569325977970434,0.42930578522171314
316,0.0625760483361919,0.00394676054093114,6.873890075822742,0.5130865868258183
317,0.11961366668619944,0.007285244185580596,6.860611968221679,0.44252827952733687
318,0.0626650038428822,0.0036937354473427905,6.868253209067283,0.47527900883849583
319,0.1204368926796836,0.006971127887160739,6.856121491537678,0.4379283590220172
320,0.06185738415262054,0.0037229766929481782,6.87246180717047,0.4955954271340196
321,0.11978173392604619,0.007199110449006439,6.858230681865985,0.4733489939509667
322,0.06256049194542379,0.0037830942409920144,6.8721997737579565,0.5112063746440484
323,0.11961965511639316,0.007385287486298342,6.859780860898994,0.4767861895580636
324,0.06266785114849283,0.003813548163526373,6.869050665074471,0.5138092081140578
325,0.12042874188257535,0.007458210607451124,6.856714772153148,0.4813805859210237
326,0.061856902866300856,0.0038598359482086672,6.872418954285514,0.4988046190563611
327,0.11977790138800926,0.007453633593868396,6.8569424981852,0.46031865865607763
328,0.06256542038123303,0.003939061047214617,6.876957231642874,0.5203868034060466
329,0.11963608411121018,0.007539141315165526,6.852959836081375,0.4659815894788767
330,0.0626386664045332,0.0040304946371300275,6.870973692171953,0.5248846119459794
331,0.12040116473909868,0.007666447351411547,6.858363772187338,0.48619037101681045
332,0.061854520242804245,0.004098112245535791,6.8719814982070035,0.5582656781347713
333,0.11979856268130162,0.007668349631618818,6.862500379641079,0.48386003094359853
334,0.06254453393826043,0.004008229887691464,6.868090122571401,0.5736431132323428
335,0.11960303552408225,0.007601644781820878,6.8545132757117395,0.4822044106990326
336,0.06269008384731345,0.0041225185447711435,6.875247504644639,0.5549239356919826
337,0.12046863125501761,0.00756445993333737,6.860639931454546,0.47676276274100987
338,0.061827690577952454,0.0040407026484006086,6.868958734915534,0.5611193263310371
339,0.11974659883952155,0.007579213206438566,6.853752133142098,0.5108998172017226
340,0.06257531052576326,0.004027410837615545,6.875737418060169,0.5412263916702614
341,0.11962031244203808,0.007631953978209497,6.859625279552919,0.4805819344420692
342,0.0626786953937789,0.004138090079222765,6.870248392354449,0.5605218030254315
343,0.120429082085312,0.007767444321465881,6.853418013658381,0.47869451318821404
344,0.0618692916271818,0.004247815065676402,6.874483471128202,0.5994793847748529
345,0.11977553185198886,0.008037022931095084,6.856075880101079,0.49266465365009826
346,0.06256594742018229,0.004380204685464148,6.870982321989097,0.585234648751527
347,0.11961125238351511,0.00827878380448045,6.864803310614359,0.5338946890141475
348,0.06269040525180092,0.00433254117505985,6.868051261455971,0.5846166051382087
349,0.120431638216003,0.008028473320176744,6.855518645346228,0.5245193086667572
350,0.0618708085246743,0.004383116149941891,6.874271130244863,0.6111728316316687
351,0.11978302065894586,0.008094935505229215,6.854150477760986,0.5243536815163493
352,0.06256328826973079,0.004090023688897371,6.8695382352387035,0.5733472265076378
353,0.11961885261763971,0.008010501520338073,6.863801981223001,0.5187037083912127
354,0.06266238202008823,0.004178466434479083,6.882690573150084,0.5620019229391132
355,0.12041820060751562,0.00798899614134857,6.848898596911028,0.511926718000887
356,0.06184825309542763,0.004327672803105294,6.8613625121911035,0.6012940198552486
357,0.11978168194031513,0.008092365243441925,6.859930520103216,0.5017123453202923
358,0.06253250724411119,0.0042738058585624445,6.87954835264151,0.5713160079554553
359,0.12020803502173849,0.007863702594091965,6.858947637870451,0.4937539208785722
360,0.0618169552331167,0.004142110244951278,6.869392100151252,0.5578822278582335
361,0.11976924338282313,0.008021772778860627,6.853228719445597,0.4766185559857253
362,0.06255375070162095,0.0041600636731223654,6.870544866708139,0.5350857798053861
363,0.11962637567441126,0.007624575797558658,6.860366185051099,0.4704397427955673
364,0.06269077841503456,0.00422404794193054,6.877767226850852,0.5624890057771093
365,0.12045902495346716,0.007940160286105592,6.852670386999126,0.4918888823481991
366,0.06181360017622828,0.004317545550248809,6.874113595210491,0.5582652120506674
367,0.1197123455712572,0.007737903297955384,6.850735733813646,0.486931051458828
368,0.06257148591169925,0.004321966909685343,6.875076043877382,0.5784420869745543
369,0.1196315546654011,0.008028465072361287,6.861282181842724,0.4963204779688852
370,0.06271119721774976,0.004327685728476944,6.870900107111982,0.5901103366082633
371,0.12044816240378897,0.008082822784539324,6.853476099195751,0.5205927558847133
372,0.061857908193618916,0.0039850315251029125,6.874868429598234,0.5626415428177135
373,0.11976933368404119,0.007626138970970115,6.855914808955201,0.4908430891063659
374,0.06257048241344543,0.003983583338076308,6.873429483960578,0.5633902881029211
375,0.11961404464248726,0.007625216552462814,6.852548281356432,0.4724251504341821
376,0.06266377467950512,0.003999394560505607,6.883409314938036,0.534839400808607
377,0.12043665214997923,0.007624306288135585,6.855866320145712,0.503336542413417
378,0.06187017232825309,0.00396332564666989,6.8658307284627265,0.5376977295056335
379,0.11977830256385003,0.007474432820229146,6.8501102481784155,0.4963082856172311
380,0.06256417779995371,0.004040607442516782,6.880412069940736,0.5535894477344089
381,0.11963535894367672,0.00748619074428672,6.861589120938938,0.4974948154543971
382,0.06265090440105392,0.00420047749276012,6.874697741517713,0.5502374326183234
383,0.12040976541299431,0.007819220514830246,6.85180977998506,0.4969062936699967
384,0.06186875366814493,0.004160502278407759,6.866188005376954,0.5718941952061707
385,0.1197749847884334,0.007823937797428548,6.863408239514839,0.48375706198659574
386,0.06256255011561562,0.004238204237772872,6.873406567147373,0.5544489128443123
387,0.11962471862183854,0.007992986262349957,6.850965386678863,0.4768303423154414
388,0.06265514285881146,0.004038273913058149,6.874502550851522,0.5582649164563108
389,0.12041067010061346,0.007769080017815442,6.857667719953282,0.4620834454114355
390,0.061852962579800774,0.004004958773810963,6.872240262168886,0.5138111095864825
391,0.11982098499895466,0.007604962962850947,6.862052477056527,0.45620543614363457
392,0.06254905095090657,0.0038950607169834705,6.8681418146845115,0.4748553617466977
393,0.11961565065305724,0.007488144447901872,6.859727774785703,0.44409722860741996
394,0.06264260719090464,0.003988563907175808,6.866724015407048,0.4818220003904743
395,0.1204159485120263,0.007594524375158733,6.858266127824855,0.43178003319736036
396,0.06186351266568124,0.003914602626923814,6.876345466369885,0.4923552169378888
397,0.11977621743967681,0.007503093519598801,6.8590310283490235,0.4384270832039486
398,0.06256492041246386,0.004061023671986705,6.868765640732735,0.5029163930181872
399,0.1196301435871826,0.007428284430653987,6.854228146707124,0.4291237250725655
400,0.06266442549656037,0.0038588684487818135,6.874193127158604,0.49291423754542346
401,0.12042268204059003,0.00723641866832913,6.855835573092424,0.4676264443870465
402,0.0618575756926113,0.004013046821958912,6.873527930551163,0.5180479122474733
403,0.11977167709669667,0.007658957879058289,6.8611756501616545,0.47537642070693964
404,0.06257210968274185,0.004160591139916295,6.8704565744129225,0.554212474810002
405,0.11963006745837645,0.008023070847881397,6.853458961062286,0.5034879455321885
406,0.06266224714246138,0.004048525620835676,6.8712840298040065,0.5022903885061027
407,0.12041835125783562,0.007555099255735209,6.859739145675583,0.48262768184064453
408,0.061862801821016,0.003972906756554916,6.8763018351652025,0.5135978773390474
409,0.11978474039276577,0.007617377375309591,6.858161407462878,0.48312807383344275
410,0.0625590017642792,0.003997851306077483,6.868693165228644,0.5550319526387658
411,0.11962396036073042,0.007602406773882626,6.857336003018369,0.5092066794257661
412,0.06266326089542684,0.004488069693750106,6.870620291031766,0.579428282438746
413,0.12042258820174911,0.008385020304101704,6.856630182818668,0.5181656079142525
414,0.06184781909641879,0.0043953826901785035,6.871827879753175,0.5764033682780738
415,0.11976810417670591,0.008389920102273964,6.858225362571453,0.5217236053759722
416,0.0625570024916462,0.0043344350726871855,6.877312217106077,0.5582657560152301
417,0.11961259188207407,0.008153032419468704,6.851342915387942,0.507006477236589
418,0.06270906152224398,0.0040398326501739565,6.870404969855298,0.5367244217359496
419,0.12044190415285116,0.007557165732661155,6.859115434239449,0.4865040410729999
420,0.061871218463216304,0.0037297065050036476,6.878381281369574,0.5229569829626632
421,0.11978040059992767,0.006961358520248638,6.852155679290141,0.4737681651643122
422,0.06256305875232648,0.003955181196459247,6.874944984385667,0.5035191500269962
423,0.1196283884561995,0.007612652694413191,6.851750348251408,0.45591347559551715
424,0.06265778158664692,0.0044068841986454055,6.873278334752457,0.5408204664449394
425,0.120426154752858,0.008107705767163676,6.856803939029048,0.46623068092108255
426,0.06185718210002311,0.004239402946557977,6.871978409648812,0.50229050286032
427,0.11977218950334823,0.007746737886089256,6.861783808573006,0.44248617913818133
428,0.06256845568038716,0.004332850052393958,6.87497301564944,0.5573787279146373
429,0.11962525025508253,0.008097429145606334,6.853185849743248,0.4753481823044821
430,0.06265819803412565,0.004337390604935766,6.869807989030457,0.5526607583813185
431,0.1204252324351276,0.008018529421409428,6.854265297958405,0.48138027136349604
432,0.06185645761991243,0.0043295008812879645,6.876383344744472,0.5165635825496107
433,0.11977214434147676,0.00775999881797158,6.861154358217118,0.46514659098601097
434,0.06257011555911351,0.0041861148914949095,6.87187505498237,0.5253429466781601
435,0.1196357506744018,0.007800747043082232,6.8497550550862965,0.46787581203514966
436,0.06264343630344604,0.0037479859760322504,6.873978801289761,0.46972401239527933
437,0.12041712651638303,0.0070888085488242875,6.863036253284829,0.4494670713326038
438,0.06186227531142441,0.0037175070285149926,6.868271266028906,0.46327174158032075
439,0.11976704699378715,0.0070844055558311,6.860034419541512,0.4421603707535701
440,0.06256949158293124,0.003869313947415924,6.869718883517744,0.4977634493594757
441,0.11962369850002186,0.007585189322049558,6.855225159357796,0.4220704133816068
442,0.06266473811080331,0.004040033376558921,6.87180046449955,0.5150933098540471
443,0.12039022014835121,0.007734978845332002,6.859426769684358,0.4494672276251027
444,0.06248424658097784,0.00402645920409165,6.874774695632695,0.47517659273799095
445,0.1195040910029419,0.007253754303558165,6.8553435808265535,0.4484028779825393
446,0.0626917727246602,0.0040856620319327215,6.871553732749133,0.5039557112695253
447,0.12044093799858602,0.0076667112333294145,6.859726496198118,0.48363415208061467
448,0.061859751370053506,0.0041331762013861306,6.872062809905277,0.5550687740315872
449,0.11981768721396202,0.007925755609129762,6.854963464496015,0.4958327019578962
450,0.06256697594508465,0.004309238212899386,6.873305254002681,0.5635099692485117
451,0.11960915744466627,0.008135931214604517,6.857069274782333,0.4995821779632209
452,0.06266750783451269,0.004390040373337287,6.872503315472149,0.577161034105915
453,0.12043606793359729,0.008161464832706408,6.8602283681425975,0.497845150879819
454,0.061847645272722795,0.0041603037236077455,6.8704755210114286,0.5723193594976471
455,0.11976749899205053,0.00795772972627613,6.850853055952161,0.49093464796205116
456,0.06257286206473822,0.004309166492444152,6.874887413588167,0.5774243147807332
457,0.11961577821023472,0.008025916583788532,6.862904501155751,0.4952812455866582
458,0.0626683525524886,0.004457650116927687,6.867511136169493,0.5854242436130931
459,0.12043378492362788,0.008632348793597441,6.859715049173105,0.4908245272540424
460,0.06183612810113104,0.004278437276249883,6.87167471678926,0.5229520398819032
461,0.11975943996225924,0.008144160564704885,6.846967341945323,0.4655113209476317
462,0.06257427403203564,0.004288308468140852,6.882865544969852,0.5606985186994357
463,0.1196175125672917,0.008024326433641767,6.860641379149998,0.48141177408965224
464,0.06266621397188266,0.004344720947673706,6.867068815051237,0.561528487978215
465,0.120431008523186,0.008195649863978239,6.858543105641931,0.49942187917918973
466,0.06186257450109034,0.004128948051394357,6.868975354376552,0.5248847266420856
467,0.11978104605065687,0.00792015164385297,6.855011627109767,0.48860861395591904
468,0.0625675109487075,0.004113170674390846,6.876063306443706,0.5408634326059091
469,0.11963204424998031,0.007928966746296631,6.859314436964098,0.4734311335072173
470,0.06265595200943896,0.0041470865359916845,6.875829917784727,0.5515709375529189
471,0.12041484200242303,0.007973883037553855,6.8534042150302374,0.48693347584768215
472,0.061853779139780074,0.004139522680854798,6.864480066003156,0.5582650022985309
473,0.11977443105220575,0.008022486969273573,6.864387697671835,0.4766187079484144
474,0.06256471916841355,0.004192502245345856,6.871487533192651,0.5556102136354604
475,0.11961464397547594,0.008026381590996908,6.85518764920903,0.484520933354649
476,0.06269268019369878,0.004125728562819696,6.876111947841857,0.5357120854702951
477,0.12045285308072518,0.007768215014775987,6.853262390754117,0.46770126449145955
478,0.06181198616062211,0.004160299938594724,6.873664469340242,0.5044777289665879
479,0.11973138731082644,0.007912745514172705,6.852424868700151,0.45375365277571933
480,0.06254843506933305,0.004130861892539506,6.8814869382819515,0.4962155998575834
481,0.12023753787652303,0.00777177388467742,6.859986778229338,0.44578630032945643
482,0.061803798442536806,0.003989642426603869,6.868842171270664,0.4757269482048695
483,0.11975516379792883,0.007403580410705772,6.844700175730937,0.42505619533943106
484,0.06256279226043615,0.003826427685883415,6.876415150549647,0.4966558713661975
485,0.11962292920944506,0.007196807692269623,6.86605868177125,0.4471006783090884
486,0.06269922895514968,0.0038078772516978217,6.872812531100702,0.499552740007466
487,0.12046376734190933,0.007104300142200686,6.852581657255817,0.442600661479357
488,0.06183361843167101,0.004023522720139346,6.867720070425893,0.4995543801170712
489,0.11976712785973298,0.007196181343282367,6.858735508294802,0.45168781245790895
490,0.06257317390529471,0.003970782321568961,6.875129717738613,0.49295694236197923
491,0.11962240707252159,0.007602212207375514,6.85694272231871,0.44707201998381974
492,0.06266408362918219,0.004026009534498074,10.77378493915527,0.5488256509691245
493,0.12922243734164263,0.00785355819419441,7.092262266661598,0.4858714729689753
494,0.061847888404826024,0.004043095318512715,6.8761904884583185,0.5680325048206606
495,0.11976018574802483,0.0080263815988354,6.852899573208744,0.4869335265814651
496,0.06257201843453752,0.004485880389284819,6.876772553066258,0.6030480056534321
497,0.11962104703189402,0.008537733825829933,6.8596093538044896,0.5156646829420919
498,0.06266500732141445,0.00459345990622214,6.868155138227335,0.5888076681538781
499,0.12042822573752532,0.008475998584389004,6.85371013314955,0.47777950392871105
500,0.06186345864807685,0.004167093459894883,6.875949821462168,0.5058825289231337
501,0.11978396206834596,0.007766980833602036,6.860124956010762,0.46529939454986763
502,0.06256710305623736,0.004037340527921725,6.869540066910013,0.5169212122792621
503,0.11962533129541819,0.007768518032786007,6.854063224044466,0.48430010721774935
504,0.06266356287488195,0.003981091148301554,6.874948314849816,0.5235500645223015
505,0.12042260560721585,0.007468296354683314,6.855257996386892,0.47261601033775014
506,0.06186304561046119,0.004064446689013479,6.871596596509474,0.5161304322191608
507,0.11977717555332579,0.007625098925405917,6.864338345599463,0.4494694846087845
508,0.06256390283306545,0.004040026369492777,6.8681249392411825,0.526293101353135
509,0.1196289245789629,0.0077040029523081964,6.855880684470597,0.4628812002705274
510,0.06266506742965572,0.004044510292071525,6.8723874013355974,0.5441337417386934
511,0.12042485180688767,0.007628164392077342,6.857616603242817,0.44340375903391693
512,0.061856819686022746,0.0037920841055195877,6.874691819123278,0.4995507605816744
513,0.11977688007457976,0.007209573770866338,6.854039367104113,0.4397711743972716
514,0.06256408617237086,0.003757508824577496,6.875428509416762,0.4676107164399301
515,0.11961462821244007,0.007207090476583913,6.855368506706441,0.43003231754977467
516,0.06266337763864782,0.0038709405769327587,6.874989691501548,0.46931039220388016
517,0.12042370005793868,0.007534864636233648,6.852408167749577,0.442804298116283
518,0.061852459388371805,0.00433747665062612,6.873565227868726,0.5302082303055303
519,0.11979744440241114,0.008028474717713608,6.858904649175673,0.4613295299047303
520,0.06256331229306877,0.00438229464340515,6.870258986846031,0.5358534885411886
521,0.11961266226155565,0.00816615525374458,6.859869059559169,0.46197889492439814
522,0.0626531538025692,0.0042532111303343004,6.875054823881078,0.5381064717347835
523,0.12042981017192111,0.008028476152111939,6.852177640462855,0.4786622925413363
524,0.06184282735796487,0.004756411910947406,6.867769843056184,0.5783262923930432
525,0.11977286818405075,0.008370863407698244,6.862999073871681,0.486933547024486
526,0.06256584695220302,0.00457933354218606,6.871944913497696,0.5977420166682751
527,0.1196379083571587,0.008454846988075327,6.857385279398578,0.5142987459290668
528,0.06265077653659168,0.004807454179314757,6.874211837036187,0.5852801110742961
529,0.12040840490288585,0.008736824197167162,6.849967483547831,0.5179480841497587
530,0.06187030227128687,0.004337058233824445,6.874284319003266,0.5623119587603094
531,0.1197793073931459,0.008096228635659475,6.863134489331301,0.5172686319398585
532,0.06256962023893942,0.004377174908070544,6.868166326768319,0.5833013594976859
533,0.11962819133477587,0.008260353335545832,6.858856330698885,0.4968716418255955
534,0.06266575984594713,0.0041604823670195095,6.872748894658059,0.5538739596394674
535,0.12042580736388897,0.007961447027150561,6.849593265147831,0.48097177672350416
536,0.06185594868500921,0.004009175241430517,6.87691026524119,0.4933315148119557
537,0.11977588812647455,0.00758267721969699,6.86131158885441,0.46209063876273926
538,0.06257190809431767,0.004040875609646795,6.869269182683,0.5188365501889799
539,0.11962953289327638,0.007547472015182178,6.855995066299982,0.47533115673043114
540,0.06266567652023836,0.003743160609463673,6.873704633157817,0.529080695540329
541,0.12041071922589353,0.007167777322076314,6.8597552989272605,0.4869335066797129
542,0.061868492600300806,0.0038855905053572066,6.869884724607868,0.5414103196545788
543,0.11978930571742474,0.007525870622057043,6.858889521457607,0.45586291016606106
544,0.06256386624901966,0.003819687072048335,6.8729867828759135,0.5254293899188852
545,0.11962219217656378,0.007525727508490316,6.848033630137836,0.4832718256272166
546,0.06266454445530167,0.003750309820680905,6.88029893867837,0.5204634151143639
547,0.12042302569052754,0.007234705391400801,6.854625710183498,0.48692865320138906
548,0.06186263772510414,0.003779822876038148,6.872415323609414,0.5105595488051033
549,0.11977504302086406,0.007243265832116801,6.859048914918311,0.454003491914414
550,0.06256420980034383,0.0037470607392837136,6.870081489933716,0.4939253455707027
551,0.11962924004072517,0.00726218011633452,6.857633001430689,0.4494673643383456
552,0.06266408185878058,0.003740105699269696,6.869065239399806,0.4772318733002513
553,0.12042340562014886,0.007134372256957012,6.864533749654532,0.4494734525521033
554,0.0618471727625588,0.0036365445788364486,6.874509783719568,0.4743631240632262
555,0.1197657423496834,0.007144536966080621,6.8552115379198915,0.43519050177376795
556,0.06255725450794158,0.003976686134502922,6.864443895632793,0.5112749098213492
557,0.11961347098815833,0.007679973935406983,6.857636785150928,0.4421532497810394
558,0.06271179923462245,0.004010102862174577,6.879300675640967,0.4995541840830599
559,0.12044941513112484,0.007625087308373023,6.85322736419809,0.4451648819180371
560,0.06186936613209704,0.0038072746569426754,6.875286851168567,0.5011603148790794
561,0.11976968585775805,0.007341416247198474,6.855960923723967,0.4690531213979726
562,0.06257104138349712,0.00380355978490864,6.8653762372536145,0.506210873451751
563,0.1196360413495633,0.007333865673782176,6.863023085944749,0.4656935127031548
564,0.06264990491495082,0.003928432331063377,6.872039013144809,0.5050095709222426
565,0.12041705914979506,0.0072852093910023156,6.855708968486906,0.46170247864885766
566,0.061869968881336335,0.0038238895930988322,6.8773971082157965,0.5022904847023346
567,0.11977056332814495,0.007386567604386431,6.851874264166094,0.44296692826164297
568,0.06256825822882806,0.003779595191417718,6.874292202446255,0.5176835502684466
569,0.11964009756360672,0.0073586713866380755,6.85494387338034,0.4766193962103941
570,0.0626528492027566,0.00383968860363995,6.874847133115416,0.5239413148962246
571,0.12041835558873948,0.0070767730746756725,6.861216066035455,0.4729102493670077
572,0.06186371043946004,0.00415513350300475,6.864308958199317,0.5620023511624432
573,0.11976960051309204,0.0076250907328833046,6.859229286070277,0.5008883322188223
574,0.06257019291294219,0.004265976657834919,6.874492431710616,0.5645990940823696
575,0.11963418983024199,0.008028345803245074,6.858106548638782,0.522538399418583
576,0.06265700648190364,0.004186984622136366,6.873589130101439,0.5828073527858422
577,0.12042330723702155,0.007768489843832627,6.852837896822785,0.4828531023459833
578,0.06185609499548095,0.004044858306096177,6.86898015535343,0.5492191173506569
579,0.11977445510047102,0.007613252998159196,6.860319796672549,0.4854354577083827
580,0.06256342580747898,0.004028922629591983,6.8776401596390215,0.5156678301862567
581,0.1196197911446013,0.00759636239842148,6.854692618505575,0.469058732605313
582,0.06266481266468904,0.004097061173191816,6.8633248172754495,0.5022904376495785
583,0.12042580414920745,0.007723155305186476,6.865252312588648,0.4496534870431004
584,0.061847576828046424,0.004032062913817614,6.871708833062747,0.5246422306324632
585,0.11979417079057897,0.007768119055959275,6.856419597193307,0.4665385843657531
586,0.06256973111945352,0.003881108575472342,6.873139726870752,0.5067812723420146
587,0.11958414961481312,0.007413268095633339,6.859073706515816,0.47291026149300003
588,0.06266020029606212,0.004399028948964143,6.871227904947676,0.5582653484492924
589,0.12040088185248032,0.007819816229918007,6.852908246699599,0.5036222214344026
590,0.062486658571266895,0.004254180331142265,6.873560147072383,0.5547067223409108
591,0.1194896327531868,0.00799173832538012,6.860460333219449,0.4813094090598422
592,0.06269521683387791,0.004254846279274888,6.870883054816928,0.5636830224513407
593,0.12044632710411884,0.008027924986510088,6.85501245821063,0.4838632471474775
594,0.061864301295122104,0.004222141523273912,6.877824816565335,0.5546202907950522
595,0.11981450997816567,0.00798793355465795,6.852900759283096,0.48140604665100195
596,0.06256216148966631,0.004168842290359078,6.872306811779101,0.558265610178969
597,0.11960454831597278,0.007728322671106924,6.854580944118958,0.4813654821222796
598,0.06267368437530318,0.0038780200715326316,6.873279422555099,0.5219242151561772
599,0.12043313128534394,0.007467191376923686,6.863834996363037,0.44946728427665056
600,0.0618480440123943,0.004039640693440294,6.867254269347073,0.522342918800404
601,0.1197516408676017,0.007625089531447342,6.859034538260553,0.4538010276348764
602,0.06257716696728988,0.0040350671549117655,6.867499971702658,0.5273986978075135
603,0.11962652858075351,0.007717279889344487,6.857651285183765,0.47661916633713475
604,0.06265760322483116,0.004207707202663339,6.879146088171556,0.5620019312108663
605,0.12042810820332472,0.0076969082766849255,6.851797330909381,0.46246227751868035
606,0.061869928057319834,0.0042671281336093755,6.876236437295749,0.5683620899165378
607,0.11978035585697022,0.007631628843470519,6.85290989445574,0.4494734246599049
608,0.06255695224301916,0.004153131221096445,6.869069589758342,0.5233320328953481
609,0.11962873510487548,0.007603875460273039,6.859747749613639,0.4471003138750998
610,0.06265715410359385,0.003998949869763449,6.878296937257441,0.5501107855235979
611,0.1204158829049582,0.00765045323773654,6.852746106056881,0.4993456247886958
612,0.061854599977458125,0.00404002512706658,6.875422414931714,0.5906155618191233
613,0.11976451041155378,0.007774691561455006,6.852446167730736,0.5344804070727481
614,0.06256996375165669,0.0041822486323005404,6.869447632033279,0.5805148149965288
615,0.1196255511415103,0.008019335895170392,6.860193391595665,0.5193704523559627
616,0.06265971526950365,0.004396321307041737,6.878225416346178,0.5928809621133192
617,0.12042559680114817,0.008197324489798766,6.85258214158286,0.5170297823390051
618,0.06184651694136012,0.004325208381114981,6.873528025837882,0.5643628385998187
619,0.11976895172465218,0.008028447100908552,6.857850461435758,0.476619338487676
620,0.06253821965713457,0.004347918929363629,6.8670543814608305,0.5719004656626482
621,0.12021934192992201,0.007954479092465667,6.857579423189989,0.47930822098427633
622,0.061817037548948295,0.004306357460351254,6.879751556224978,0.5635372254409596
623,0.11976754502497733,0.008028480114315924,6.851745715116654,0.469172377340456
624,0.06255593782784996,0.004026991099487644,6.87280985722185,0.5248847884567667
625,0.1196188853459692,0.00776527868730765,6.857526547260467,0.4589525939997548
626,0.06269333830782653,0.004040618503711057,6.872160057618112,0.5236485023174134
627,0.12045166787687533,0.007567431709755115,6.8548519029495365,0.46530316542073225
628,0.0618399305081313,0.004401486435481161,6.879913879055897,0.5809801366789725
629,0.11977015294089899,0.008177596006190828,6.8503257381941,0.4870332289394286
630,0.06256164704737177,0.004256189633205985,6.872575845813296,0.5429411477247749
631,0.11961142301770711,0.007875193312580136,6.857274072618713,0.47270936784430834
632,0.06265594107250538,0.004144213025734105,6.878013479933615,0.5235046887808253
633,0.12043088371476718,0.007693140483402652,6.852288953981098,0.48019120647415536
634,0.06184874053891376,0.0037258169571922186,6.8690293620883605,0.4813263939626207
635,0.11975641945519044,0.007219738403739434,6.858596369887601,0.43699840846890614
636,0.06257790587693635,0.004102696213121736,6.877552747213999,0.5022904300212793
637,0.11962128228480406,0.007625083898603875,6.856525795304756,0.45300272546585635
638,0.06265843832202389,0.00416323173569481,6.862451292360222,0.5538824501116991
639,0.12042421616008847,0.007826822229640047,6.864353665027068,0.45906793421048453
640,0.06186332936537542,0.004125018993965901,6.872411841689628,0.5431184231292795
641,0.11977985384857204,0.007952806848716633,6.855459019099329,0.4494672927090255
642,0.06256324274003622,0.004364309194680945,6.877297086544928,0.5660550820046186
643,0.11962849416759769,0.008098117690949052,6.853588384325214,0.4719498088791459
644,0.0626568518799887,0.0041461924135638055,6.8745871904765465,0.5159339132277986
645,0.12041323809538129,0.007768474178031757,6.854224953245201,0.46862064502115147
646,0.06184559926999267,0.0042720276954652785,6.871689135117328,0.5200624433018788
647,0.1197838769762164,0.008040532955931077,6.855153876690597,0.4660814471743259
648,0.06253292918606557,0.004214041322772583,6.875285333706995,0.5137548805426893
649,0.11960357500541807,0.008026380818536828,6.858562780867023,0.44621430177218
650,0.06270264662453451,0.004048315871085532,6.872539272331875,0.47319709779537383
651,0.120442328353773,0.007625096301416137,6.852012967214728,0.43244768919327875
652,0.06186428089542406,0.003627847066380798,6.878138201076434,0.493653967952266
653,0.1197775088160219,0.0072114394576596064,6.858717904366194,0.45190566357277395
654,0.06257148625275366,0.0036686199439337733,6.873428111939959,0.507560537752222
655,0.11962935907891492,0.0072167276249353665,6.853620156634082,0.4769461549853639
656,0.06265716261666487,0.004015278620820558,6.862079882216029,0.5248851516953242
657,0.1204230891750433,0.007665241195592786,6.868307784428142,0.47125015818759347
658,0.06185600785221379,0.004276388558842289,6.878123411089159,0.5528811453514878
659,0.11976945962938679,0.007939463823684972,6.848186026514877,0.47443191447742106
660,0.06256839136215331,0.0040433204256809865,6.86569585181269,0.5582650346234034
661,0.11962689654570036,0.007625085074342684,6.866189972226288,0.4835832229399711
662,0.06266305952316331,0.004014462260094219,6.875234518565739,0.5357612667945826
663,0.12041954595550208,0.0076871877630235435,6.848713150981207,0.48328282386480137
664,0.061846094607840074,0.004003439270263732,6.870167365716212,0.524746152909446
665,0.1197623859345065,0.007625046348536132,6.862091985437082,0.4766188989495332
666,0.06255500331786856,0.003962687693114923,6.878855026530818,0.5353735860590414
667,0.11961123711332289,0.007778136142956682,6.85032092866476,0.4729317895661335
668,0.0627040142992471,0.004160305180259063,6.874590131418902,0.5022904679795951
669,0.12044803826627337,0.007432968760032208,6.85929880874203,0.4697434316535191
670,0.061864226432371106,0.003899582667154431,6.8701866414184884,0.5161554798806398
671,0.11978325397358236,0.0072155873524960236,6.858464141646756,0.4732867010392583
672,0.06256343504129713,0.003952701070935773,6.8699164928369925,0.5051667044727521
673,0.11962193637013241,0.007603460603517362,6.851963011452714,0.4814031629528121
674,0.06266447111505613,0.004037079473862762,6.876403001419636,0.5216861964408548
675,0.12042127997796326,0.007751947937434794,6.8568557977550775,0.48542740673112006
676,0.06185648889767559,0.003738062101161445,6.872616226554719,0.5233021871397071
677,0.1197777256501038,0.0072278736454363356,6.860713417224297,0.4753043412577937
678,0.0625637882108846,0.003939483676916463,6.871212713246239,0.5172740593581826
679,0.1196286950652824,0.007423305877354684,6.8536272696057345,0.471770811656076
680,0.0626569430488434,0.0041264197968565825,6.870365199223127,0.5248851651760101
681,0.12041497284873204,0.007923059838297544,6.86071283302109,0.47998761171523663
682,0.06186263732695452,0.004026511994505806,6.873630320687024,0.5068789067339875
683,0.119774969364563,0.007568875580855471,6.854858013283127,0.4551283672890602
684,0.06256143121046209,0.0038192735047093682,6.873167420953266,0.47845059928039285
685,0.1196268219830674,0.007207194957499293,6.860923572089015,0.44335715769516404
686,0.06266441240777398,0.003796352519304523,6.871690514104751,0.5016235354841295
687,0.12042286259587376,0.007376859196298041,6.847314652625426,0.4569050075335374
688,0.061855063482473605,0.0037688400116275187,6.87928867817377,0.47730194389357866
689,0.11976511708265158,0.00717754571649445,6.856338785319793,0.46743774528959736
690,0.06257030761930527,0.0042771321565111325,6.872415289103267,0.5322873284655282
691,0.11961905529481431,0.007822053504703816,6.860376267736337,0.4642340913541915
692,0.06265186887699425,0.0043175233471883755,6.872204561433803,0.5331704921961825
693,0.12040716204752056,0.007980481839095603,6.8539936515298265,0.47375721850818353
694,0.06185572563342301,0.004025034398798375,6.870027138636731,0.5270598482542462
695,0.11983146299051273,0.007765076656818267,6.857516536362127,0.4574057258263726
696,0.06253986264687095,0.00430502982662173,6.87370577240825,0.5232718473163174
697,0.1196079853643287,0.008036807023470923,6.855150866833946,0.4618274261724272
698,0.06266062388454896,0.0038198131079756068,6.879729347934697,0.48974173049520164
699,0.12041934263023912,0.007440420640199181,6.856225300219739,0.42928126394767174
700,0.06185649723151865,0.0037969543664929275,6.865703138847665,0.4730271527332343
701,0.11977642202958472,0.007052005570454217,6.855621960148458,0.4494677870806986
702,0.06256326093724651,0.003747131946475452,6.87717514885677,0.4992257867231449
703,0.11962161975188879,0.006832636806153563,6.861135643484767,0.4494732645309744
704,0.06266284350209683,0.003744191230455663,6.8683899807886295,0.5023941521342684
705,0.12041894766177719,0.006958583787088845,6.857272064925529,0.46407735441574965
706,0.0618629625680952,0.003725872838267771,6.869946643079583,0.5234209433391208
707,0.11977640665063716,0.007123932915547351,6.855497771709457,0.4778353223481771
708,0.06256641976743615,0.0038024404229039304,6.879196462823062,0.509248739979573
709,0.11962946902898997,0.0073728830502783355,6.859144879283489,0.4560772507978673
710,0.06265488317921519,0.0037419268613512525,6.868475358180628,0.4663019107484451
711,0.12041338779182853,0.007172075294582272,6.849746872542848,0.4414880508143035
712,0.061852408242429324,0.0037471564898458446,6.876074245238032,0.5046313601558793
713,0.11975383086570379,0.007196310100316353,6.862953868167752,0.4867433333837293
714,0.06256269654637059,0.004024719658969726,6.8685351760591375,0.5848648004985854
715,0.1196169309955839,0.007711332269819595,6.8594537709774865,0.5511039824112304
716,0.06271665399617543,0.004429288835553316,6.8733943703286755,0.5940763901645656
717,0.12044742712720302,0.008036778361032438,6.846823730205729,0.5039482991624186
718,0.06186455214459252,0.004401658219351478,6.879741748745737,0.5261756235929744
719,0.11978316490830654,0.0079230440331482,6.857141904354559,0.4764538201315618
720,0.06256471408558095,0.004216396106997117,6.870782440837774,0.5400161061036376
721,0.11962899497215651,0.008051371273554948,6.853442748482119,0.47209258541093374
722,0.06265639664285783,0.004061731429361734,6.876899310695649,0.5499795993219881
723,0.12041334060701125,0.007599606703739647,6.860020579714488,0.4854565980831918
724,0.06186285245365952,0.0039728755162785545,6.8677344350523555,0.5295812166843483
725,0.11977636004631176,0.00759207507992376,6.856489419513168,0.4673918451894474
726,0.06256552117924308,0.0038890714835308005,6.871763689848559,0.4995376601313758
727,0.1196348200995474,0.007306837368130011,6.858944127145665,0.46322974447857196
728,0.06265701052152461,0.004026819570801416,6.877124225464129,0.5231840885296155
729,0.120416832416535,0.007632865292310392,6.854633052367656,0.46460618498268114
730,0.06185556780691137,0.0041653493047529265,6.863671159451433,0.5665780615545305
731,0.1197670727434117,0.008039280768653272,6.865090877194129,0.49344746531806305
732,0.06256928069764245,0.004442841300021323,6.873398336094867,0.5620020240319863
733,0.11961752050038121,0.008133778856410775,6.852808560787673,0.4766192570459862
734,0.06265229950538997,0.0038612765278699234,6.873279782989148,0.4838376046243312
735,0.12040825647592168,0.007280636391775016,6.856175015241277,0.4501352416669213
736,0.061855634116106506,0.0037691684570054416,6.87479207490251,0.4820186730391483
737,0.11982489078721115,0.007215452974877606,6.855474769216862,0.449684200422444
738,0.06255593291412731,0.004175994581979663,6.876668308845705,0.5329384175049698
739,0.11962072414881852,0.00778444671951349,6.8528380167736875,0.4619205020227835
740,0.06264030010680621,0.0038360612323878776,6.872429548599685,0.4743570909962899
741,0.12039968350693542,0.007543352550695332,6.855019449675974,0.44946962218749725
742,0.06186221869536623,0.004006708105392281,6.875149844903679,0.4968841002136985
743,0.1197814420451001,0.00760692584062682,6.860540335242202,0.45869607465380013
744,0.0625632517240835,0.0037337129145615378,6.868977786318598,0.49271951019529503
745,0.11962765423899568,0.00710140720587601,6.856300352433945,0.46164528565622354
746,0.06265620927694504,0.0037610070121007295,6.870627983832015,0.5183399381756758
747,0.12041330058212063,0.007238363949201021,6.85946631830113,0.47150969336763526
748,0.061853673525526176,0.0037975816629596077,6.873921806863489,0.5041012132663939
749,0.11977424652965762,0.0072665942676259565,6.853987032349626,0.47238327671238206
750,0.06256363243981822,0.004036706500520607,6.875520251570365,0.5326736113117451
751,0.11961242589996246,0.007490505510659419,6.856585567002936,0.4438935425802515
752,0.06267159797578004,0.004109769612924721,6.87461977712397,0.5368412108103787
753,0.12039580504053493,0.007731081409310506,6.853248485871683,0.455831305826254
754,0.062467630768707205,0.00414012389058351,6.868670808460574,0.5362423220225262
755,0.1195079185458926,0.007625104345047553,6.85936239640261,0.47306468305571925
756,0.06269324122772257,0.003909488220545573,6.879121788098936,0.5428383023521024
757,0.12044293545263085,0.0075059795942019805,6.852708947972036,0.46875719050717646
758,0.06186015123102706,0.0036188299945966616,6.869406381403566,0.47797298981821246
759,0.11980895061921815,0.006958661807798666,6.858083520282625,0.4474810237485567
760,0.06256908914225001,0.0037427550156405396,6.872795190230266,0.4860390148128932
761,0.11961099352689053,0.007108397624597503,6.854636044179115,0.46012096787318596
762,0.0626622345298159,0.0038580796922153917,6.881055230032343,0.5192370255699901
763,0.12041947653138974,0.0073850053730611445,6.850747238853847,0.45394287321313237
764,0.06184747846379168,0.004119120054720954,6.870619600200892,0.5062011606249904
765,0.11976497001735176,0.0074483045443203425,6.858935343554149,0.44740417043293657
766,0.06257149569359521,0.0038333791643065745,6.878132383128484,0.4538040258996098
767,0.11962652039161148,0.007009725559551484,6.850663261055475,0.42361869742538455
768,0.06265892752369207,0.004001077831432373,6.870269690283356,0.4644375500255018
769,0.12042010562926875,0.007314600530931678,6.8600201989207985,0.4301847634342216
770,0.06185386625380496,0.00409861527282213,6.8767528225780445,0.5156229115666896
771,0.11978657001540316,0.00774626757657799,6.8509171479384685,0.4518190072820589
772,0.06254949476742455,0.004273305410608928,6.873806275354038,0.5191786397023086
773,0.11962273602317064,0.008026377157625721,6.855281760395574,0.4856703574569625
774,0.06269388795610242,0.004160480177455533,6.871687982524133,0.5640834685987566
775,0.12046355518561436,0.007640856754283378,6.865122281500465,0.4813802127148821
776,0.06180568327019609,0.0040065757484878325,6.869909323680869,0.5562076806411687
777,0.11971730258894153,0.007629966425945291,6.853753444396894,0.4662306707334224
778,0.06255813935489773,0.003973600816758175,6.874242549559842,0.5085359699250613
779,0.11962626362133333,0.007513599773173941,6.854164196454587,0.4746494731238423
780,0.06269941517940847,0.00429460047848755,6.872681475075841,0.5781614408380175
781,0.12043761689247734,0.008209586659839228,6.862802042269888,0.5192070375917119
782,0.061851497326698146,0.004396915244002051,6.866579505911231,0.5928809714992973
783,0.11976922523853084,0.008399124373097248,6.857376527450601,0.525274037287919
784,0.06257707999895201,0.004275984335525482,6.87595534733869,0.5816814957901518
785,0.11963516438031763,0.007999709804200781,6.860328642333582,0.4990002315152549
786,0.06265518260145864,0.004088846442213638,6.871027254204342,0.5545671179609092
787,0.1204209221942778,0.007565113592753387,6.845196598789072,0.48563233755346
788,0.06185595713076164,0.00380587982794539,6.878258145349548,0.5406809449125939
789,0.11976746878271716,0.007296442995105113,6.860410629703749,0.4849962563820534
790,0.06256828117667435,0.004206571316945661,6.873208091812205,0.5849788305178175
791,0.11961770284347295,0.008022169329446526,6.852874941525019,0.4988180480807967
792,0.06264703679687444,0.004057196743724233,6.87274538808744,0.583401030627081
793,0.1204015233274307,0.007916990489058124,6.855181012184191,0.5140012572856223
794,0.061869122738936966,0.004042924774760535,6.876088738235109,0.5334513861914914
795,0.11983293568553455,0.007630759200462808,6.859773167596865,0.51683645924483
796,0.06255351201697401,0.004084265307357312,6.871232394191114,0.5981044385181113
797,0.1196183565124248,0.007830065617910253,6.8474133629658365,0.5288319343908178
798,0.06264908497193677,0.00442944014308449,6.88020220932243,0.5859699826870414
799,0.12040752667764032,0.008050512415702173,6.856289808160684,0.5292070921784688
800,0.06186300348729179,0.004329755900092454,6.871672437155795,0.5874154876206992
801,0.11977723306925714,0.008276974643095226,6.862142032335379,0.5178039322094051
802,0.0625618762452782,0.004333241135893873,6.869381014504613,0.5747270843724931
803,0.1196267880739953,0.008037524964472211,6.857236168700643,0.5226274418474853
804,0.06265800230700569,0.004376096389432613,6.8727102955705694,0.5783980978570581
805,0.1204159185457706,0.008301599832538325,6.853313090248269,0.49185094387980743
806,0.06186207810592026,0.0042188234485084405,6.8726497356911045,0.5495374846778673
807,0.11978304082370073,0.007773304984660382,6.855657330356027,0.4847963473732832
808,0.06256240822674142,0.0040265114303125885,6.875422440436504,0.5163082534751819
809,0.11962194219055511,0.007580585990915057,6.859211390278949,0.4717769006067791
810,0.06266386697039217,0.004293802846915043,6.870215337032516,0.5468406146809491
811,0.12042099279648943,0.008086607541891793,6.854860830271532,0.4793871278873405
812,0.06185633305912441,0.004353016797436079,6.871390327379776,0.5659843945771814
813,0.1197754727014193,0.00818362730976219,6.857577556818459,0.48575566481372145
814,0.06256374669067777,0.004256403922896711,6.881335281969344,0.5342831488859294
815,0.11962662100873778,0.007770862905663851,6.855025198558851,0.48358476850960347
816,0.06265430542709816,0.004317349842449784,6.864485386191808,0.5848103634386003
817,0.12041290033639374,0.008036804335535518,6.856306253165168,0.49917571523497484
818,0.06185277054895444,0.0041983345466197015,6.876972720886538,0.5467347552213151
819,0.11977501316736017,0.007768474182584479,6.861219762450906,0.4989049322622421
820,0.0625387193825594,0.004162431659312876,6.86774378655268,0.5787811124440173
821,0.12021260023807123,0.007979618522917956,6.859524144994262,0.5000509368317002
822,0.061816675235399576,0.004160480387576065,6.87096643161494,0.5800687529768022
823,0.11977372127016817,0.008026853016977932,6.850247357456758,0.4986722416425145
824,0.06255637802893421,0.0040406208273901555,6.881040245410995,0.548610000460439
825,0.11961923209203162,0.007833150731140968,6.855147362843756,0.4941011359596664
826,0.06269214141721668,0.004031233089981103,6.869607672178579,0.5519168261438518
827,0.12045434107654618,0.007753773041943498,6.858194526740337,0.5181659471471587
828,0.06184013301294344,0.00433643515520999,6.872459288004744,0.5582653353415322
829,0.11976106446116652,0.007788459890485848,6.857542236154178,0.4908469222024082
830,0.06256147701865433,0.004083953965534149,6.872865438890599,0.5397714164773713
831,0.11961136236172853,0.00795753458393896,6.8558361418027065,0.482578030220813
832,0.06266126881632728,0.00417996272702795,6.876584868691173,0.5233149199865246
833,0.12042524247945552,0.007768458984871404,6.852615239998652,0.46532017690364363
834,0.06185298664498162,0.004105601404293152,6.872163051541237,0.5016911369833074
835,0.11978303458274997,0.007601994327070202,6.855967954175188,0.44687157749999545
836,0.06255701411001113,0.0040273763272122,6.880907280071748,0.5062205334611962
837,0.11963745756602329,0.007449827783868896,6.855693401126454,0.4335884910975456
838,0.06264522379554327,0.0038093101704668314,6.8682332105046555,0.4693102327709039
839,0.120397593882553,0.007218090793106133,6.850294073461077,0.4237632667121011
840,0.061859088781815785,0.0037657775950944647,6.878637358218386,0.4523180361460421
841,0.11976106123146613,0.007075478999916809,6.860358136742912,0.41725827234635304
842,0.06255612643445019,0.00377019199239633,6.87131442943425,0.467247021926703
843,0.11961747320478366,0.007133128736659433,6.852846285844686,0.42528205335419234
844,0.06270674150097966,0.0038028832628151563,6.873642932167836,0.4964066519833634
845,0.12045249966848903,0.006958578229143981,6.854961266049565,0.42390051141617613
846,0.06186352619461544,0.0037543895803248007,6.875036337800851,0.46329259775281495
847,0.11977231432659097,0.00695859044105865,6.858841066922461,0.42249134629048474
848,0.06256326504205767,0.0036936824375599885,6.874094613353162,0.4539559875425472
849,0.11962143092494304,0.006979715831338791,6.854120070863838,0.4291551642725229
850,0.06266386999966256,0.003754698617896458,6.865573370616233,0.5152753050499108
851,0.12042831780101881,0.007236422755773906,6.864973517271179,0.44979667964992315
852,0.06185747037146483,0.003943574465685769,6.87403976347239,0.5186247458484566
853,0.11977083715743087,0.007540738568929091,6.854754396613933,0.4421534181183122
854,0.06257061943079834,0.0037460928798262435,6.870358333150006,0.5151681349158465
855,0.11962771070896316,0.007424628561195486,6.8570467129870645,0.4708544701767944
856,0.06265621755332451,0.003918183333209929,6.87279682820602,0.49955433027250656
857,0.12042123105616609,0.007601700533515257,6.857394378781756,0.47113236346849685
858,0.06185480184186187,0.003952698263538015,6.872307053398819,0.5299806728647447
859,0.11976654907558704,0.007522476813616195,6.860570781880314,0.4805058965551295
860,0.06256947799533696,0.004582636160981816,6.8694375885447325,0.5918681616983871
861,0.11961749627959228,0.008503528567631851,6.856821686580355,0.5178035891510165
862,0.06265934655563243,0.004434204137587066,6.871281699364365,0.5847582170945139
863,0.12040947496169185,0.00846605297092729,6.858199426542877,0.5054823100832003
864,0.06185192521725136,0.004163532850171746,6.878086237030239,0.5385161269738514
865,0.11981424585312028,0.0076187488849322384,6.8508270362692425,0.47661916605972315
866,0.06255484626836028,0.004029507172133761,6.872538117342083,0.53481628823745
867,0.11962170640596637,0.007767846287156609,6.854585267309392,0.4685280672682824
868,0.06266198565322767,0.003923506361590394,6.874849708982689,0.507620284727726
869,0.12041979268290504,0.007410621229179279,6.860492731521346,0.46576230373798555
870,0.0618562083645845,0.004332233737387061,6.873313940522741,0.5370438147741216
871,0.11977541719931928,0.007755578036155234,6.855678499143097,0.4755900018117026
872,0.06256353137700998,0.004174997831164209,6.868648445623085,0.5213619137358249
873,0.11962191981873471,0.0076648129309245016,6.856145625581692,0.4500545491116373
874,0.0626636687812635,0.003982694339063972,6.872446351900742,0.5131864043160421
875,0.12042071356175499,0.00756668204601989,6.859566775482894,0.4501505840283685
876,0.061856644857872345,0.004170570710167028,6.876603876934501,0.5992552387023032
877,0.11977585680255465,0.007749121793390216,6.851597137282884,0.4831100409020866
878,0.06256527804354861,0.00430121582641289,6.8737468982102286,0.6010149441616112
879,0.11962836928628073,0.007906273001635933,6.856970161270359,0.5132549076895045
880,0.06265393857188029,0.004026456804619318,6.875872070299798,0.5253789155961417
881,0.12041185561124579,0.00732424889365335,6.852835914991097,0.4766187678231841
882,0.061852953633999785,0.004138859787912631,6.872838104588375,0.5582650253292152
883,0.11975570520310586,0.007768526471331905,6.860129989209182,0.49414215914767473
884,0.06256322394144487,0.004204912713721029,6.871316359084775,0.5573846620858147
885,0.11961714730690276,0.007713368634961894,6.856146108826984,0.4801031719060537
886,0.06271772673042475,0.0040264805404532636,6.86995718942179,0.5928810309124277
887,0.12044861448755118,0.00797680213190499,6.854458695967717,0.5279654860071383
888,0.061863621555793724,0.004225242759480312,6.8791101943812505,0.5411826740990253
889,0.11978272313547078,0.00780561249783182,6.854070302452205,0.46623052257984304
890,0.06256372854316727,0.0036933523101198755,6.874450438721295,0.5006068440836186
891,0.11962892427684058,0.007037600186841005,6.854815754759041,0.46398128342037276
892,0.0626577179365414,0.0037547200343899636,6.873213891136935,0.532864068398552
893,0.12041716909897526,0.00748550592763242,6.8521165837191615,0.4625788586064582
894,0.061863027388962544,0.0038151526588960202,6.881462527721394,0.4943644406810693
895,0.11977471502705905,0.007237152366064137,6.8581087360678605,0.44215872851616894
896,0.06256068833827633,0.003636748954479754,6.871423552387823,0.4995543090998057
897,0.1196299096643555,0.007009737807221229,6.847808598007115,0.439910175741832
898,0.06265880776551158,0.0035887728961245327,6.87425809871569,0.4763673084907479
899,0.12042115986911561,0.006928745802621024,6.862612204306645,0.4286991047161115
900,0.06185511034196867,0.0036693890939038455,6.870257676707509,0.47951395430596505
901,0.11976483483075007,0.007009675840742314,6.85795321481195,0.42419064322104394
902,0.06256976192589125,0.003669192652851619,6.873049041380293,0.4678214257262493
903,0.11961824896690165,0.007090731046350525,6.848983572875238,0.43749449228242177
904,0.06265105707009855,0.003628827912097819,6.87929863259674,0.47277737963040667
905,0.12040946627951243,0.006979718054618255,6.85521610673788,0.4355777539712418
906,0.06185251669858971,0.0035784608558175725,6.874916047887645,0.4602437189938057
907,0.11981358139017928,0.006870415554713556,6.852969548354231,0.43825243848152057
908,0.06255485083761825,0.0037794846709664777,6.873752411100085,0.5149876066291558
909,0.11962154093174038,0.00709756063710652,6.855930980372606,0.4766192132663277
910,0.06265608441911785,0.0038150862890604146,6.877051254073542,0.5182616384257436
911,0.12041610140109649,0.0075330365471752,6.858418049229252,0.4766193818369372
912,0.06186249072085337,0.00404060293304967,6.868066039695651,0.5324886993514171
913,0.11978061569043885,0.007539189739845626,6.8511225218074765,0.4756523685144567
914,0.06256394377257057,0.003961290413781182,6.87746963260708,0.5248848729004799
915,0.1196222592106706,0.007621694545125194,6.8613239167130935,0.4928806942598008
916,0.06266367315925203,0.004160455962821408,6.8698698100535145,0.5592050640980567
917,0.1204225011687512,0.007772733985206227,6.852632896046797,0.48439234171393514
918,0.061862550618310586,0.003993760804932552,6.872288890452603,0.5582650510660788
919,0.11977531113576068,0.007584793824343772,6.862847045265655,0.46623071337152244
920,0.06256198609699248,0.00392898016260127,6.87055890011469,0.527588475480059
921,0.11962701781077856,0.007387813738062656,6.855318182705397,0.4662226662432023
922,0.06265695691621487,0.0038784711992891664,6.874340783243281,0.5031526794986005
923,0.12041675544978092,0.0071791287877145385,6.858592306781307,0.4480708641899962
924,0.061861349491665774,0.004344729126812714,6.871787218934492,0.49559286389689977
925,0.11977270311652699,0.007602076639841749,6.853381583340793,0.426336687502741
926,0.06256422356465763,0.0040974989898242215,6.874182240081065,0.4904280079755994
927,0.11961854230852142,0.00720626706365192,6.855567548771165,0.4236529769981989
928,0.06264491747163037,0.003800109628389773,6.873477410975514,0.49558566608991167
929,0.12040218045045525,0.007130661433207549,6.8580027589807795,0.4267017570791839
930,0.061852465923053046,0.003952698448413791,6.873938905061495,0.4995505674370168
931,0.11982799554738777,0.007398961994736645,6.854648665868881,0.43257771976233256
932,0.06254971114827779,0.003923574516029343,6.872573510333964,0.499550676306931
933,0.11961662698046527,0.007369366544804946,6.857566403393751,0.45793087642058783
934,0.06265993105283918,0.004045501216347856,6.876692219953292,0.52366701672047
935,0.12041149549612262,0.007602916286955184,6.8497851443684965,0.4538859521631635
936,0.061863736472330566,0.003776666669840661,6.873116876922163,0.5048081212732134
937,0.11977721729143342,0.007124949904563225,6.861660131615642,0.4494733927472881
938,0.06256262342512642,0.003843983739657528,6.86877193246339,0.5042837552196433
939,0.11962846811056793,0.007236434732537394,6.858731152779372,0.4494694269727979
940,0.06266616400870229,0.003747103000803161,6.8759771205553015,0.5032253134573171
941,0.12042460782186959,0.007194499507126082,6.8502371460412235,0.4662262194128259
942,0.06185427034401314,0.004278950255875436,6.866538410065961,0.5395673030246351
943,0.1197655816248383,0.007812343303217002,6.868501134619132,0.5138115081731469
944,0.06256256845133534,0.004087346686599906,6.8766319195471395,0.5516466359201352
945,0.11961677609744525,0.007954538409517693,6.851873681349243,0.4850610299134261
946,0.06266588440994014,0.004366831101115512,6.862733968075019,0.5770031987970762
947,0.12039822455920346,0.008068836781506042,6.865302270972869,0.5130552448507237
948,0.062477222752054695,0.004337193556728482,6.880204224240862,0.5778255690111777
949,0.11950321034518441,0.008258750172038818,6.849603257963043,0.476625909282716
950,0.06267006728790225,0.004343586197462755,6.867960967753943,0.5554469195235475
951,0.12044545018385655,0.00832733764949057,6.862874214909273,0.5049872598010363
952,0.06186069820674589,0.004343084466466045,6.872560120304897,0.5782420378783305
953,0.11976512367127501,0.008248302799288664,6.844536008059764,0.4975730988856688
954,0.06255945961610798,0.004226360019846431,6.884908980224509,0.5620825097571562
955,0.11963155384320834,0.008001583491898985,6.8588478820884236,0.4907811449624033
956,0.06264917131790648,0.004165825600536608,6.8704344547645615,0.5340300981908791
957,0.1204071890288434,0.007660502143636054,6.846461820543947,0.4902824061133077
958,0.061862105091736175,0.004381277672537994,6.881006676285827,0.5582649941142195
959,0.11977350138295284,0.007800928704657606,6.854938354057295,0.4847208630171217
