run,cell_id,env_id,seed,flow,initial_jitter_rad,actuator_delay_steps,initial_q_sha256,command_sha256,initial_violation,violation,damaging,measured_joint_path_rad,joint_range_fraction_mean
nominal_table,1,0,8,l1_full,0.0,0,721f934df4e4cb622248d45e21fec1d1f78366ca66b62bc60e795ae5a2850248,b55f1101a006e74f452e9eb10aab2cab5d38322c7d00a177e7dc36c083e69715,False,False,False,32.753936767578125,0.15475834906101227
nominal_table,1,1,8,l1_full,0.0,0,721f934df4e4cb622248d45e21fec1d1f78366ca66b62bc60e795ae5a2850248,fad62caaec34aebc04c3754d58a2e6b4b8d5366e3a1260437d39eaec12a8a470,False,False,False,32.70637893676758,0.1594143807888031
nominal_table,1,2,8,l1_full,0.0,0,721f934df4e4cb622248d45e21fec1d1f78366ca66b62bc60e795ae5a2850248,be46af7f4b462be92e3905378b8388de9d624bf42d2250f2a1c4e2fb2901cd76,False,False,False,26.10323715209961,0.14160560071468353
nominal_table,1,3,8,l1_full,0.0,0,721f934df4e4cb622248d45e21fec1d1f78366ca66b62bc60e795ae5a2850248,3c51c612c1f308774bf7b4499cda2f694ef941cfa4bada3e7461993d4748402c,False,False,False,32.300479888916016,0.17747125029563904
nominal_table,1,4,8,l1_full,0.0,0,721f934df4e4cb622248d45e21fec1d1f78366ca66b62bc60e795ae5a2850248,ab888c8951bf351a124e7aa3285a8d563bb7de620c9d028c25029bc0fc6934b8,False,False,False,26.00600242614746,0.1404402256011963
nominal_table,1,5,8,l1_full,0.0,0,721f934df4e4cb622248d45e21fec1d1f78366ca66b62bc60e795ae5a2850248,a832ad5a45cb4ed71b9fc303b233900db782813186f63ba2542c19a39cdf33b1,False,False,False,23.850536346435547,0.09328094869852066
nominal_table,1,6,8,l1_full,0.0,0,721f934df4e4cb622248d45e21fec1d1f78366ca66b62bc60e795ae5a2850248,e871e920331d382d1f66fe28f48bc510f4f2c2940c4ba7eb613f02bdb3d66309,False,False,False,34.16794204711914,0.16511425375938416
nominal_table,1,7,8,l1_full,0.0,0,721f934df4e4cb622248d45e21fec1d1f78366ca66b62bc60e795ae5a2850248,84ada83c232e7c535fc021d34e25e3473337f41be176366d6db132c62406728c,False,False,False,27.436017990112305,0.15123151242733002
nominal_table,1,8,8,l1_full,0.0,0,721f934df4e4cb622248d45e21fec1d1f78366ca66b62bc60e795ae5a2850248,1a15c5330fb8be5ea470e815a2da46a6e6cd3463b2a81927e02afb4f4dab8d67,False,False,False,23.932584762573242,0.11455334722995758
nominal_table,1,9,8,l1_full,0.0,0,721f934df4e4cb622248d45e21fec1d1f78366ca66b62bc60e795ae5a2850248,cd16b8cc6a01dd813d36d0b80376a015df6cb7febaec4ed555a7348aa4764379,False,True,False,31.07657814025879,0.14088226854801178
nominal_table,1,10,8,l1_full,0.0,0,721f934df4e4cb622248d45e21fec1d1f78366ca66b62bc60e795ae5a2850248,016e683e0d45e69633abadc8aa2265e2e2440c9bd6c2f516be0157a635cfe8fa,False,False,False,31.753835678100586,0.12439130991697311
nominal_table,1,11,8,l1_full,0.0,0,721f934df4e4cb622248d45e21fec1d1f78366ca66b62bc60e795ae5a2850248,c83d8081f207bf0297038114505add353e9372072962f42885108ba92a3f46f4,False,False,False,37.782474517822266,0.18651829659938812
nominal_table,1,12,8,l1_full,0.0,0,721f934df4e4cb622248d45e21fec1d1f78366ca66b62bc60e795ae5a2850248,e639bf92862734a5f3b56572cfd6a3986869110272ad41f18b8977520cd6ff5d,False,False,False,28.12325668334961,0.1326165348291397
nominal_table,1,13,8,l1_full,0.0,0,721f934df4e4cb622248d45e21fec1d1f78366ca66b62bc60e795ae5a2850248,eba47acc97c1d7c7d4b432f4a1adfd4891fded4d47bc8fe21cb4a7c81ccdf126,False,False,False,33.2541618347168,0.1712975651025772
nominal_table,1,14,8,l1_full,0.0,0,721f934df4e4cb622248d45e21fec1d1f78366ca66b62bc60e795ae5a2850248,91ba3a4c4264651b7489435deb5bb9d57de893bdd88263897885b9d56491c6be,False,False,False,31.354951858520508,0.16731461882591248
nominal_table,1,15,8,l1_full,0.0,0,721f934df4e4cb622248d45e21fec1d1f78366ca66b62bc60e795ae5a2850248,b561426b6c50c6e16dc36f08a13bdf863ec2e1753f25530462d6b0142127b067,False,False,False,33.985107421875,0.14770576357841492
nominal_table,1,16,8,l1_full,0.0,0,721f934df4e4cb622248d45e21fec1d1f78366ca66b62bc60e795ae5a2850248,2087f0ba02d512607dbe9602a6287f03978daafadeceb4f99f0f5d04ac401426,False,False,False,28.77093505859375,0.1425032615661621
nominal_table,1,17,8,l1_full,0.0,0,721f934df4e4cb622248d45e21fec1d1f78366ca66b62bc60e795ae5a2850248,30003d2e281b87fd251fa9fd862988a212b40e8b41aebdae9007db35aecf3488,False,False,False,24.65412712097168,0.13498814404010773
nominal_table,1,18,8,l1_full,0.0,0,721f934df4e4cb622248d45e21fec1d1f78366ca66b62bc60e795ae5a2850248,87f362d062cd916a4cf0e62fec5cb26f2cca347b8a71824ae87a2cd3ee9a9321,False,False,False,23.366178512573242,0.10463844239711761
nominal_table,1,19,8,l1_full,0.0,0,721f934df4e4cb622248d45e21fec1d1f78366ca66b62bc60e795ae5a2850248,80cb6305872faed9a10adc2f5fed32593747f50c3271b966395de6a43ecc40a5,False,False,False,35.526119232177734,0.17483709752559662
nominal_table,1,20,8,l1_full,0.0,0,721f934df4e4cb622248d45e21fec1d1f78366ca66b62bc60e795ae5a2850248,8ec5b60612895cd596f8b40ace29a48c186a05ad975d378be926559ffb5106ad,False,False,False,24.107492446899414,0.1363653987646103
nominal_table,1,21,8,l1_full,0.0,0,721f934df4e4cb622248d45e21fec1d1f78366ca66b62bc60e795ae5a2850248,8b6ad9844abaa1b231ead2c775b13bba60a45aa367c56f9f02c044a425c57f1c,False,False,False,28.873525619506836,0.13495025038719177
nominal_table,1,22,8,l1_full,0.0,0,721f934df4e4cb622248d45e21fec1d1f78366ca66b62bc60e795ae5a2850248,c3544b82f904712bd3f902f8ada3bb9547fc9740c968ee82e136e8d790149234,False,False,False,26.682579040527344,0.13954927027225494
nominal_table,1,23,8,l1_full,0.0,0,721f934df4e4cb622248d45e21fec1d1f78366ca66b62bc60e795ae5a2850248,4a9ff122268203268b8cbb24d702375a2f409139fc3944d618363ed176adbe9e,False,False,False,31.930171966552734,0.14193347096443176
nominal_table,1,24,8,l1_full,0.0,0,721f934df4e4cb622248d45e21fec1d1f78366ca66b62bc60e795ae5a2850248,2a57e8f19e244ac57a3e1eff006d04f7e1b19aba71a96cd5d906c2994769f7ba,False,False,False,32.00430679321289,0.18962179124355316
nominal_table,1,25,8,l1_full,0.0,0,721f934df4e4cb622248d45e21fec1d1f78366ca66b62bc60e795ae5a2850248,d1e8e72c3beedec0ec96e2e22e9cafce5ea4bc2e97495b6fbb88357bbc5f7890,False,False,False,27.080244064331055,0.14149367809295654
nominal_table,1,26,8,l1_full,0.0,0,721f934df4e4cb622248d45e21fec1d1f78366ca66b62bc60e795ae5a2850248,8e118782bd5f4c1e5deebcfbabccc8e5c2b14786db4a2cadc51be0dc05228ab7,False,False,False,24.646930694580078,0.09148035943508148
nominal_table,1,27,8,l1_full,0.0,0,721f934df4e4cb622248d45e21fec1d1f78366ca66b62bc60e795ae5a2850248,b4c97650d7408f467a33c74f3809f0f8eba7809040313ef78a070d98d575cc32,False,False,False,39.74395751953125,0.1980753242969513
nominal_table,1,28,8,l1_full,0.0,0,721f934df4e4cb622248d45e21fec1d1f78366ca66b62bc60e795ae5a2850248,75d1ff887a14cc8320974e59772fc67326765735b79e1de125bec8b5b9ce9a45,False,False,False,30.938133239746094,0.14434581995010376
nominal_table,1,29,8,l1_full,0.0,0,721f934df4e4cb622248d45e21fec1d1f78366ca66b62bc60e795ae5a2850248,8139a33042e21919e6ea71639301c88d190dbe8db3e8589087d8f1512b8393fd,False,False,False,35.84799575805664,0.18043875694274902
nominal_table,1,30,8,l1_full,0.0,0,721f934df4e4cb622248d45e21fec1d1f78366ca66b62bc60e795ae5a2850248,f04b33227600078e9b17c2fe783f5a072e9c2c2773847dbaf2f73a89a580adcd,False,False,False,30.60902976989746,0.13287848234176636
nominal_table,1,31,8,l1_full,0.0,0,721f934df4e4cb622248d45e21fec1d1f78366ca66b62bc60e795ae5a2850248,b56f0ba0d44020b995ceae66d84e5692016bfecded54cf1bf9b9d0378c244fef,False,False,False,26.25371742248535,0.13580182194709778
delayed,1,0,12,held_random,0.3,6,8cd67aca8edeebd9b32864e3b9f050b6ac96407604520819fce64aa0d6d12348,a9c6b32ff0a3ac1f20800f1cb6e73d0b66f3c1c570c8631ce7657cd55da7af97,False,False,False,84.36241149902344,0.304121196269989
delayed,1,1,12,held_random,0.3,6,5dc63fd3f9be5340b419ad4ab408d3c781642707231df54a42f25bca13d8b4a5,668afa5f3ada2f498c04e7bbf62fdc008f7ebd404798b869e73d5c313a338271,False,False,False,96.29288482666016,0.35115429759025574
delayed,1,2,12,held_random,0.3,6,d75ab313afc3289d03bc00e8c06db7f1640653e9efca40d86e7c925f21df4f33,c222d274b106569e6ce5a31175403656330499aacea124f38b6ee420d174a818,False,False,False,97.77100372314453,0.3458685874938965
delayed,1,3,12,held_random,0.3,6,b034b2f2c120c07d979408bf22a56da974e76c99e39296ddd74a2e13b7075e8b,89074ccdad30f6452e726e220ca534dfad1995555b73d06f968afe64d92346d5,False,False,False,88.10523986816406,0.31123465299606323
delayed,1,4,12,held_random,0.3,6,a3eb5f27c3d07cba1a887c78444fbd4ca762245b4bca31bba9604dc6d9f8e7cb,1c8d93d44727c366af751aa3d93aff880e1573bf0973a5e690a7094bcfc22110,False,False,False,100.47725677490234,0.3512328267097473
delayed,1,5,12,held_random,0.3,6,d5a3f7503c4c38a6b5c316648238542c4441956048304d92fdf83369060ec42b,c48f6899830c4a084dd620867ace109369ed961ef59b3c0f77fb239ee945d843,False,False,False,94.52472686767578,0.3123895227909088
delayed,1,6,12,held_random,0.3,6,1ecbb71cadbab1d5011bc9b50ae0cb7ed4d4b71d66f895125be6c8ff9e77beb1,6a8c6412f5d06592f5bf3a6659205e4ed641720cee049d6949259097b82d4870,False,True,True,94.72178649902344,0.2713010907173157
delayed,1,7,12,held_random,0.3,6,5c958d77756a154f8f338a380b5baab09ee77bf3cb6e6fdd59b29a4266e6b044,83069b323aa246d38b98d2112e986c54e81c6f4a480044268099c4da81bb2792,False,False,False,97.7253646850586,0.32572445273399353
delayed,1,8,12,held_random,0.3,6,a5979279de9d1c0562c528243c0ea7b422dd362b869f100e6d90ce7e48e6eaaf,1b8d31d10430f07b2b9b42b3dce0f5b76d4b4150757d3b319f2a945cae5f3331,False,False,False,77.75770568847656,0.32130205631256104
delayed,1,9,12,held_random,0.3,6,49c9092f12e1023fc46d85afe1efc7c8973858edbff7f37947be04e5192caa8e,6b49ca4cd1a5a4122713106954a44e1ecef4e207334ff8c4edf572bea310424c,False,False,False,74.15843200683594,0.25430938601493835
delayed,1,10,12,held_random,0.3,6,256e90f2f274d7820b34c7cfe0ace0b680e9bb4b238ecfa56cc56d80d8ad6bd8,c0e0ae0a82347b69e5a425de536a11d8bbbcaa036d85b049680f71894cdbca37,False,False,False,95.50690460205078,0.33907732367515564
delayed,1,11,12,held_random,0.3,6,6c49521941e419385512638b5a7e5945b0b90eaa0fb7000d23b59412e7d6dd4c,60467d2d723360bedddb82ce8546ffd03ebe551eaf04a4fc309b01df4ead7974,False,False,False,91.13700866699219,0.3344874083995819
delayed,1,12,12,held_random,0.3,6,9d308195e77fbd57d38c45f6804a4128c66e80d6c7cf92fdd7b84b5890c913d7,c39738460d2b55f8f04c30e7f5f5bfee45e50e10348b7b05bacba2eaf513a65b,False,True,False,102.61132049560547,0.3395598232746124
delayed,1,13,12,held_random,0.3,6,f79a0b4b49a51d330d07eda0a9090252eeadc84495726c20571be35460686cf8,87831a5258bb5d2e7c3e2cd925bda7268ada532fc597ab000f4eec3e7ba25930,False,True,False,82.10157012939453,0.2526286542415619
delayed,1,14,12,held_random,0.3,6,b7f24721225cc2fe5f2c0e67ec442d1a1dc376e472da3866524206dbbedc2751,70151ccc2751067938603a4d65ce0eaf07cccf22d01394ae08636f59d55aad29,False,False,False,69.22714233398438,0.2567238211631775
delayed,1,15,12,held_random,0.3,6,86c314a45ec82ee12c7e518d8223e70f8bb84cbaa231f66b0956ff7d72897c2d,b09ecaca8ef3d932257b171865bc9d05cc4b09ebafb43b363f0dcfc34ac27add,False,True,True,77.87919616699219,0.2930816113948822
delayed,1,16,12,held_random,0.3,6,63be56312c2c8fdebef9a2e5364f9244be8924ec2028f73cf3a8cb7968cd365e,05177c1a32af8e1e3aa4d847d2abe1914c656b25b4f66da28f6d9f2c515a5dc7,False,False,False,72.91376495361328,0.2278127819299698
delayed,1,17,12,held_random,0.3,6,8d2cad72cdd5ae4923f9bc57628c1881f31c8a4e2414ce46b0a6875ce324d41c,16d0c5562dfb228e73c1d3482f2656b917f172109ffebe80c84b57572d6abe6d,False,False,False,70.75825500488281,0.2865690290927887
delayed,1,18,12,held_random,0.3,6,9e1f4ba9f52fc53192b0c78d5dbfde705af8fc2dd34f0be1ac016586e607c5bf,243ddf32b47f8b499879aed122f78619c1f64e0f363d0e4fdcf9685309d8e125,False,False,False,83.16790771484375,0.27058640122413635
delayed,1,19,12,held_random,0.3,6,7631950aece22aa1595a323ae8cae0da2135efabe867efbeb8a3aaac557046ed,e1390c1f239106dda70da00858c48e760deb2c388803b96fc7f6813adfead455,False,False,False,83.42787170410156,0.3163580596446991
delayed,1,20,12,held_random,0.3,6,5a3a4436d1e25c75de769b1f24c5801d9da962525afbbc7d397d35d5872217b8,59ba95a66dc530a3f9f24f2879d8fe32e1ea52001271cda6a6983419cdd0e5ac,False,True,False,65.55229187011719,0.2510567903518677
delayed,1,21,12,held_random,0.3,6,87662abf84aae3f76759c47d405add7cf5965b7d97017ff85070ed4f9d2de88f,930e9f535480e8a65ef2dd5d37195358b77a023fca9ac1b1023cdfc870ef4b17,False,False,False,71.01405334472656,0.2622775137424469
delayed,1,22,12,held_random,0.3,6,150578895c07515eab0ceb06598f936e5525e36acd873a46537045bb4a5a4f4f,f62e4cf92073f4f2ceb6ef765e431f7f499b30c5c8cc166ace1e68f27e11eaa5,False,True,True,98.36774444580078,0.3173868954181671
delayed,1,23,12,held_random,0.3,6,13404c8f8d901995bb8b951712e6084c80d13bd7befb5482c2438aa350a62901,fc0cee9724de6e732ed90949a6d88d6a814bbb72318d73761a26845b62746835,False,False,False,79.11842346191406,0.22825077176094055
delayed,1,24,12,held_random,0.3,6,02b25a339c2f62778a758fa619e330808e920f12a7f40f6fef8878c7164b56c0,f5067e9521ceded650115bfbd8f45ffb304a5697a102f3da97623d1a592b93a2,False,False,False,98.5920181274414,0.2981080412864685
delayed,1,25,12,held_random,0.3,6,7d65f851d234cdb5554bfb8553248475e0aea446483d53b23328aa421659caa2,2780590c3fc8a649ee16c9178e015b30e0ea238fc702739454773279f6d8ca74,False,True,True,79.73128509521484,0.26176053285598755
delayed,1,26,12,held_random,0.3,6,a5319886a1212ef0b78a0bd46f9d56c7c1ba8d79a50be1ba99408dbab3f00fce,acc55bccf3d9a684bea21f2969a6dfab7caf7d503f6c2dee1da727bed0096c5e,False,False,False,92.7470703125,0.31983068585395813
delayed,1,27,12,held_random,0.3,6,79eb3a536ff8fd6f89d46416cd82fefe3978327b61aa0dc5d92d65c06c538594,96163426b6e15f18a2d5239fec7a33df931150c40bcf34c02a8bed2270f83d40,False,False,False,79.32255554199219,0.28769728541374207
delayed,1,28,12,held_random,0.3,6,5754c59261a2a4d35086a70e61206c6966f197ad10f27831dc4b6e4ff73be3d4,bc0045f61748a6bd232d829ba059c22ebfc03749a1082bb1d935f37bf1a7e3fa,False,True,True,83.3563232421875,0.2791992723941803
delayed,1,29,12,held_random,0.3,6,619c1f766eb8b2f7c916e8a7381820257541a3ffacdb85774c3221da660c0b19,4fc7c78f59d3b9ddb6344ecd472f4e2b341a116f6fe24af443bec0481889d0c9,False,True,True,85.60650634765625,0.2808173596858978
delayed,1,30,12,held_random,0.3,6,fc8fd051677b3d3996b9d429631918a5399ab0a3ae50065e67349304b7678fe4,a255e8db404d072cce867d1a3cae4bedb7a40173d13d17571b04d1a79685dc9f,False,True,True,90.55654907226562,0.31631767749786377
delayed,1,31,12,held_random,0.3,6,7970cb9bc98d30be6ea941d7fcd2b646cefdc0664d6205e7f349347786c5b946,5955f1ab6d59a344cc246b9880a1381e5a5bd35f81c74a6d7f3bb6b3c3370be5,False,True,False,87.4456558227539,0.31069788336753845
nominal_debit,1,0,8,l1_full,0.0,0,721f934df4e4cb622248d45e21fec1d1f78366ca66b62bc60e795ae5a2850248,4d395d5fd209cfe20ee7039dc164481baa77d8c53ab061d9496950361f8aeada,False,False,False,31.887134552001953,0.13614040613174438
nominal_debit,1,1,8,l1_full,0.0,0,721f934df4e4cb622248d45e21fec1d1f78366ca66b62bc60e795ae5a2850248,f1fa6cf46958b844a60cb3f5a0d0c399cfd1b5097408e4264d65a37a5ddcf81a,False,True,True,33.23817443847656,0.14136621356010437
nominal_debit,1,2,8,l1_full,0.0,0,721f934df4e4cb622248d45e21fec1d1f78366ca66b62bc60e795ae5a2850248,7068dbf225d0db0b59c2b613d012ba9d828beed403ec0dca7659d70c282a4a35,False,True,True,25.83395767211914,0.14211013913154602
nominal_debit,1,3,8,l1_full,0.0,0,721f934df4e4cb622248d45e21fec1d1f78366ca66b62bc60e795ae5a2850248,bacd2d4444de8432fb90d761000e5ab24116ea04b61e829ca4e4973c2b2fb42a,False,False,False,30.73224449157715,0.16578230261802673
nominal_debit,1,4,8,l1_full,0.0,0,721f934df4e4cb622248d45e21fec1d1f78366ca66b62bc60e795ae5a2850248,2db6ef05d2548d726ea8e87307076a305653d513659f83b6a103857a1aec4439,False,False,False,23.965124130249023,0.12593409419059753
nominal_debit,1,5,8,l1_full,0.0,0,721f934df4e4cb622248d45e21fec1d1f78366ca66b62bc60e795ae5a2850248,291c323ced15746f14375df392b225d6f6e2833bddc709950012341af71740be,False,True,True,22.909894943237305,0.10703136026859283
nominal_debit,1,6,8,l1_full,0.0,0,721f934df4e4cb622248d45e21fec1d1f78366ca66b62bc60e795ae5a2850248,83d7acf19af06b02f7f176c212aac0a192fbe12c2f31b548887d96da2c9618d6,False,False,False,36.81376647949219,0.16429749131202698
nominal_debit,1,7,8,l1_full,0.0,0,721f934df4e4cb622248d45e21fec1d1f78366ca66b62bc60e795ae5a2850248,d31d6ad9d5616e8de21449e52f79cc8fc872804c3341a66e1531caf93235ee0f,False,True,True,27.955663681030273,0.1478561908006668
nominal_debit,1,8,8,l1_full,0.0,0,721f934df4e4cb622248d45e21fec1d1f78366ca66b62bc60e795ae5a2850248,913cad62becc2b99ee5d0496160ac6fc8c2a4d640b6537e173eca931201ca7c3,False,True,True,22.953964233398438,0.11407668888568878
nominal_debit,1,9,8,l1_full,0.0,0,721f934df4e4cb622248d45e21fec1d1f78366ca66b62bc60e795ae5a2850248,e4af6d11fc49cb108f777bcc04c16037bd365a799e1e66df97a6262eb67f1d6d,False,True,True,32.420318603515625,0.13890546560287476
nominal_debit,1,10,8,l1_full,0.0,0,721f934df4e4cb622248d45e21fec1d1f78366ca66b62bc60e795ae5a2850248,4d2e60814e31265d87205a514f74acdddc35f7985de9b536b6615530cb969496,False,False,False,26.74384307861328,0.11658426374197006
nominal_debit,1,11,8,l1_full,0.0,0,721f934df4e4cb622248d45e21fec1d1f78366ca66b62bc60e795ae5a2850248,366e3fec44e3d711ec7d336c52d71aa11817cb24de2cf585f2c9b89d592c20ad,False,True,True,39.532596588134766,0.1840049922466278
nominal_debit,1,12,8,l1_full,0.0,0,721f934df4e4cb622248d45e21fec1d1f78366ca66b62bc60e795ae5a2850248,de3ad281022293fd9a474ef759428b7679dcc3c6e6563b18dbdac31e9ce6ecae,False,False,False,25.037492752075195,0.14317618310451508
nominal_debit,1,13,8,l1_full,0.0,0,721f934df4e4cb622248d45e21fec1d1f78366ca66b62bc60e795ae5a2850248,def0b7ca761501b060b87d0e7d501604eb2e87c9547e67e41a52f764bd44dbe6,False,True,True,33.12324142456055,0.1561475396156311
nominal_debit,1,14,8,l1_full,0.0,0,721f934df4e4cb622248d45e21fec1d1f78366ca66b62bc60e795ae5a2850248,ae89e034e6d386ad58b7f7182d136770b4ae9b53232cfcad862b1398e5f9a9bd,False,False,False,35.286746978759766,0.17830966413021088
nominal_debit,1,15,8,l1_full,0.0,0,721f934df4e4cb622248d45e21fec1d1f78366ca66b62bc60e795ae5a2850248,febec97391a5266bbe12a9f060db7da21b8a96b5f4b412841b2b146baaa8af6f,False,True,True,29.048635482788086,0.13858440518379211
nominal_debit,1,16,8,l1_full,0.0,0,721f934df4e4cb622248d45e21fec1d1f78366ca66b62bc60e795ae5a2850248,049c32a56358b0b8c12ae97b8e24525d34421d33db393d902365f6fb2ccec1e6,False,False,False,26.942930221557617,0.13970516622066498
nominal_debit,1,17,8,l1_full,0.0,0,721f934df4e4cb622248d45e21fec1d1f78366ca66b62bc60e795ae5a2850248,037ed821e4c4db24d0f5429f8fd79e182be4a75ac3e602d84ecf450456d3ad8d,False,True,True,27.098888397216797,0.14134790003299713
nominal_debit,1,18,8,l1_full,0.0,0,721f934df4e4cb622248d45e21fec1d1f78366ca66b62bc60e795ae5a2850248,cd81c61a4c0807bb6fef9a2bc4eac3cd0d23b433b01ad920e35be2ecfd0b38e9,False,True,True,22.29651641845703,0.09298641234636307
nominal_debit,1,19,8,l1_full,0.0,0,721f934df4e4cb622248d45e21fec1d1f78366ca66b62bc60e795ae5a2850248,c499a3894993da799907de0eb7ab649eeb35d279f18df674e821b0dbca28a1d6,False,False,False,30.7271728515625,0.16425396502017975
nominal_debit,1,20,8,l1_full,0.0,0,721f934df4e4cb622248d45e21fec1d1f78366ca66b62bc60e795ae5a2850248,b9d2aebbf0d3a4a2eab5d1f43d14fdf0081f034e38f3b2e6110d3350ba861913,False,False,False,28.31183624267578,0.1414470374584198
nominal_debit,1,21,8,l1_full,0.0,0,721f934df4e4cb622248d45e21fec1d1f78366ca66b62bc60e795ae5a2850248,ff4f3d7ccc2f756efc0ae14d935d5ab88803a18360e12fc1f182600c0614b199,False,True,True,24.6020565032959,0.11010496318340302
nominal_debit,1,22,8,l1_full,0.0,0,721f934df4e4cb622248d45e21fec1d1f78366ca66b62bc60e795ae5a2850248,5d2bcb6f2498203fa2af01ababc18d4c64799aa168f8989a73a36afeb4eb0b0e,False,False,False,29.24937629699707,0.15104906260967255
nominal_debit,1,23,8,l1_full,0.0,0,721f934df4e4cb622248d45e21fec1d1f78366ca66b62bc60e795ae5a2850248,03a59ff3c100dd8ff58e064af99e91f59926a61cea84793e6db02aacd33681c9,False,True,True,26.88076400756836,0.12022066861391068
nominal_debit,1,24,8,l1_full,0.0,0,721f934df4e4cb622248d45e21fec1d1f78366ca66b62bc60e795ae5a2850248,a4e62c1f0c012b970fd1c165cc178872bd9c1b9cbcd99fdc6d540ed9d59a6d75,False,False,False,33.85968780517578,0.18654243648052216
nominal_debit,1,25,8,l1_full,0.0,0,721f934df4e4cb622248d45e21fec1d1f78366ca66b62bc60e795ae5a2850248,b0cf95938a7cc88dc251c651d2a58d13e2aeeb29117d3eb6fd737fc3797bd406,False,False,False,28.751293182373047,0.14446353912353516
nominal_debit,1,26,8,l1_full,0.0,0,721f934df4e4cb622248d45e21fec1d1f78366ca66b62bc60e795ae5a2850248,7e4da21af86639caa06f2afcb63bd829cfa53b193f6330819f205b2f224a1302,False,False,False,23.058835983276367,0.08713825047016144
nominal_debit,1,27,8,l1_full,0.0,0,721f934df4e4cb622248d45e21fec1d1f78366ca66b62bc60e795ae5a2850248,6d61432dc145f0de50f0d4817e50e9bd9ed02488bf3b666f38e4d617558f3a15,False,True,True,39.23042678833008,0.17861226201057434
nominal_debit,1,28,8,l1_full,0.0,0,721f934df4e4cb622248d45e21fec1d1f78366ca66b62bc60e795ae5a2850248,f8f92e67eb99dd6380a047a555b1f9d68e13fcb13377f06b1d3587241003748e,False,False,False,37.86127471923828,0.1501888483762741
nominal_debit,1,29,8,l1_full,0.0,0,721f934df4e4cb622248d45e21fec1d1f78366ca66b62bc60e795ae5a2850248,9c29f3b1670381ac8d8f7147487f33544c78ae9f234d3bcfdaffa2eb33a959d5,False,False,False,32.479331970214844,0.1600230634212494
nominal_debit,1,30,8,l1_full,0.0,0,721f934df4e4cb622248d45e21fec1d1f78366ca66b62bc60e795ae5a2850248,8fa2b25cd86209cdef8c03202d20269a51074ac9f6e715d5c442daabfcc2ff44,False,True,True,33.272926330566406,0.13935916125774384
nominal_debit,1,31,8,l1_full,0.0,0,721f934df4e4cb622248d45e21fec1d1f78366ca66b62bc60e795ae5a2850248,ba96c546469000a0dcde81c8be2f1795a51de01bac6be0df0c6e6b6ffadd9fe4,False,False,False,27.056640625,0.1402100920677185
delayed_debit,1,0,12,held_random,0.3,6,8cd67aca8edeebd9b32864e3b9f050b6ac96407604520819fce64aa0d6d12348,a9c6b32ff0a3ac1f20800f1cb6e73d0b66f3c1c570c8631ce7657cd55da7af97,False,False,False,101.600830078125,0.31460830569267273
delayed_debit,1,1,12,held_random,0.3,6,5dc63fd3f9be5340b419ad4ab408d3c781642707231df54a42f25bca13d8b4a5,668afa5f3ada2f498c04e7bbf62fdc008f7ebd404798b869e73d5c313a338271,False,False,False,101.26866149902344,0.3562771677970886
delayed_debit,1,2,12,held_random,0.3,6,d75ab313afc3289d03bc00e8c06db7f1640653e9efca40d86e7c925f21df4f33,c222d274b106569e6ce5a31175403656330499aacea124f38b6ee420d174a818,False,False,False,102.04049682617188,0.34668561816215515
delayed_debit,1,3,12,held_random,0.3,6,b034b2f2c120c07d979408bf22a56da974e76c99e39296ddd74a2e13b7075e8b,89074ccdad30f6452e726e220ca534dfad1995555b73d06f968afe64d92346d5,False,False,False,91.31096649169922,0.3050628900527954
delayed_debit,1,4,12,held_random,0.3,6,a3eb5f27c3d07cba1a887c78444fbd4ca762245b4bca31bba9604dc6d9f8e7cb,1c8d93d44727c366af751aa3d93aff880e1573bf0973a5e690a7094bcfc22110,False,False,False,108.81583404541016,0.35649535059928894
delayed_debit,1,5,12,held_random,0.3,6,d5a3f7503c4c38a6b5c316648238542c4441956048304d92fdf83369060ec42b,c48f6899830c4a084dd620867ace109369ed961ef59b3c0f77fb239ee945d843,False,False,False,105.9648666381836,0.31820428371429443
delayed_debit,1,6,12,held_random,0.3,6,1ecbb71cadbab1d5011bc9b50ae0cb7ed4d4b71d66f895125be6c8ff9e77beb1,6a8c6412f5d06592f5bf3a6659205e4ed641720cee049d6949259097b82d4870,False,False,False,100.9197769165039,0.27044478058815
delayed_debit,1,7,12,held_random,0.3,6,5c958d77756a154f8f338a380b5baab09ee77bf3cb6e6fdd59b29a4266e6b044,83069b323aa246d38b98d2112e986c54e81c6f4a480044268099c4da81bb2792,False,False,False,103.75177764892578,0.32478979229927063
delayed_debit,1,8,12,held_random,0.3,6,a5979279de9d1c0562c528243c0ea7b422dd362b869f100e6d90ce7e48e6eaaf,1b8d31d10430f07b2b9b42b3dce0f5b76d4b4150757d3b319f2a945cae5f3331,False,True,True,97.0647964477539,0.33815205097198486
delayed_debit,1,9,12,held_random,0.3,6,49c9092f12e1023fc46d85afe1efc7c8973858edbff7f37947be04e5192caa8e,6b49ca4cd1a5a4122713106954a44e1ecef4e207334ff8c4edf572bea310424c,False,True,False,92.5947265625,0.2739453613758087
delayed_debit,1,10,12,held_random,0.3,6,256e90f2f274d7820b34c7cfe0ace0b680e9bb4b238ecfa56cc56d80d8ad6bd8,c0e0ae0a82347b69e5a425de536a11d8bbbcaa036d85b049680f71894cdbca37,False,False,False,103.97473907470703,0.3406734764575958
delayed_debit,1,11,12,held_random,0.3,6,6c49521941e419385512638b5a7e5945b0b90eaa0fb7000d23b59412e7d6dd4c,60467d2d723360bedddb82ce8546ffd03ebe551eaf04a4fc309b01df4ead7974,False,False,False,106.21133422851562,0.34263914823532104
delayed_debit,1,12,12,held_random,0.3,6,9d308195e77fbd57d38c45f6804a4128c66e80d6c7cf92fdd7b84b5890c913d7,c39738460d2b55f8f04c30e7f5f5bfee45e50e10348b7b05bacba2eaf513a65b,False,False,False,107.38365936279297,0.34441694617271423
delayed_debit,1,13,12,held_random,0.3,6,f79a0b4b49a51d330d07eda0a9090252eeadc84495726c20571be35460686cf8,87831a5258bb5d2e7c3e2cd925bda7268ada532fc597ab000f4eec3e7ba25930,False,True,True,97.02159118652344,0.29052770137786865
delayed_debit,1,14,12,held_random,0.3,6,b7f24721225cc2fe5f2c0e67ec442d1a1dc376e472da3866524206dbbedc2751,70151ccc2751067938603a4d65ce0eaf07cccf22d01394ae08636f59d55aad29,False,True,True,89.44831848144531,0.28501516580581665
delayed_debit,1,15,12,held_random,0.3,6,86c314a45ec82ee12c7e518d8223e70f8bb84cbaa231f66b0956ff7d72897c2d,b09ecaca8ef3d932257b171865bc9d05cc4b09ebafb43b363f0dcfc34ac27add,False,True,True,98.32948303222656,0.3147414028644562
delayed_debit,1,16,12,held_random,0.3,6,63be56312c2c8fdebef9a2e5364f9244be8924ec2028f73cf3a8cb7968cd365e,05177c1a32af8e1e3aa4d847d2abe1914c656b25b4f66da28f6d9f2c515a5dc7,False,True,False,103.31884765625,0.2935400605201721
delayed_debit,1,17,12,held_random,0.3,6,8d2cad72cdd5ae4923f9bc57628c1881f31c8a4e2414ce46b0a6875ce324d41c,16d0c5562dfb228e73c1d3482f2656b917f172109ffebe80c84b57572d6abe6d,False,True,True,95.6434555053711,0.31659701466560364
delayed_debit,1,18,12,held_random,0.3,6,9e1f4ba9f52fc53192b0c78d5dbfde705af8fc2dd34f0be1ac016586e607c5bf,243ddf32b47f8b499879aed122f78619c1f64e0f363d0e4fdcf9685309d8e125,False,True,True,90.48487091064453,0.272644966840744
delayed_debit,1,19,12,held_random,0.3,6,7631950aece22aa1595a323ae8cae0da2135efabe867efbeb8a3aaac557046ed,e1390c1f239106dda70da00858c48e760deb2c388803b96fc7f6813adfead455,False,True,True,92.58357238769531,0.33688485622406006
delayed_debit,1,20,12,held_random,0.3,6,5a3a4436d1e25c75de769b1f24c5801d9da962525afbbc7d397d35d5872217b8,59ba95a66dc530a3f9f24f2879d8fe32e1ea52001271cda6a6983419cdd0e5ac,False,False,False,97.16290283203125,0.29394853115081787
delayed_debit,1,21,12,held_random,0.3,6,87662abf84aae3f76759c47d405add7cf5965b7d97017ff85070ed4f9d2de88f,930e9f535480e8a65ef2dd5d37195358b77a023fca9ac1b1023cdfc870ef4b17,False,True,True,93.37873840332031,0.274445116519928
delayed_debit,1,22,12,held_random,0.3,6,150578895c07515eab0ceb06598f936e5525e36acd873a46537045bb4a5a4f4f,f62e4cf92073f4f2ceb6ef765e431f7f499b30c5c8cc166ace1e68f27e11eaa5,False,False,False,105.2021255493164,0.31835514307022095
delayed_debit,1,23,12,held_random,0.3,6,13404c8f8d901995bb8b951712e6084c80d13bd7befb5482c2438aa350a62901,fc0cee9724de6e732ed90949a6d88d6a814bbb72318d73761a26845b62746835,False,False,False,90.69356536865234,0.252261221408844
delayed_debit,1,24,12,held_random,0.3,6,02b25a339c2f62778a758fa619e330808e920f12a7f40f6fef8878c7164b56c0,f5067e9521ceded650115bfbd8f45ffb304a5697a102f3da97623d1a592b93a2,False,False,False,104.07535552978516,0.29873329401016235
delayed_debit,1,25,12,held_random,0.3,6,7d65f851d234cdb5554bfb8553248475e0aea446483d53b23328aa421659caa2,2780590c3fc8a649ee16c9178e015b30e0ea238fc702739454773279f6d8ca74,False,False,False,99.36927032470703,0.30684491991996765
delayed_debit,1,26,12,held_random,0.3,6,a5319886a1212ef0b78a0bd46f9d56c7c1ba8d79a50be1ba99408dbab3f00fce,acc55bccf3d9a684bea21f2969a6dfab7caf7d503f6c2dee1da727bed0096c5e,False,True,True,101.80103302001953,0.32053443789482117
delayed_debit,1,27,12,held_random,0.3,6,79eb3a536ff8fd6f89d46416cd82fefe3978327b61aa0dc5d92d65c06c538594,96163426b6e15f18a2d5239fec7a33df931150c40bcf34c02a8bed2270f83d40,False,False,False,90.483154296875,0.3126545548439026
delayed_debit,1,28,12,held_random,0.3,6,5754c59261a2a4d35086a70e61206c6966f197ad10f27831dc4b6e4ff73be3d4,bc0045f61748a6bd232d829ba059c22ebfc03749a1082bb1d935f37bf1a7e3fa,False,False,False,100.80443572998047,0.2980874180793762
delayed_debit,1,29,12,held_random,0.3,6,619c1f766eb8b2f7c916e8a7381820257541a3ffacdb85774c3221da660c0b19,4fc7c78f59d3b9ddb6344ecd472f4e2b341a116f6fe24af443bec0481889d0c9,False,False,False,99.94583892822266,0.28687673807144165
delayed_debit,1,30,12,held_random,0.3,6,fc8fd051677b3d3996b9d429631918a5399ab0a3ae50065e67349304b7678fe4,a255e8db404d072cce867d1a3cae4bedb7a40173d13d17571b04d1a79685dc9f,False,False,False,100.47927856445312,0.32171255350112915
delayed_debit,1,31,12,held_random,0.3,6,7970cb9bc98d30be6ea941d7fcd2b646cefdc0664d6205e7f349347786c5b946,5955f1ab6d59a344cc246b9880a1381e5a5bd35f81c74a6d7f3bb6b3c3370be5,False,False,False,93.47017669677734,0.31457334756851196
nominal_critical,1,0,8,l1_full,0.0,0,721f934df4e4cb622248d45e21fec1d1f78366ca66b62bc60e795ae5a2850248,f277d702e87dc862d221637caeb46be50f21c3d8bddd436459e38c51ece4e230,False,False,False,33.840545654296875,0.16011859476566315
nominal_critical,1,1,8,l1_full,0.0,0,721f934df4e4cb622248d45e21fec1d1f78366ca66b62bc60e795ae5a2850248,445cdaf6ffe759098de5d048591524f9dca4bf349332255d868662c107c1a0b6,False,False,False,31.49679946899414,0.15665467083454132
nominal_critical,1,2,8,l1_full,0.0,0,721f934df4e4cb622248d45e21fec1d1f78366ca66b62bc60e795ae5a2850248,ee56899391fe8094f0992b62295c41800c88d88210965666a251398c32c6c524,False,False,False,26.92349624633789,0.142218679189682
nominal_critical,1,3,8,l1_full,0.0,0,721f934df4e4cb622248d45e21fec1d1f78366ca66b62bc60e795ae5a2850248,34651b280b2d850d3a48dda8ea09940c20e3411e8121bbd857d81b35393086d8,False,False,False,32.426483154296875,0.17439495027065277
nominal_critical,1,4,8,l1_full,0.0,0,721f934df4e4cb622248d45e21fec1d1f78366ca66b62bc60e795ae5a2850248,6a7863dd16aed2ec23e8af102c90f47ae459bb8420219f5673b81afb1791eda8,False,False,False,26.610036849975586,0.13989771902561188
nominal_critical,1,5,8,l1_full,0.0,0,721f934df4e4cb622248d45e21fec1d1f78366ca66b62bc60e795ae5a2850248,9a7df5f12d0fc528d1fa48e71d111ada3f2d9557b127b2f9439d458888d37ade,False,False,False,22.301250457763672,0.10057342797517776
nominal_critical,1,6,8,l1_full,0.0,0,721f934df4e4cb622248d45e21fec1d1f78366ca66b62bc60e795ae5a2850248,a5f1020fa0fb3bbd891afdb92d5064e63c1bcd4b4c03c3a1eea09915f94d6108,False,False,False,35.17163848876953,0.16764816641807556
nominal_critical,1,7,8,l1_full,0.0,0,721f934df4e4cb622248d45e21fec1d1f78366ca66b62bc60e795ae5a2850248,1e9c58b56d75ede197fca3f19d860248075d23c318bb55a26c8cb9daf21628f4,False,False,False,27.254169464111328,0.14297688007354736
nominal_critical,1,8,8,l1_full,0.0,0,721f934df4e4cb622248d45e21fec1d1f78366ca66b62bc60e795ae5a2850248,023aa7bc099c0ba3e526640c74b9370d663facaaa31ada7ee8ab56a767e67005,False,False,False,25.776472091674805,0.12201932072639465
nominal_critical,1,9,8,l1_full,0.0,0,721f934df4e4cb622248d45e21fec1d1f78366ca66b62bc60e795ae5a2850248,25560cd713043155b0a9bd06eda7504c17083ffbd69d546318e9d25aa41f45c2,False,False,False,29.378498077392578,0.14040786027908325
nominal_critical,1,10,8,l1_full,0.0,0,721f934df4e4cb622248d45e21fec1d1f78366ca66b62bc60e795ae5a2850248,c593a13da5e8bbc2bc229dcf39f6f05cc5e19a318e5b69d8f0258e57e5ead5f6,False,False,False,31.90205955505371,0.12412692606449127
nominal_critical,1,11,8,l1_full,0.0,0,721f934df4e4cb622248d45e21fec1d1f78366ca66b62bc60e795ae5a2850248,410233fbbfb6759e6fddd06aef2ec7c70cb7bce3c6c72358ee8876ba045e27db,False,False,False,38.964744567871094,0.18197686970233917
nominal_critical,1,12,8,l1_full,0.0,0,721f934df4e4cb622248d45e21fec1d1f78366ca66b62bc60e795ae5a2850248,e3155c17902e3ea7fc95cf33d8d6ec40332065a11a21d3d51d9583e54dd9cbc2,False,False,False,28.718490600585938,0.1369873285293579
nominal_critical,1,13,8,l1_full,0.0,0,721f934df4e4cb622248d45e21fec1d1f78366ca66b62bc60e795ae5a2850248,a40a37cca68ab129e4f14f1f12366ec123ecccb4a5cd2ae12563e16de58f7dcb,False,False,False,33.54054641723633,0.1736181676387787
nominal_critical,1,14,8,l1_full,0.0,0,721f934df4e4cb622248d45e21fec1d1f78366ca66b62bc60e795ae5a2850248,815fa746fdcb8fbdedd9323225b67a6534f56a0dd2938ac42931b58d1ab105f0,False,False,False,33.862953186035156,0.17314311861991882
nominal_critical,1,15,8,l1_full,0.0,0,721f934df4e4cb622248d45e21fec1d1f78366ca66b62bc60e795ae5a2850248,b826b00026f877da34d8ffa4b68c456e2b786b73f0fabdac8ffd605bea9751b0,False,False,False,30.075801849365234,0.14246970415115356
nominal_critical,1,16,8,l1_full,0.0,0,721f934df4e4cb622248d45e21fec1d1f78366ca66b62bc60e795ae5a2850248,2193ec5b976ab78fb009c70fa0614f0862ff95dae575b12e347caca58a20ec2d,False,False,False,29.128700256347656,0.1418338268995285
nominal_critical,1,17,8,l1_full,0.0,0,721f934df4e4cb622248d45e21fec1d1f78366ca66b62bc60e795ae5a2850248,51a7d559bd78728258de5282fbe939b33c393a371e5d4d1b0ff084499d03ab3d,False,False,False,24.926071166992188,0.13402247428894043
nominal_critical,1,18,8,l1_full,0.0,0,721f934df4e4cb622248d45e21fec1d1f78366ca66b62bc60e795ae5a2850248,178d5f00c7a475a261a5e886c8fc890936e53cd11f9c079544d66d6769d02524,False,False,False,23.868553161621094,0.11280958354473114
nominal_critical,1,19,8,l1_full,0.0,0,721f934df4e4cb622248d45e21fec1d1f78366ca66b62bc60e795ae5a2850248,4e72dd8627d831dcb9fc3c643d74fb3685d0a6c7b0339d9785c4cf03cd9d0f73,False,False,False,33.70732498168945,0.16814318299293518
nominal_critical,1,20,8,l1_full,0.0,0,721f934df4e4cb622248d45e21fec1d1f78366ca66b62bc60e795ae5a2850248,02aefd2a05ef2b5d3b2384d1c4d83f44c8aadcb4b27a6f32aec9bd24a0b907ad,False,False,False,23.7183895111084,0.1354903280735016
nominal_critical,1,21,8,l1_full,0.0,0,721f934df4e4cb622248d45e21fec1d1f78366ca66b62bc60e795ae5a2850248,cb68f0bb5eea9132ef50b203ef41083bd32a9ff5487e87e405fc3040e7561d9d,False,False,False,28.080625534057617,0.13564863801002502
nominal_critical,1,22,8,l1_full,0.0,0,721f934df4e4cb622248d45e21fec1d1f78366ca66b62bc60e795ae5a2850248,6c16b32753f6e61f25cca72d2be0dcb2bf28287bd1c6ec418100d64db38275ad,False,False,False,27.33199691772461,0.14079174399375916
nominal_critical,1,23,8,l1_full,0.0,0,721f934df4e4cb622248d45e21fec1d1f78366ca66b62bc60e795ae5a2850248,d5c1d06724135295f2191eeb2a145472300da2a519bbac6b5fe9b047c0b8ba7d,False,False,False,31.467138290405273,0.1398385912179947
nominal_critical,1,24,8,l1_full,0.0,0,721f934df4e4cb622248d45e21fec1d1f78366ca66b62bc60e795ae5a2850248,96fc9e781d977e275fa2b413a7a3ba4d6f1dc73ee070a5af0bd65d7fb170321e,False,False,False,33.323387145996094,0.19119678437709808
nominal_critical,1,25,8,l1_full,0.0,0,721f934df4e4cb622248d45e21fec1d1f78366ca66b62bc60e795ae5a2850248,fb0ed094aa954afd02ffb81cb6217dcbd88496d6b075a4ff7c939b603bf734e4,False,False,False,26.415721893310547,0.14261510968208313
nominal_critical,1,26,8,l1_full,0.0,0,721f934df4e4cb622248d45e21fec1d1f78366ca66b62bc60e795ae5a2850248,cfc5548cc38531ffc29a0e2bfdc6647bf5a31fb99eff9f2808101b6c3eac12ed,False,False,False,24.640453338623047,0.08973240852355957
nominal_critical,1,27,8,l1_full,0.0,0,721f934df4e4cb622248d45e21fec1d1f78366ca66b62bc60e795ae5a2850248,96e78f99813d0958e6b9d98e1c2bd7f8cb1b450f508f53aa416c2be1606bfb7f,False,False,False,39.67164611816406,0.19950750470161438
nominal_critical,1,28,8,l1_full,0.0,0,721f934df4e4cb622248d45e21fec1d1f78366ca66b62bc60e795ae5a2850248,052a66ddcea91af2039685fdc89dacf0305ef42b2e4ecf48ddfd4e9ff67b9329,False,False,False,37.496238708496094,0.1556595265865326
nominal_critical,1,29,8,l1_full,0.0,0,721f934df4e4cb622248d45e21fec1d1f78366ca66b62bc60e795ae5a2850248,0a50ebfa499b81e355fe8d929fce3f5a9615b330fbd781aa83df8896da5ac227,False,False,False,34.18263244628906,0.17171929776668549
nominal_critical,1,30,8,l1_full,0.0,0,721f934df4e4cb622248d45e21fec1d1f78366ca66b62bc60e795ae5a2850248,8912afdc0b99ab6bffe18d350062ef1dd54015224abdf8e676a4355e8761b1d8,False,False,False,31.652427673339844,0.13073979318141937
nominal_critical,1,31,8,l1_full,0.0,0,721f934df4e4cb622248d45e21fec1d1f78366ca66b62bc60e795ae5a2850248,3bfa2f16446c9db15596bd7c44529930e85dde791bbc4cb5fe815b83fd5fc9b6,False,False,False,26.41967010498047,0.1342705637216568
delayed_critical,1,0,12,held_random,0.3,6,8cd67aca8edeebd9b32864e3b9f050b6ac96407604520819fce64aa0d6d12348,a9c6b32ff0a3ac1f20800f1cb6e73d0b66f3c1c570c8631ce7657cd55da7af97,False,False,False,84.32677459716797,0.30441978573799133
delayed_critical,1,1,12,held_random,0.3,6,5dc63fd3f9be5340b419ad4ab408d3c781642707231df54a42f25bca13d8b4a5,668afa5f3ada2f498c04e7bbf62fdc008f7ebd404798b869e73d5c313a338271,False,False,False,96.29288482666016,0.35115429759025574
delayed_critical,1,2,12,held_random,0.3,6,d75ab313afc3289d03bc00e8c06db7f1640653e9efca40d86e7c925f21df4f33,c222d274b106569e6ce5a31175403656330499aacea124f38b6ee420d174a818,False,False,False,97.77100372314453,0.3458685874938965
delayed_critical,1,3,12,held_random,0.3,6,b034b2f2c120c07d979408bf22a56da974e76c99e39296ddd74a2e13b7075e8b,89074ccdad30f6452e726e220ca534dfad1995555b73d06f968afe64d92346d5,False,False,False,88.18587493896484,0.31095173954963684
delayed_critical,1,4,12,held_random,0.3,6,a3eb5f27c3d07cba1a887c78444fbd4ca762245b4bca31bba9604dc6d9f8e7cb,1c8d93d44727c366af751aa3d93aff880e1573bf0973a5e690a7094bcfc22110,False,False,False,100.47725677490234,0.3512328267097473
delayed_critical,1,5,12,held_random,0.3,6,d5a3f7503c4c38a6b5c316648238542c4441956048304d92fdf83369060ec42b,c48f6899830c4a084dd620867ace109369ed961ef59b3c0f77fb239ee945d843,False,False,False,95.27644348144531,0.3174068033695221
delayed_critical,1,6,12,held_random,0.3,6,1ecbb71cadbab1d5011bc9b50ae0cb7ed4d4b71d66f895125be6c8ff9e77beb1,6a8c6412f5d06592f5bf3a6659205e4ed641720cee049d6949259097b82d4870,False,False,False,94.4395980834961,0.2710915207862854
delayed_critical,1,7,12,held_random,0.3,6,5c958d77756a154f8f338a380b5baab09ee77bf3cb6e6fdd59b29a4266e6b044,83069b323aa246d38b98d2112e986c54e81c6f4a480044268099c4da81bb2792,False,False,False,97.68013763427734,0.3256855309009552
delayed_critical,1,8,12,held_random,0.3,6,a5979279de9d1c0562c528243c0ea7b422dd362b869f100e6d90ce7e48e6eaaf,1b8d31d10430f07b2b9b42b3dce0f5b76d4b4150757d3b319f2a945cae5f3331,False,False,False,77.75775146484375,0.32130205631256104
delayed_critical,1,9,12,held_random,0.3,6,49c9092f12e1023fc46d85afe1efc7c8973858edbff7f37947be04e5192caa8e,6b49ca4cd1a5a4122713106954a44e1ecef4e207334ff8c4edf572bea310424c,False,False,False,74.15843200683594,0.25430938601493835
delayed_critical,1,10,12,held_random,0.3,6,256e90f2f274d7820b34c7cfe0ace0b680e9bb4b238ecfa56cc56d80d8ad6bd8,c0e0ae0a82347b69e5a425de536a11d8bbbcaa036d85b049680f71894cdbca37,False,False,False,95.5082778930664,0.33907219767570496
delayed_critical,1,11,12,held_random,0.3,6,6c49521941e419385512638b5a7e5945b0b90eaa0fb7000d23b59412e7d6dd4c,60467d2d723360bedddb82ce8546ffd03ebe551eaf04a4fc309b01df4ead7974,False,False,False,91.13700866699219,0.3344874083995819
delayed_critical,1,12,12,held_random,0.3,6,9d308195e77fbd57d38c45f6804a4128c66e80d6c7cf92fdd7b84b5890c913d7,c39738460d2b55f8f04c30e7f5f5bfee45e50e10348b7b05bacba2eaf513a65b,False,True,False,102.59396362304688,0.339554101228714
delayed_critical,1,13,12,held_random,0.3,6,f79a0b4b49a51d330d07eda0a9090252eeadc84495726c20571be35460686cf8,87831a5258bb5d2e7c3e2cd925bda7268ada532fc597ab000f4eec3e7ba25930,False,True,False,77.31941223144531,0.2467094212770462
delayed_critical,1,14,12,held_random,0.3,6,b7f24721225cc2fe5f2c0e67ec442d1a1dc376e472da3866524206dbbedc2751,70151ccc2751067938603a4d65ce0eaf07cccf22d01394ae08636f59d55aad29,False,False,False,70.0282211303711,0.25854307413101196
delayed_critical,1,15,12,held_random,0.3,6,86c314a45ec82ee12c7e518d8223e70f8bb84cbaa231f66b0956ff7d72897c2d,b09ecaca8ef3d932257b171865bc9d05cc4b09ebafb43b363f0dcfc34ac27add,False,True,True,71.24417114257812,0.27579185366630554
delayed_critical,1,16,12,held_random,0.3,6,63be56312c2c8fdebef9a2e5364f9244be8924ec2028f73cf3a8cb7968cd365e,05177c1a32af8e1e3aa4d847d2abe1914c656b25b4f66da28f6d9f2c515a5dc7,False,False,False,72.91376495361328,0.2278127819299698
delayed_critical,1,17,12,held_random,0.3,6,8d2cad72cdd5ae4923f9bc57628c1881f31c8a4e2414ce46b0a6875ce324d41c,16d0c5562dfb228e73c1d3482f2656b917f172109ffebe80c84b57572d6abe6d,False,False,False,70.75825500488281,0.2865690290927887
delayed_critical,1,18,12,held_random,0.3,6,9e1f4ba9f52fc53192b0c78d5dbfde705af8fc2dd34f0be1ac016586e607c5bf,243ddf32b47f8b499879aed122f78619c1f64e0f363d0e4fdcf9685309d8e125,False,False,False,83.15608215332031,0.2705065906047821
delayed_critical,1,19,12,held_random,0.3,6,7631950aece22aa1595a323ae8cae0da2135efabe867efbeb8a3aaac557046ed,e1390c1f239106dda70da00858c48e760deb2c388803b96fc7f6813adfead455,False,False,False,88.81571960449219,0.3312660753726959
delayed_critical,1,20,12,held_random,0.3,6,5a3a4436d1e25c75de769b1f24c5801d9da962525afbbc7d397d35d5872217b8,59ba95a66dc530a3f9f24f2879d8fe32e1ea52001271cda6a6983419cdd0e5ac,False,False,False,72.43289947509766,0.2617042362689972
delayed_critical,1,21,12,held_random,0.3,6,87662abf84aae3f76759c47d405add7cf5965b7d97017ff85070ed4f9d2de88f,930e9f535480e8a65ef2dd5d37195358b77a023fca9ac1b1023cdfc870ef4b17,False,False,False,71.01404571533203,0.2622775137424469
delayed_critical,1,22,12,held_random,0.3,6,150578895c07515eab0ceb06598f936e5525e36acd873a46537045bb4a5a4f4f,f62e4cf92073f4f2ceb6ef765e431f7f499b30c5c8cc166ace1e68f27e11eaa5,False,True,True,91.27022552490234,0.29777976870536804
delayed_critical,1,23,12,held_random,0.3,6,13404c8f8d901995bb8b951712e6084c80d13bd7befb5482c2438aa350a62901,fc0cee9724de6e732ed90949a6d88d6a814bbb72318d73761a26845b62746835,False,False,False,79.1236801147461,0.22825153172016144
delayed_critical,1,24,12,held_random,0.3,6,02b25a339c2f62778a758fa619e330808e920f12a7f40f6fef8878c7164b56c0,f5067e9521ceded650115bfbd8f45ffb304a5697a102f3da97623d1a592b93a2,False,False,False,98.5920639038086,0.2981080412864685
delayed_critical,1,25,12,held_random,0.3,6,7d65f851d234cdb5554bfb8553248475e0aea446483d53b23328aa421659caa2,2780590c3fc8a649ee16c9178e015b30e0ea238fc702739454773279f6d8ca74,False,False,False,78.6233139038086,0.2621194124221802
delayed_critical,1,26,12,held_random,0.3,6,a5319886a1212ef0b78a0bd46f9d56c7c1ba8d79a50be1ba99408dbab3f00fce,acc55bccf3d9a684bea21f2969a6dfab7caf7d503f6c2dee1da727bed0096c5e,False,False,False,92.7470703125,0.31983068585395813
delayed_critical,1,27,12,held_random,0.3,6,79eb3a536ff8fd6f89d46416cd82fefe3978327b61aa0dc5d92d65c06c538594,96163426b6e15f18a2d5239fec7a33df931150c40bcf34c02a8bed2270f83d40,False,False,False,79.32255554199219,0.28769728541374207
delayed_critical,1,28,12,held_random,0.3,6,5754c59261a2a4d35086a70e61206c6966f197ad10f27831dc4b6e4ff73be3d4,bc0045f61748a6bd232d829ba059c22ebfc03749a1082bb1d935f37bf1a7e3fa,False,True,True,82.19830322265625,0.2767750024795532
delayed_critical,1,29,12,held_random,0.3,6,619c1f766eb8b2f7c916e8a7381820257541a3ffacdb85774c3221da660c0b19,4fc7c78f59d3b9ddb6344ecd472f4e2b341a116f6fe24af443bec0481889d0c9,False,False,False,83.79248809814453,0.27689096331596375
delayed_critical,1,30,12,held_random,0.3,6,fc8fd051677b3d3996b9d429631918a5399ab0a3ae50065e67349304b7678fe4,a255e8db404d072cce867d1a3cae4bedb7a40173d13d17571b04d1a79685dc9f,False,True,True,88.28390502929688,0.3116055130958557
delayed_critical,1,31,12,held_random,0.3,6,7970cb9bc98d30be6ea941d7fcd2b646cefdc0664d6205e7f349347786c5b946,5955f1ab6d59a344cc246b9880a1381e5a5bd35f81c74a6d7f3bb6b3c3370be5,False,True,False,86.22988891601562,0.3106863796710968
nominal_both,1,0,8,l1_full,0.0,0,721f934df4e4cb622248d45e21fec1d1f78366ca66b62bc60e795ae5a2850248,09eeb4e16b93d3096d41ddff8e9d30afd8462d0a6aa6f218f092112b3e4afd80,False,False,False,33.779544830322266,0.1432686597108841
nominal_both,1,1,8,l1_full,0.0,0,721f934df4e4cb622248d45e21fec1d1f78366ca66b62bc60e795ae5a2850248,e6e2d8f24562b5e7a380747315bd009a70d910e42d4a033ecc3f4d191a479e93,False,True,True,29.866073608398438,0.14133396744728088
nominal_both,1,2,8,l1_full,0.0,0,721f934df4e4cb622248d45e21fec1d1f78366ca66b62bc60e795ae5a2850248,d60e0004737c4ac5b053689e0c9efe117cf9b4caba3eb78494191ec8c05426df,False,True,True,25.288833618164062,0.14086972177028656
nominal_both,1,3,8,l1_full,0.0,0,721f934df4e4cb622248d45e21fec1d1f78366ca66b62bc60e795ae5a2850248,baca83a222d6e974fb5676befa7a7aad657e05254ac450f219fad0b4b318551a,False,False,False,30.461721420288086,0.16585451364517212
nominal_both,1,4,8,l1_full,0.0,0,721f934df4e4cb622248d45e21fec1d1f78366ca66b62bc60e795ae5a2850248,f88a3373c08423ea14a5bfbcc6c764013ad666149541553afff51f6f949c052d,False,False,False,23.66824722290039,0.12447090446949005
nominal_both,1,5,8,l1_full,0.0,0,721f934df4e4cb622248d45e21fec1d1f78366ca66b62bc60e795ae5a2850248,c149417b2ee1eaeddbc3c5c2cc40d19f0882d3cd3ee9c53b0182ee4458430c92,False,True,True,22.00400161743164,0.09737734496593475
nominal_both,1,6,8,l1_full,0.0,0,721f934df4e4cb622248d45e21fec1d1f78366ca66b62bc60e795ae5a2850248,cd60286f8ca0865466aaf1d508fb3c1a99dff01040093793ce5235c3a1a65979,False,False,False,37.0670280456543,0.1662852019071579
nominal_both,1,7,8,l1_full,0.0,0,721f934df4e4cb622248d45e21fec1d1f78366ca66b62bc60e795ae5a2850248,50734b96e6e6a84ac4dfeee8f0bbf6d164d370253102e9c79c2091198d64730b,False,True,True,28.426227569580078,0.1482541710138321
nominal_both,1,8,8,l1_full,0.0,0,721f934df4e4cb622248d45e21fec1d1f78366ca66b62bc60e795ae5a2850248,4b20fcf40e55e811d826f3b7f82a1059980ab04db447a2e65aedde1a69dff9fa,False,True,True,25.96038246154785,0.12340737879276276
nominal_both,1,9,8,l1_full,0.0,0,721f934df4e4cb622248d45e21fec1d1f78366ca66b62bc60e795ae5a2850248,1cba08236b31595b37be8ef7227518fac937bd673f24192260b2fb6fad77a4a5,False,True,True,31.59598159790039,0.13471619784832
nominal_both,1,10,8,l1_full,0.0,0,721f934df4e4cb622248d45e21fec1d1f78366ca66b62bc60e795ae5a2850248,583ea7baa21bdffbf69dab34b8ff99937579aa943e9173def2ce03b59ce16047,False,False,False,26.393341064453125,0.11477592587471008
nominal_both,1,11,8,l1_full,0.0,0,721f934df4e4cb622248d45e21fec1d1f78366ca66b62bc60e795ae5a2850248,207585f7a849f98013e90dfc0a663b1336bdb942d9ad251842162bf7cb24c7ce,False,True,True,37.74003219604492,0.17766091227531433
nominal_both,1,12,8,l1_full,0.0,0,721f934df4e4cb622248d45e21fec1d1f78366ca66b62bc60e795ae5a2850248,aa33c9706d97df8c0ff4db96fc60a751822cc7220b138c24d7904eb922ba7e2c,False,False,False,25.00639533996582,0.1404360830783844
nominal_both,1,13,8,l1_full,0.0,0,721f934df4e4cb622248d45e21fec1d1f78366ca66b62bc60e795ae5a2850248,dbb9a54b9f53f089de8659eadbdb0eb1bf0315af6778a1aa148da87ce87240b6,False,True,True,37.45951461791992,0.16336438059806824
nominal_both,1,14,8,l1_full,0.0,0,721f934df4e4cb622248d45e21fec1d1f78366ca66b62bc60e795ae5a2850248,a574811f5bbef3e1832892d11585b3d4a5f2476d5cfbd4d7f5175cc845ef8b50,False,False,False,38.569644927978516,0.1849035620689392
nominal_both,1,15,8,l1_full,0.0,0,721f934df4e4cb622248d45e21fec1d1f78366ca66b62bc60e795ae5a2850248,6aa77087ad5ca4742bca593aa4dbd391f85e7752c8d1b930aae6cf703fe8cc0c,False,True,True,27.420433044433594,0.13243569433689117
nominal_both,1,16,8,l1_full,0.0,0,721f934df4e4cb622248d45e21fec1d1f78366ca66b62bc60e795ae5a2850248,6f8a2f18e6a9ded3a3d8232e152606e4081f3d0dbdd9d0298510a5236e8cb373,False,False,False,27.9586238861084,0.14159567654132843
nominal_both,1,17,8,l1_full,0.0,0,721f934df4e4cb622248d45e21fec1d1f78366ca66b62bc60e795ae5a2850248,78593da2f10f61c46ba1c57f932120bba167d57b122ab3ba65f47acb43de4e7a,False,True,True,27.13739585876465,0.13840807974338531
nominal_both,1,18,8,l1_full,0.0,0,721f934df4e4cb622248d45e21fec1d1f78366ca66b62bc60e795ae5a2850248,80cd769d73c5684a8ee911916778954b73c4e5351a8d7925da251c770bf19e2f,False,True,True,23.792274475097656,0.09771701693534851
nominal_both,1,19,8,l1_full,0.0,0,721f934df4e4cb622248d45e21fec1d1f78366ca66b62bc60e795ae5a2850248,03a1c94437d26e8cd50aad33012b280df8fa1a34e4ebb85f5604931a2a22c38f,False,False,False,31.25565528869629,0.16560643911361694
nominal_both,1,20,8,l1_full,0.0,0,721f934df4e4cb622248d45e21fec1d1f78366ca66b62bc60e795ae5a2850248,50c140ce0fb7789b16ae407914141e8420759ac8cfe4136f3d708a79c59c6d9e,False,False,False,28.423593521118164,0.1416269838809967
nominal_both,1,21,8,l1_full,0.0,0,721f934df4e4cb622248d45e21fec1d1f78366ca66b62bc60e795ae5a2850248,37e8d6600de785a91e7587cdfcad8a8c5b60e06449c03175e08236a8ef15a919,False,True,True,24.656936645507812,0.10982175171375275
nominal_both,1,22,8,l1_full,0.0,0,721f934df4e4cb622248d45e21fec1d1f78366ca66b62bc60e795ae5a2850248,54fb80c8e8b9ea68c08475008c9aadc09a5b29766969fe03c46b2f2ec68fdbdc,False,False,False,29.134496688842773,0.14737561345100403
nominal_both,1,23,8,l1_full,0.0,0,721f934df4e4cb622248d45e21fec1d1f78366ca66b62bc60e795ae5a2850248,7aa8543d6cac97b7254e711dafeacaccbd18a750d65ffea676d7968b134a82f6,False,True,True,26.94553565979004,0.12066575139760971
nominal_both,1,24,8,l1_full,0.0,0,721f934df4e4cb622248d45e21fec1d1f78366ca66b62bc60e795ae5a2850248,feb2ffd2a049bc132c3e3f6d7fd6430f8c8f4503d40fc64844e2cd58ef58afda,False,False,False,33.70083999633789,0.18532253801822662
nominal_both,1,25,8,l1_full,0.0,0,721f934df4e4cb622248d45e21fec1d1f78366ca66b62bc60e795ae5a2850248,cfb74ad5c533486b69b5bd8e81399b8370a7e620e8f43a6990f3d174b2040b7c,False,True,True,28.39408302307129,0.138170525431633
nominal_both,1,26,8,l1_full,0.0,0,721f934df4e4cb622248d45e21fec1d1f78366ca66b62bc60e795ae5a2850248,619a7ec660c0df8c137d6222187a3df00896ab0d2eb1069479d69bedff406484,False,False,False,23.206741333007812,0.08588944375514984
nominal_both,1,27,8,l1_full,0.0,0,721f934df4e4cb622248d45e21fec1d1f78366ca66b62bc60e795ae5a2850248,3142de99bd425f68555c04974f0b511f636e09edc312bf02f3e298db1a5ceef4,False,False,False,40.62248229980469,0.18249747157096863
nominal_both,1,28,8,l1_full,0.0,0,721f934df4e4cb622248d45e21fec1d1f78366ca66b62bc60e795ae5a2850248,b771217f58d82933dca67a8b81c6ec3cd98edefa9a13fb3878ab7435a7e202f7,False,False,False,38.685829162597656,0.15221792459487915
nominal_both,1,29,8,l1_full,0.0,0,721f934df4e4cb622248d45e21fec1d1f78366ca66b62bc60e795ae5a2850248,519010a7f571a6a50dfee5bf2ef89f067baa1eb2c1a894ae52684e9091bfa5f7,False,False,False,32.46859359741211,0.159511536359787
nominal_both,1,30,8,l1_full,0.0,0,721f934df4e4cb622248d45e21fec1d1f78366ca66b62bc60e795ae5a2850248,f692856c3334a4a65345092348035bd3736b784da0205491d42c15b5aa492faa,False,True,True,29.5130558013916,0.13249029219150543
nominal_both,1,31,8,l1_full,0.0,0,721f934df4e4cb622248d45e21fec1d1f78366ca66b62bc60e795ae5a2850248,c79a60a67e204839abfad8788866c0d444773052117889cdd8d0b2bb6f455811,False,False,False,27.977048873901367,0.14056093990802765
delayed_both,1,0,12,held_random,0.3,6,8cd67aca8edeebd9b32864e3b9f050b6ac96407604520819fce64aa0d6d12348,a9c6b32ff0a3ac1f20800f1cb6e73d0b66f3c1c570c8631ce7657cd55da7af97,False,False,False,101.600830078125,0.31460830569267273
delayed_both,1,1,12,held_random,0.3,6,5dc63fd3f9be5340b419ad4ab408d3c781642707231df54a42f25bca13d8b4a5,668afa5f3ada2f498c04e7bbf62fdc008f7ebd404798b869e73d5c313a338271,False,False,False,101.26866149902344,0.3562771677970886
delayed_both,1,2,12,held_random,0.3,6,d75ab313afc3289d03bc00e8c06db7f1640653e9efca40d86e7c925f21df4f33,c222d274b106569e6ce5a31175403656330499aacea124f38b6ee420d174a818,False,False,False,102.04049682617188,0.34668561816215515
delayed_both,1,3,12,held_random,0.3,6,b034b2f2c120c07d979408bf22a56da974e76c99e39296ddd74a2e13b7075e8b,89074ccdad30f6452e726e220ca534dfad1995555b73d06f968afe64d92346d5,False,False,False,91.31096649169922,0.3050628900527954
delayed_both,1,4,12,held_random,0.3,6,a3eb5f27c3d07cba1a887c78444fbd4ca762245b4bca31bba9604dc6d9f8e7cb,1c8d93d44727c366af751aa3d93aff880e1573bf0973a5e690a7094bcfc22110,False,False,False,108.81583404541016,0.35649535059928894
delayed_both,1,5,12,held_random,0.3,6,d5a3f7503c4c38a6b5c316648238542c4441956048304d92fdf83369060ec42b,c48f6899830c4a084dd620867ace109369ed961ef59b3c0f77fb239ee945d843,False,False,False,105.70369720458984,0.3178747296333313
delayed_both,1,6,12,held_random,0.3,6,1ecbb71cadbab1d5011bc9b50ae0cb7ed4d4b71d66f895125be6c8ff9e77beb1,6a8c6412f5d06592f5bf3a6659205e4ed641720cee049d6949259097b82d4870,False,False,False,100.84111785888672,0.2702552080154419
delayed_both,1,7,12,held_random,0.3,6,5c958d77756a154f8f338a380b5baab09ee77bf3cb6e6fdd59b29a4266e6b044,83069b323aa246d38b98d2112e986c54e81c6f4a480044268099c4da81bb2792,False,False,False,103.75177764892578,0.32478979229927063
delayed_both,1,8,12,held_random,0.3,6,a5979279de9d1c0562c528243c0ea7b422dd362b869f100e6d90ce7e48e6eaaf,1b8d31d10430f07b2b9b42b3dce0f5b76d4b4150757d3b319f2a945cae5f3331,False,True,True,97.0647964477539,0.33815205097198486
delayed_both,1,9,12,held_random,0.3,6,49c9092f12e1023fc46d85afe1efc7c8973858edbff7f37947be04e5192caa8e,6b49ca4cd1a5a4122713106954a44e1ecef4e207334ff8c4edf572bea310424c,False,True,False,92.5947265625,0.2739453613758087
delayed_both,1,10,12,held_random,0.3,6,256e90f2f274d7820b34c7cfe0ace0b680e9bb4b238ecfa56cc56d80d8ad6bd8,c0e0ae0a82347b69e5a425de536a11d8bbbcaa036d85b049680f71894cdbca37,False,False,False,104.00849151611328,0.340741366147995
delayed_both,1,11,12,held_random,0.3,6,6c49521941e419385512638b5a7e5945b0b90eaa0fb7000d23b59412e7d6dd4c,60467d2d723360bedddb82ce8546ffd03ebe551eaf04a4fc309b01df4ead7974,False,False,False,106.21133422851562,0.34263914823532104
delayed_both,1,12,12,held_random,0.3,6,9d308195e77fbd57d38c45f6804a4128c66e80d6c7cf92fdd7b84b5890c913d7,c39738460d2b55f8f04c30e7f5f5bfee45e50e10348b7b05bacba2eaf513a65b,False,False,False,107.38365936279297,0.34441694617271423
delayed_both,1,13,12,held_random,0.3,6,f79a0b4b49a51d330d07eda0a9090252eeadc84495726c20571be35460686cf8,87831a5258bb5d2e7c3e2cd925bda7268ada532fc597ab000f4eec3e7ba25930,False,True,True,97.02159118652344,0.29052770137786865
delayed_both,1,14,12,held_random,0.3,6,b7f24721225cc2fe5f2c0e67ec442d1a1dc376e472da3866524206dbbedc2751,70151ccc2751067938603a4d65ce0eaf07cccf22d01394ae08636f59d55aad29,False,True,True,89.47596740722656,0.28585803508758545
delayed_both,1,15,12,held_random,0.3,6,86c314a45ec82ee12c7e518d8223e70f8bb84cbaa231f66b0956ff7d72897c2d,b09ecaca8ef3d932257b171865bc9d05cc4b09ebafb43b363f0dcfc34ac27add,False,True,True,98.32500457763672,0.3147415518760681
delayed_both,1,16,12,held_random,0.3,6,63be56312c2c8fdebef9a2e5364f9244be8924ec2028f73cf3a8cb7968cd365e,05177c1a32af8e1e3aa4d847d2abe1914c656b25b4f66da28f6d9f2c515a5dc7,False,True,False,103.31884765625,0.2935400605201721
delayed_both,1,17,12,held_random,0.3,6,8d2cad72cdd5ae4923f9bc57628c1881f31c8a4e2414ce46b0a6875ce324d41c,16d0c5562dfb228e73c1d3482f2656b917f172109ffebe80c84b57572d6abe6d,False,True,True,105.57917022705078,0.33257758617401123
delayed_both,1,18,12,held_random,0.3,6,9e1f4ba9f52fc53192b0c78d5dbfde705af8fc2dd34f0be1ac016586e607c5bf,243ddf32b47f8b499879aed122f78619c1f64e0f363d0e4fdcf9685309d8e125,False,True,True,90.48487091064453,0.272644966840744
delayed_both,1,19,12,held_random,0.3,6,7631950aece22aa1595a323ae8cae0da2135efabe867efbeb8a3aaac557046ed,e1390c1f239106dda70da00858c48e760deb2c388803b96fc7f6813adfead455,False,True,True,92.58356475830078,0.33688485622406006
delayed_both,1,20,12,held_random,0.3,6,5a3a4436d1e25c75de769b1f24c5801d9da962525afbbc7d397d35d5872217b8,59ba95a66dc530a3f9f24f2879d8fe32e1ea52001271cda6a6983419cdd0e5ac,False,False,False,97.1817398071289,0.2938838303089142
delayed_both,1,21,12,held_random,0.3,6,87662abf84aae3f76759c47d405add7cf5965b7d97017ff85070ed4f9d2de88f,930e9f535480e8a65ef2dd5d37195358b77a023fca9ac1b1023cdfc870ef4b17,False,True,True,93.37818908691406,0.27444517612457275
delayed_both,1,22,12,held_random,0.3,6,150578895c07515eab0ceb06598f936e5525e36acd873a46537045bb4a5a4f4f,f62e4cf92073f4f2ceb6ef765e431f7f499b30c5c8cc166ace1e68f27e11eaa5,False,False,False,105.24580383300781,0.31831294298171997
delayed_both,1,23,12,held_random,0.3,6,13404c8f8d901995bb8b951712e6084c80d13bd7befb5482c2438aa350a62901,fc0cee9724de6e732ed90949a6d88d6a814bbb72318d73761a26845b62746835,False,False,False,90.69356536865234,0.252261221408844
delayed_both,1,24,12,held_random,0.3,6,02b25a339c2f62778a758fa619e330808e920f12a7f40f6fef8878c7164b56c0,f5067e9521ceded650115bfbd8f45ffb304a5697a102f3da97623d1a592b93a2,False,False,False,104.07535552978516,0.29873329401016235
delayed_both,1,25,12,held_random,0.3,6,7d65f851d234cdb5554bfb8553248475e0aea446483d53b23328aa421659caa2,2780590c3fc8a649ee16c9178e015b30e0ea238fc702739454773279f6d8ca74,False,False,False,99.36927032470703,0.30684491991996765
delayed_both,1,26,12,held_random,0.3,6,a5319886a1212ef0b78a0bd46f9d56c7c1ba8d79a50be1ba99408dbab3f00fce,acc55bccf3d9a684bea21f2969a6dfab7caf7d503f6c2dee1da727bed0096c5e,False,True,True,101.80103302001953,0.32053443789482117
delayed_both,1,27,12,held_random,0.3,6,79eb3a536ff8fd6f89d46416cd82fefe3978327b61aa0dc5d92d65c06c538594,96163426b6e15f18a2d5239fec7a33df931150c40bcf34c02a8bed2270f83d40,False,False,False,90.483154296875,0.3126545548439026
delayed_both,1,28,12,held_random,0.3,6,5754c59261a2a4d35086a70e61206c6966f197ad10f27831dc4b6e4ff73be3d4,bc0045f61748a6bd232d829ba059c22ebfc03749a1082bb1d935f37bf1a7e3fa,False,False,False,100.80443572998047,0.2980874180793762
delayed_both,1,29,12,held_random,0.3,6,619c1f766eb8b2f7c916e8a7381820257541a3ffacdb85774c3221da660c0b19,4fc7c78f59d3b9ddb6344ecd472f4e2b341a116f6fe24af443bec0481889d0c9,False,False,False,99.94583892822266,0.28687673807144165
delayed_both,1,30,12,held_random,0.3,6,fc8fd051677b3d3996b9d429631918a5399ab0a3ae50065e67349304b7678fe4,a255e8db404d072cce867d1a3cae4bedb7a40173d13d17571b04d1a79685dc9f,False,True,True,100.04638671875,0.31686270236968994
delayed_both,1,31,12,held_random,0.3,6,7970cb9bc98d30be6ea941d7fcd2b646cefdc0664d6205e7f349347786c5b946,5955f1ab6d59a344cc246b9880a1381e5a5bd35f81c74a6d7f3bb6b3c3370be5,False,False,False,93.47017669677734,0.31457334756851196
critical_holdout,1,0,14,held_random,0.1,0,8a9a5c8ec2917e136f81d70f85b51d39a9f8099e21a3a95ec98aeba49942e6c6,498f3dcf01ddcc673cd6079f69c33f5923741374d44b2e0b1b6b410ce15af7b5,False,False,False,44.833560943603516,0.15191859006881714
critical_holdout,1,1,14,held_random,0.1,0,c7e8ee21392b175729eca82011cb79f1d5ff3aee0931ed63f133bffcf320b5fb,2a47f0a0f3fdc7a45c836d0e015972a1f41695d81be4e12543f1cd4406496032,False,False,False,45.79332733154297,0.15266165137290955
critical_holdout,1,2,14,held_random,0.1,0,1a4ff4b41e0b8f17620a400e90c3767922fbc02f4a6085322be80010e76b4da8,fdf14d9ffe0ffbbbcaabb42ec104557963dd27fbc3928856f31e9c570808eae3,False,False,False,37.74583435058594,0.115516796708107
critical_holdout,1,3,14,held_random,0.1,0,def9937629244b6c2c7d5e8e75977e96d5ea159e4fef91ecc0be9eaac9d21e43,f573c72960669fb680e0439341d78fd918d0eff701e228368518ae15164665e6,False,False,False,44.6395378112793,0.1513562798500061
critical_holdout,1,4,14,held_random,0.1,0,ee59869c1ac3bc3f749b183dd51f5d283c618b417d95f86379622b32f5a4f906,54d44df6334ccd3781c2482f7f50cc8847189a2bbfe6aae5670eedcfc6636917,False,False,False,46.93674850463867,0.13889674842357635
critical_holdout,1,5,14,held_random,0.1,0,ec77704a003d7fdbe310bd28c8a80d597bc5f8d1e6ab678203deeb0475b104c5,b7453a9aa539c83b1bd903b97121f1b40f4d54b56e39b1738b87e1a1e5ef7cea,False,False,False,48.03724670410156,0.17122334241867065
critical_holdout,1,6,14,held_random,0.1,0,6cd0516e10be9c23141f8dcb34d1be51549892943a5c8dcdf8409abfd61558fb,f31622d6be83d401c1523eafc7bcd772ae05bfd641d28688f2a07f3dd7d9be4e,False,False,False,47.64116287231445,0.1542811244726181
critical_holdout,1,7,14,held_random,0.1,0,bb8680944136ce49b48850cc122221456d905f78c8737271614f3d4ffc161883,c523c4e8151ee28d2517f9e9ea1d57e09e3ac21b0b5f3485b51503419b951de2,False,False,False,46.82619094848633,0.1553516387939453
critical_holdout,1,8,14,held_random,0.1,0,73b42f01d6d4035d27828fdcea20a21ab2097d1cd0cc3dd1ded02d27a69ca45c,c643efcc0fdb76f5354203fab16980babb15d0d9cf83a8af4b98d67268b5f644,False,False,False,46.44776153564453,0.14828082919120789
critical_holdout,1,9,14,held_random,0.1,0,a59641f76dc50f8108abdda06756f4fb5ade7f007cc8e6bd3cd063d9824efd51,9a562c7e12cebc063bd9d1c304cbef8f2ad2f492930aa17e507e582694376184,False,False,False,44.0959587097168,0.1358419954776764
critical_holdout,1,10,14,held_random,0.1,0,2aafd1dbe566ef4bb6eaeeeccfcddd72a57402108cfd120a649b99f76b57fb27,b394b4aa269653d588d92dc9f7970ba125905c9f2d1bf77304a068af16c4e089,False,False,False,44.45536422729492,0.12637893855571747
critical_holdout,1,11,14,held_random,0.1,0,9b6cca6188f23c6f197b906d3a0c70c5242a81c1dfcbeafc3a95ad6c09968a2f,bc6714e6aed4a5e2db374866a244b4af3a493686da2628520a810e18dfe5301b,False,False,False,46.37835693359375,0.14409516751766205
critical_holdout,1,12,14,held_random,0.1,0,55aa9a8912928876cbf3974b2a76fb1c632448c7990a4adb705d55d95b8a7890,3a3edb6f0eaa4ebc1d9db230ab1261846f57a6a1cb4f229a95a5af9ec67d53d3,False,False,False,48.41422653198242,0.15780100226402283
critical_holdout,1,13,14,held_random,0.1,0,9f87a21253056234aafd6cc23365f8dd02f265bf4d6cf606ff3e42f13e189d9e,09d67af214fbf8fbbb72a62145cecbbe0628f20111e771e74fa894b492238028,False,False,False,47.384517669677734,0.14054876565933228
critical_holdout,1,14,14,held_random,0.1,0,5d100f5134a6c5af1c3d72316e34745ef8cc81496c71dedc5b14b0fa62cdd548,4bdc5c06490d49c6f3478d7510509c3d77ccf5bcaaef307cddeb656258e3b3b8,False,False,False,46.44294738769531,0.13366514444351196
critical_holdout,1,15,14,held_random,0.1,0,46ce02d2d4165b48c06ef8ce454de3042ecf0a6341af15bc4f055306f87a3def,207df0abd50aa61828d0885348499ebc3c56b1b05bde9fa18af22cd0b51b9013,False,False,False,48.731361389160156,0.1603507101535797
critical_holdout,1,16,14,held_random,0.1,0,0f1d2d27389fbc6e9f422d6c39b697e1544c3c98dd0cae22f5e8cf766da96bfe,a645710913151329bd2b290a3970cb385cb2d10686f02c41485add433193605e,False,False,False,45.54829025268555,0.1295553594827652
critical_holdout,1,17,14,held_random,0.1,0,49ae685b58e028dfd3883041bb9bb157e32fcf2624ffb3108f6a632cd7a72b86,19db8ddb21d3a4347bb8e8241f1f77b087ed683972e79238b082c1b43aa00236,False,False,False,45.876583099365234,0.1431119590997696
critical_holdout,1,18,14,held_random,0.1,0,64b44db48996c4d1717acec33cf89b84e047d41670b9595ae895d9d46ae424a8,42a2632a72b5d6de3958687e2d8bd3d7b944661bf931eb1b5824cbb5f5b7bc68,False,False,False,47.41374969482422,0.14234060049057007
critical_holdout,1,19,14,held_random,0.1,0,a46dc71a9e1c3c0c573e02af6a9182bb25f8732d9284b662637a29f01fc835df,f4b8912f84bdbb8757f9ddc3154332ac43dcee333ec0ac3da6ea0df57bc5a925,False,False,False,50.74129867553711,0.1678507924079895
critical_holdout,1,20,14,held_random,0.1,0,c21467ab266b8a0b47cfaeba5d884215ade76e6962fe18b7a7099669ea6b5696,0d11a7d68e029c1cf090cfb09a69677d4aa761e16e763cf3b3a05265e787c27d,False,False,False,44.177425384521484,0.14262154698371887
critical_holdout,1,21,14,held_random,0.1,0,907e3144458fdc555e23f2a96aefedf790524e9469a67f924354d7d7c9fbb33d,7f37ca8a50e348529df9369653a383108fc7da7766304201f90bab38f1ba8e6b,False,False,False,47.238006591796875,0.1475379765033722
critical_holdout,1,22,14,held_random,0.1,0,5f61e42f8b3fbc48bb35a6d4434417a099995d7f7774b2880dc77cd30cd0157d,949992269120668252f53d6d52e6d0f0be4dcadf25db1081221ca914688cef53,False,False,False,45.043548583984375,0.13453678786754608
critical_holdout,1,23,14,held_random,0.1,0,6ebb64be26da35e66e6bc84adb915eee494c057de6e9b71f035147daec93b949,3e2aa35be59e670b5c2435b3e36f7341df02515b5996ff81179501c5f81cd1f0,False,False,False,48.651145935058594,0.14350171387195587
critical_holdout,1,24,14,held_random,0.1,0,218f4e78d16d8d94c12e4d3b754dce3534679c2d217347a79ca48cf57b40a1c2,46c0664669885d7a35a84c7bca414498a7f482a8eed8ca6aa170ff4eca8f8e5d,False,False,False,46.08104705810547,0.14689671993255615
critical_holdout,1,25,14,held_random,0.1,0,039bb47dc6c3f107e7dbd0a685390dd8ab6b4c919b0fa1418e63559d67041006,de09156d662d7a498b74b0f3dd9ba13bb2834c185c03b7d2cb0b969434c947ee,False,False,False,49.558677673339844,0.18104001879692078
critical_holdout,1,26,14,held_random,0.1,0,83d7a1edf9e289391c9d9c03b362127f23bc7e964c4dd930f1e8106d4bcf1b4c,a0a1a42d9c9dbac99b26900cea507d74b8450bec64bbef712fcd3a9eb3af1d2f,False,False,False,47.88549041748047,0.1685510277748108
critical_holdout,1,27,14,held_random,0.1,0,5f6d518be15da73b9303b96b049c6e4f3f3eca4603f97cfff2533199fd4bdb57,ae9dd7af93c5db3d2d786ed7b0133bb020a3bd7fb760bfabda4e679e6dbea20d,False,False,False,45.206356048583984,0.17389565706253052
critical_holdout,1,28,14,held_random,0.1,0,cfb25531d23cb7f115fd170cfcfa1d33b376615e2ecbe00d09034a9de6461353,d688d8a5627dec78c393ad25f79d27a6ebdddf35a6ff2f90b3545cf9889a58a3,False,False,False,46.0823974609375,0.13913536071777344
critical_holdout,1,29,14,held_random,0.1,0,4e3731b1cf48a5a8b174ea72f408a9c04319e63161e76eba90b5170224605bbd,faffb05759a03772cb258d2c5c3f8499bc0c0a9f6ce8038ab99a3099cf4890a5,False,False,False,42.208683013916016,0.159403458237648
critical_holdout,1,30,14,held_random,0.1,0,e07ad7eaaf596381867b6b29a50ff15e24212beba1c51a51a508efc1d37b6b27,d9c874dcc91cfb140b1993ddbfb903a6a92a269c93227ba8e8bc92dfcfd8e3bb,False,False,False,46.447078704833984,0.13650904595851898
critical_holdout,1,31,14,held_random,0.1,0,6819d20c2b6d42945e4300f8411d2b88f5f3439609b7e98f922dc6db7e828943,33030d6d6ad612042bdb17229342b915c5272160dd736a414720f504feae33e0,False,False,False,40.24616622924805,0.12439306080341339
critical_holdout,2,0,14,held_random,0.1,6,8a9a5c8ec2917e136f81d70f85b51d39a9f8099e21a3a95ec98aeba49942e6c6,498f3dcf01ddcc673cd6079f69c33f5923741374d44b2e0b1b6b410ce15af7b5,False,False,False,44.137691497802734,0.15107950568199158
critical_holdout,2,1,14,held_random,0.1,6,c7e8ee21392b175729eca82011cb79f1d5ff3aee0931ed63f133bffcf320b5fb,2a47f0a0f3fdc7a45c836d0e015972a1f41695d81be4e12543f1cd4406496032,False,False,False,44.127052307128906,0.14826612174510956
critical_holdout,2,2,14,held_random,0.1,6,1a4ff4b41e0b8f17620a400e90c3767922fbc02f4a6085322be80010e76b4da8,fdf14d9ffe0ffbbbcaabb42ec104557963dd27fbc3928856f31e9c570808eae3,False,False,False,37.187416076660156,0.11690057814121246
critical_holdout,2,3,14,held_random,0.1,6,def9937629244b6c2c7d5e8e75977e96d5ea159e4fef91ecc0be9eaac9d21e43,f573c72960669fb680e0439341d78fd918d0eff701e228368518ae15164665e6,False,False,False,43.34236526489258,0.14873304963111877
critical_holdout,2,4,14,held_random,0.1,6,ee59869c1ac3bc3f749b183dd51f5d283c618b417d95f86379622b32f5a4f906,54d44df6334ccd3781c2482f7f50cc8847189a2bbfe6aae5670eedcfc6636917,False,False,False,46.14656066894531,0.13739457726478577
critical_holdout,2,5,14,held_random,0.1,6,ec77704a003d7fdbe310bd28c8a80d597bc5f8d1e6ab678203deeb0475b104c5,b7453a9aa539c83b1bd903b97121f1b40f4d54b56e39b1738b87e1a1e5ef7cea,False,False,False,46.344722747802734,0.16934791207313538
critical_holdout,2,6,14,held_random,0.1,6,6cd0516e10be9c23141f8dcb34d1be51549892943a5c8dcdf8409abfd61558fb,f31622d6be83d401c1523eafc7bcd772ae05bfd641d28688f2a07f3dd7d9be4e,False,False,False,46.4273796081543,0.150398388504982
critical_holdout,2,7,14,held_random,0.1,6,bb8680944136ce49b48850cc122221456d905f78c8737271614f3d4ffc161883,c523c4e8151ee28d2517f9e9ea1d57e09e3ac21b0b5f3485b51503419b951de2,False,False,False,45.906898498535156,0.15357743203639984
critical_holdout,2,8,14,held_random,0.1,6,73b42f01d6d4035d27828fdcea20a21ab2097d1cd0cc3dd1ded02d27a69ca45c,c643efcc0fdb76f5354203fab16980babb15d0d9cf83a8af4b98d67268b5f644,False,False,False,45.885372161865234,0.14672335982322693
critical_holdout,2,9,14,held_random,0.1,6,a59641f76dc50f8108abdda06756f4fb5ade7f007cc8e6bd3cd063d9824efd51,9a562c7e12cebc063bd9d1c304cbef8f2ad2f492930aa17e507e582694376184,False,False,False,43.32060241699219,0.1340579241514206
critical_holdout,2,10,14,held_random,0.1,6,2aafd1dbe566ef4bb6eaeeeccfcddd72a57402108cfd120a649b99f76b57fb27,b394b4aa269653d588d92dc9f7970ba125905c9f2d1bf77304a068af16c4e089,False,False,False,43.61421203613281,0.12447971850633621
critical_holdout,2,11,14,held_random,0.1,6,9b6cca6188f23c6f197b906d3a0c70c5242a81c1dfcbeafc3a95ad6c09968a2f,bc6714e6aed4a5e2db374866a244b4af3a493686da2628520a810e18dfe5301b,False,False,False,45.630924224853516,0.14281809329986572
critical_holdout,2,12,14,held_random,0.1,6,55aa9a8912928876cbf3974b2a76fb1c632448c7990a4adb705d55d95b8a7890,3a3edb6f0eaa4ebc1d9db230ab1261846f57a6a1cb4f229a95a5af9ec67d53d3,False,False,False,47.3619270324707,0.15464593470096588
critical_holdout,2,13,14,held_random,0.1,6,9f87a21253056234aafd6cc23365f8dd02f265bf4d6cf606ff3e42f13e189d9e,09d67af214fbf8fbbb72a62145cecbbe0628f20111e771e74fa894b492238028,False,False,False,46.695640563964844,0.13907024264335632
critical_holdout,2,14,14,held_random,0.1,6,5d100f5134a6c5af1c3d72316e34745ef8cc81496c71dedc5b14b0fa62cdd548,4bdc5c06490d49c6f3478d7510509c3d77ccf5bcaaef307cddeb656258e3b3b8,False,False,False,44.50526428222656,0.13300886750221252
critical_holdout,2,15,14,held_random,0.1,6,46ce02d2d4165b48c06ef8ce454de3042ecf0a6341af15bc4f055306f87a3def,207df0abd50aa61828d0885348499ebc3c56b1b05bde9fa18af22cd0b51b9013,False,False,False,47.554359436035156,0.15726138651371002
critical_holdout,2,16,14,held_random,0.1,6,0f1d2d27389fbc6e9f422d6c39b697e1544c3c98dd0cae22f5e8cf766da96bfe,a645710913151329bd2b290a3970cb385cb2d10686f02c41485add433193605e,False,False,False,45.27897644042969,0.12740586698055267
critical_holdout,2,17,14,held_random,0.1,6,49ae685b58e028dfd3883041bb9bb157e32fcf2624ffb3108f6a632cd7a72b86,19db8ddb21d3a4347bb8e8241f1f77b087ed683972e79238b082c1b43aa00236,False,False,False,45.113441467285156,0.14237719774246216
critical_holdout,2,18,14,held_random,0.1,6,64b44db48996c4d1717acec33cf89b84e047d41670b9595ae895d9d46ae424a8,42a2632a72b5d6de3958687e2d8bd3d7b944661bf931eb1b5824cbb5f5b7bc68,False,False,False,46.63715362548828,0.14053942263126373
critical_holdout,2,19,14,held_random,0.1,6,a46dc71a9e1c3c0c573e02af6a9182bb25f8732d9284b662637a29f01fc835df,f4b8912f84bdbb8757f9ddc3154332ac43dcee333ec0ac3da6ea0df57bc5a925,False,False,False,49.62351608276367,0.16552187502384186
critical_holdout,2,20,14,held_random,0.1,6,c21467ab266b8a0b47cfaeba5d884215ade76e6962fe18b7a7099669ea6b5696,0d11a7d68e029c1cf090cfb09a69677d4aa761e16e763cf3b3a05265e787c27d,False,False,False,38.932064056396484,0.11862652003765106
critical_holdout,2,21,14,held_random,0.1,6,907e3144458fdc555e23f2a96aefedf790524e9469a67f924354d7d7c9fbb33d,7f37ca8a50e348529df9369653a383108fc7da7766304201f90bab38f1ba8e6b,False,False,False,46.59666061401367,0.1465137004852295
critical_holdout,2,22,14,held_random,0.1,6,5f61e42f8b3fbc48bb35a6d4434417a099995d7f7774b2880dc77cd30cd0157d,949992269120668252f53d6d52e6d0f0be4dcadf25db1081221ca914688cef53,False,False,False,44.08605194091797,0.13163375854492188
critical_holdout,2,23,14,held_random,0.1,6,6ebb64be26da35e66e6bc84adb915eee494c057de6e9b71f035147daec93b949,3e2aa35be59e670b5c2435b3e36f7341df02515b5996ff81179501c5f81cd1f0,False,False,False,42.009376525878906,0.13730832934379578
critical_holdout,2,24,14,held_random,0.1,6,218f4e78d16d8d94c12e4d3b754dce3534679c2d217347a79ca48cf57b40a1c2,46c0664669885d7a35a84c7bca414498a7f482a8eed8ca6aa170ff4eca8f8e5d,False,False,False,44.93168640136719,0.1440216451883316
critical_holdout,2,25,14,held_random,0.1,6,039bb47dc6c3f107e7dbd0a685390dd8ab6b4c919b0fa1418e63559d67041006,de09156d662d7a498b74b0f3dd9ba13bb2834c185c03b7d2cb0b969434c947ee,False,False,False,48.81324005126953,0.17788054049015045
critical_holdout,2,26,14,held_random,0.1,6,83d7a1edf9e289391c9d9c03b362127f23bc7e964c4dd930f1e8106d4bcf1b4c,a0a1a42d9c9dbac99b26900cea507d74b8450bec64bbef712fcd3a9eb3af1d2f,False,False,False,45.60378646850586,0.16379152238368988
critical_holdout,2,27,14,held_random,0.1,6,5f6d518be15da73b9303b96b049c6e4f3f3eca4603f97cfff2533199fd4bdb57,ae9dd7af93c5db3d2d786ed7b0133bb020a3bd7fb760bfabda4e679e6dbea20d,False,False,False,44.80613327026367,0.17289629578590393
critical_holdout,2,28,14,held_random,0.1,6,cfb25531d23cb7f115fd170cfcfa1d33b376615e2ecbe00d09034a9de6461353,d688d8a5627dec78c393ad25f79d27a6ebdddf35a6ff2f90b3545cf9889a58a3,False,False,False,42.23591613769531,0.13448144495487213
critical_holdout,2,29,14,held_random,0.1,6,4e3731b1cf48a5a8b174ea72f408a9c04319e63161e76eba90b5170224605bbd,faffb05759a03772cb258d2c5c3f8499bc0c0a9f6ce8038ab99a3099cf4890a5,False,False,False,41.65345001220703,0.15734773874282837
critical_holdout,2,30,14,held_random,0.1,6,e07ad7eaaf596381867b6b29a50ff15e24212beba1c51a51a508efc1d37b6b27,d9c874dcc91cfb140b1993ddbfb903a6a92a269c93227ba8e8bc92dfcfd8e3bb,False,False,False,45.31300735473633,0.13421422243118286
critical_holdout,2,31,14,held_random,0.1,6,6819d20c2b6d42945e4300f8411d2b88f5f3439609b7e98f922dc6db7e828943,33030d6d6ad612042bdb17229342b915c5272160dd736a414720f504feae33e0,False,False,False,39.47346115112305,0.12235888093709946
critical_holdout,3,0,14,held_random,0.3,0,1dc8f68e2cd7addc3f84a08f17fe1ca1c3176fe96645fbc726721ab6f894f3fd,498f3dcf01ddcc673cd6079f69c33f5923741374d44b2e0b1b6b410ce15af7b5,False,False,False,35.625972747802734,0.13697963953018188
critical_holdout,3,1,14,held_random,0.3,0,5dee4216134cdfc63bb4681cd50ce37ea794f5114df15fd505307bb8ed9e582a,2a47f0a0f3fdc7a45c836d0e015972a1f41695d81be4e12543f1cd4406496032,False,False,False,45.72429656982422,0.15358339250087738
critical_holdout,3,2,14,held_random,0.3,0,1daa4cdaa75c6c2b7fc41745a2d0d6b87c4394678a84942341a81a15e1e486d4,fdf14d9ffe0ffbbbcaabb42ec104557963dd27fbc3928856f31e9c570808eae3,False,False,False,38.192352294921875,0.12084046751260757
critical_holdout,3,3,14,held_random,0.3,0,f0855dbc4beadf878c1a9123bba87b090e9a815733b2bffbb3a5ce4bb9042ed9,f573c72960669fb680e0439341d78fd918d0eff701e228368518ae15164665e6,False,False,False,44.73993682861328,0.15250170230865479
critical_holdout,3,4,14,held_random,0.3,0,7bce17d283d2aaf615672136ff8e2e858347a36dfd40024e58b360c0684f1b63,54d44df6334ccd3781c2482f7f50cc8847189a2bbfe6aae5670eedcfc6636917,False,False,False,46.69536209106445,0.13957785069942474
critical_holdout,3,5,14,held_random,0.3,0,f0b098529abbc5cce8eb5abb1e4a1fd440d9d9fb84ef107e8ca18baa3e7a2521,b7453a9aa539c83b1bd903b97121f1b40f4d54b56e39b1738b87e1a1e5ef7cea,False,False,False,45.067901611328125,0.17025774717330933
critical_holdout,3,6,14,held_random,0.3,0,39e0f0bf53b1e6d7014f40e3d9a48f876d3c12ed40a8843f2406f1db7c5df602,f31622d6be83d401c1523eafc7bcd772ae05bfd641d28688f2a07f3dd7d9be4e,False,False,False,48.07909393310547,0.15826815366744995
critical_holdout,3,7,14,held_random,0.3,0,e485b79a5f4db3649af25eb82d248e7c23815f9bcf72be2ba04f7f5210442e4d,c523c4e8151ee28d2517f9e9ea1d57e09e3ac21b0b5f3485b51503419b951de2,False,False,False,46.13914108276367,0.15307345986366272
critical_holdout,3,8,14,held_random,0.3,0,80bb24ce98d925e798c47d942aaff5e50b1e2e2177c9431dc9b66b8867b8d5b8,c643efcc0fdb76f5354203fab16980babb15d0d9cf83a8af4b98d67268b5f644,False,False,False,46.447853088378906,0.1464632749557495
critical_holdout,3,9,14,held_random,0.3,0,1f3313d183b28b0ca8a500e652de232f52d268ccc96e479e89f068c62d8d4232,9a562c7e12cebc063bd9d1c304cbef8f2ad2f492930aa17e507e582694376184,False,False,False,43.86421585083008,0.1348097026348114
critical_holdout,3,10,14,held_random,0.3,0,079a293d1a321c1b2ce2b1792c72529ae969cc73aa208d929f51618a6f0ed45d,b394b4aa269653d588d92dc9f7970ba125905c9f2d1bf77304a068af16c4e089,False,False,False,45.003231048583984,0.12732666730880737
critical_holdout,3,11,14,held_random,0.3,0,319bca9e947fe2d15561e0d6fcf7e6e8f057b56564c86a1c9c294d73afbc25bf,bc6714e6aed4a5e2db374866a244b4af3a493686da2628520a810e18dfe5301b,False,False,False,46.98714828491211,0.14671014249324799
critical_holdout,3,12,14,held_random,0.3,0,9b45b6b1284b7585b1dacd629cd563ebb525ff031b57ed3a273425eda24dde31,3a3edb6f0eaa4ebc1d9db230ab1261846f57a6a1cb4f229a95a5af9ec67d53d3,False,False,False,47.63390350341797,0.15578825771808624
critical_holdout,3,13,14,held_random,0.3,0,010281c4f79f3dead59a6e00982e229bd0e4b80a0ea356512b5174466d6cecf5,09d67af214fbf8fbbb72a62145cecbbe0628f20111e771e74fa894b492238028,False,False,False,47.68156051635742,0.14472262561321259
critical_holdout,3,14,14,held_random,0.3,0,80052f38cb0d8b101038c2ff0dd5643187f336ebc42712d4188d5ccdd77b59f3,4bdc5c06490d49c6f3478d7510509c3d77ccf5bcaaef307cddeb656258e3b3b8,False,False,False,44.079532623291016,0.1322755217552185
critical_holdout,3,15,14,held_random,0.3,0,c50f00427885abe599b34ab309d849ea5317d7ab4d1abcde4277fa4030407889,207df0abd50aa61828d0885348499ebc3c56b1b05bde9fa18af22cd0b51b9013,False,False,False,48.64073181152344,0.15957793593406677
critical_holdout,3,16,14,held_random,0.3,0,124aaedb8c58ab6967f82c08df9598e513e7fe851d4441cdaeb6047e98eeb456,a645710913151329bd2b290a3970cb385cb2d10686f02c41485add433193605e,False,False,False,45.54414749145508,0.12969735264778137
critical_holdout,3,17,14,held_random,0.3,0,9edf39b0388496526d30c8c3fc783d598536edb1e5a0183e403bb620de4f15c0,19db8ddb21d3a4347bb8e8241f1f77b087ed683972e79238b082c1b43aa00236,False,False,False,45.72102355957031,0.13895480334758759
critical_holdout,3,18,14,held_random,0.3,0,88b39f63301cc58c01e47ebd6c36920fc86820bb07352faf09a884e4aa1fc642,42a2632a72b5d6de3958687e2d8bd3d7b944661bf931eb1b5824cbb5f5b7bc68,False,False,False,47.50190353393555,0.14487099647521973
critical_holdout,3,19,14,held_random,0.3,0,385528e82544f0ee4375d9607d39d8a85a5688fe81918bbfecf677f3f5662157,f4b8912f84bdbb8757f9ddc3154332ac43dcee333ec0ac3da6ea0df57bc5a925,False,False,False,50.5656852722168,0.1679190993309021
critical_holdout,3,20,14,held_random,0.3,0,652b982d014e9a50eb977503b07fac38186515ce3ca6b0becec81a776692be7d,0d11a7d68e029c1cf090cfb09a69677d4aa761e16e763cf3b3a05265e787c27d,False,False,False,45.299922943115234,0.14800381660461426
critical_holdout,3,21,14,held_random,0.3,0,e4494fdab86e8811751571ccff622547141e3edfde96d2e02ac42f96ce9922ae,7f37ca8a50e348529df9369653a383108fc7da7766304201f90bab38f1ba8e6b,False,False,False,47.179229736328125,0.14708168804645538
critical_holdout,3,22,14,held_random,0.3,0,856cb90df48209b2fe172228197d0e3862607c26d7cbeba65da934762b7b136e,949992269120668252f53d6d52e6d0f0be4dcadf25db1081221ca914688cef53,False,False,False,45.13329315185547,0.13475924730300903
critical_holdout,3,23,14,held_random,0.3,0,a58426e23d257c92414a832890a753a01b5646bca09154f2b0f2b6597aa0901d,3e2aa35be59e670b5c2435b3e36f7341df02515b5996ff81179501c5f81cd1f0,False,False,False,41.23560333251953,0.1325075328350067
critical_holdout,3,24,14,held_random,0.3,0,f73fbf9ab0f4eedc9866375edcb18b127ff5b6f620688fac41403fb1715cb85f,46c0664669885d7a35a84c7bca414498a7f482a8eed8ca6aa170ff4eca8f8e5d,False,False,False,45.75984573364258,0.14420807361602783
critical_holdout,3,25,14,held_random,0.3,0,a466d4f78f53f6fd8e1fa7538ddff3b5beb8508cc7e33266bc25df67b5b65cd3,de09156d662d7a498b74b0f3dd9ba13bb2834c185c03b7d2cb0b969434c947ee,False,False,False,48.94630432128906,0.17932899296283722
critical_holdout,3,26,14,held_random,0.3,0,e7695ef8870051663615fbbe9a72418d36c3fa16bed490514689b4b1c909356d,a0a1a42d9c9dbac99b26900cea507d74b8450bec64bbef712fcd3a9eb3af1d2f,False,False,False,45.18293762207031,0.16001392900943756
critical_holdout,3,27,14,held_random,0.3,0,144eef284a1476b4f3bf2d0c5d0ca2cf8e8cf36cafbcff2e077ba984bd6042c9,ae9dd7af93c5db3d2d786ed7b0133bb020a3bd7fb760bfabda4e679e6dbea20d,False,False,False,45.439640045166016,0.17182806134223938
critical_holdout,3,28,14,held_random,0.3,0,0d9301a47fbeda1e48178406e810c7eb02e8d7c8db924c3c8df254fc2da58caf,d688d8a5627dec78c393ad25f79d27a6ebdddf35a6ff2f90b3545cf9889a58a3,False,False,False,46.204307556152344,0.13876180350780487
critical_holdout,3,29,14,held_random,0.3,0,0da72d76ad7aeaf8a4b82b2d368ddaeabb58611f55a56f789b5ad3ee18795bef,faffb05759a03772cb258d2c5c3f8499bc0c0a9f6ce8038ab99a3099cf4890a5,False,False,False,43.93777084350586,0.16656610369682312
critical_holdout,3,30,14,held_random,0.3,0,2809d527f54fc20d2c6aa0e786ac7e4b374afa9011e163bbc60b5d117e027770,d9c874dcc91cfb140b1993ddbfb903a6a92a269c93227ba8e8bc92dfcfd8e3bb,False,False,False,46.963417053222656,0.13805648684501648
critical_holdout,3,31,14,held_random,0.3,0,53823507410ba747a9832865e3facf22ebdb4801cc44c0a45c0188520b72ccb7,33030d6d6ad612042bdb17229342b915c5272160dd736a414720f504feae33e0,False,False,False,41.71357727050781,0.12364248186349869
critical_holdout,4,0,14,held_random,0.3,6,1dc8f68e2cd7addc3f84a08f17fe1ca1c3176fe96645fbc726721ab6f894f3fd,498f3dcf01ddcc673cd6079f69c33f5923741374d44b2e0b1b6b410ce15af7b5,False,False,False,35.124107360839844,0.13692401349544525
critical_holdout,4,1,14,held_random,0.3,6,5dee4216134cdfc63bb4681cd50ce37ea794f5114df15fd505307bb8ed9e582a,2a47f0a0f3fdc7a45c836d0e015972a1f41695d81be4e12543f1cd4406496032,False,False,False,44.64804458618164,0.1496240347623825
critical_holdout,4,2,14,held_random,0.3,6,1daa4cdaa75c6c2b7fc41745a2d0d6b87c4394678a84942341a81a15e1e486d4,fdf14d9ffe0ffbbbcaabb42ec104557963dd27fbc3928856f31e9c570808eae3,False,False,False,37.34904479980469,0.12045594304800034
critical_holdout,4,3,14,held_random,0.3,6,f0855dbc4beadf878c1a9123bba87b090e9a815733b2bffbb3a5ce4bb9042ed9,f573c72960669fb680e0439341d78fd918d0eff701e228368518ae15164665e6,False,False,False,43.57316970825195,0.14965900778770447
critical_holdout,4,4,14,held_random,0.3,6,7bce17d283d2aaf615672136ff8e2e858347a36dfd40024e58b360c0684f1b63,54d44df6334ccd3781c2482f7f50cc8847189a2bbfe6aae5670eedcfc6636917,False,False,False,45.82826232910156,0.1382351964712143
critical_holdout,4,5,14,held_random,0.3,6,f0b098529abbc5cce8eb5abb1e4a1fd440d9d9fb84ef107e8ca18baa3e7a2521,b7453a9aa539c83b1bd903b97121f1b40f4d54b56e39b1738b87e1a1e5ef7cea,False,False,False,43.7369499206543,0.16831009089946747
critical_holdout,4,6,14,held_random,0.3,6,39e0f0bf53b1e6d7014f40e3d9a48f876d3c12ed40a8843f2406f1db7c5df602,f31622d6be83d401c1523eafc7bcd772ae05bfd641d28688f2a07f3dd7d9be4e,False,False,False,47.210914611816406,0.15600556135177612
critical_holdout,4,7,14,held_random,0.3,6,e485b79a5f4db3649af25eb82d248e7c23815f9bcf72be2ba04f7f5210442e4d,c523c4e8151ee28d2517f9e9ea1d57e09e3ac21b0b5f3485b51503419b951de2,False,False,False,45.25532913208008,0.15116755664348602
critical_holdout,4,8,14,held_random,0.3,6,80bb24ce98d925e798c47d942aaff5e50b1e2e2177c9431dc9b66b8867b8d5b8,c643efcc0fdb76f5354203fab16980babb15d0d9cf83a8af4b98d67268b5f644,False,False,False,46.01030731201172,0.145365372300148
critical_holdout,4,9,14,held_random,0.3,6,1f3313d183b28b0ca8a500e652de232f52d268ccc96e479e89f068c62d8d4232,9a562c7e12cebc063bd9d1c304cbef8f2ad2f492930aa17e507e582694376184,False,False,False,42.843204498291016,0.1323736160993576
critical_holdout,4,10,14,held_random,0.3,6,079a293d1a321c1b2ce2b1792c72529ae969cc73aa208d929f51618a6f0ed45d,b394b4aa269653d588d92dc9f7970ba125905c9f2d1bf77304a068af16c4e089,False,False,False,44.031490325927734,0.1255195587873459
critical_holdout,4,11,14,held_random,0.3,6,319bca9e947fe2d15561e0d6fcf7e6e8f057b56564c86a1c9c294d73afbc25bf,bc6714e6aed4a5e2db374866a244b4af3a493686da2628520a810e18dfe5301b,False,False,False,46.12655258178711,0.14496849477291107
critical_holdout,4,12,14,held_random,0.3,6,9b45b6b1284b7585b1dacd629cd563ebb525ff031b57ed3a273425eda24dde31,3a3edb6f0eaa4ebc1d9db230ab1261846f57a6a1cb4f229a95a5af9ec67d53d3,False,False,False,46.69513702392578,0.15338283777236938
critical_holdout,4,13,14,held_random,0.3,6,010281c4f79f3dead59a6e00982e229bd0e4b80a0ea356512b5174466d6cecf5,09d67af214fbf8fbbb72a62145cecbbe0628f20111e771e74fa894b492238028,False,False,False,46.94108963012695,0.1438157707452774
critical_holdout,4,14,14,held_random,0.3,6,80052f38cb0d8b101038c2ff0dd5643187f336ebc42712d4188d5ccdd77b59f3,4bdc5c06490d49c6f3478d7510509c3d77ccf5bcaaef307cddeb656258e3b3b8,False,False,False,42.88364028930664,0.1309894621372223
critical_holdout,4,15,14,held_random,0.3,6,c50f00427885abe599b34ab309d849ea5317d7ab4d1abcde4277fa4030407889,207df0abd50aa61828d0885348499ebc3c56b1b05bde9fa18af22cd0b51b9013,False,False,False,47.54166030883789,0.15665261447429657
critical_holdout,4,16,14,held_random,0.3,6,124aaedb8c58ab6967f82c08df9598e513e7fe851d4441cdaeb6047e98eeb456,a645710913151329bd2b290a3970cb385cb2d10686f02c41485add433193605e,False,False,False,45.25057601928711,0.12757958471775055
critical_holdout,4,17,14,held_random,0.3,6,9edf39b0388496526d30c8c3fc783d598536edb1e5a0183e403bb620de4f15c0,19db8ddb21d3a4347bb8e8241f1f77b087ed683972e79238b082c1b43aa00236,False,False,False,44.71603012084961,0.1377083659172058
critical_holdout,4,18,14,held_random,0.3,6,88b39f63301cc58c01e47ebd6c36920fc86820bb07352faf09a884e4aa1fc642,42a2632a72b5d6de3958687e2d8bd3d7b944661bf931eb1b5824cbb5f5b7bc68,False,False,False,46.92236328125,0.143149271607399
critical_holdout,4,19,14,held_random,0.3,6,385528e82544f0ee4375d9607d39d8a85a5688fe81918bbfecf677f3f5662157,f4b8912f84bdbb8757f9ddc3154332ac43dcee333ec0ac3da6ea0df57bc5a925,False,False,False,49.50376510620117,0.16610929369926453
critical_holdout,4,20,14,held_random,0.3,6,652b982d014e9a50eb977503b07fac38186515ce3ca6b0becec81a776692be7d,0d11a7d68e029c1cf090cfb09a69677d4aa761e16e763cf3b3a05265e787c27d,False,False,False,44.373783111572266,0.14583799242973328
critical_holdout,4,21,14,held_random,0.3,6,e4494fdab86e8811751571ccff622547141e3edfde96d2e02ac42f96ce9922ae,7f37ca8a50e348529df9369653a383108fc7da7766304201f90bab38f1ba8e6b,False,False,False,46.56017303466797,0.14617164433002472
critical_holdout,4,22,14,held_random,0.3,6,856cb90df48209b2fe172228197d0e3862607c26d7cbeba65da934762b7b136e,949992269120668252f53d6d52e6d0f0be4dcadf25db1081221ca914688cef53,False,False,False,44.154239654541016,0.13195058703422546
critical_holdout,4,23,14,held_random,0.3,6,a58426e23d257c92414a832890a753a01b5646bca09154f2b0f2b6597aa0901d,3e2aa35be59e670b5c2435b3e36f7341df02515b5996ff81179501c5f81cd1f0,False,False,False,40.631954193115234,0.1324610412120819
critical_holdout,4,24,14,held_random,0.3,6,f73fbf9ab0f4eedc9866375edcb18b127ff5b6f620688fac41403fb1715cb85f,46c0664669885d7a35a84c7bca414498a7f482a8eed8ca6aa170ff4eca8f8e5d,False,False,False,44.763633728027344,0.14316987991333008
critical_holdout,4,25,14,held_random,0.3,6,a466d4f78f53f6fd8e1fa7538ddff3b5beb8508cc7e33266bc25df67b5b65cd3,de09156d662d7a498b74b0f3dd9ba13bb2834c185c03b7d2cb0b969434c947ee,False,False,False,48.30793762207031,0.17670787870883942
critical_holdout,4,26,14,held_random,0.3,6,e7695ef8870051663615fbbe9a72418d36c3fa16bed490514689b4b1c909356d,a0a1a42d9c9dbac99b26900cea507d74b8450bec64bbef712fcd3a9eb3af1d2f,False,False,False,44.29651641845703,0.1573960930109024
critical_holdout,4,27,14,held_random,0.3,6,144eef284a1476b4f3bf2d0c5d0ca2cf8e8cf36cafbcff2e077ba984bd6042c9,ae9dd7af93c5db3d2d786ed7b0133bb020a3bd7fb760bfabda4e679e6dbea20d,False,False,False,44.57553482055664,0.1704505831003189
critical_holdout,4,28,14,held_random,0.3,6,0d9301a47fbeda1e48178406e810c7eb02e8d7c8db924c3c8df254fc2da58caf,d688d8a5627dec78c393ad25f79d27a6ebdddf35a6ff2f90b3545cf9889a58a3,False,False,False,45.36260223388672,0.13700951635837555
critical_holdout,4,29,14,held_random,0.3,6,0da72d76ad7aeaf8a4b82b2d368ddaeabb58611f55a56f789b5ad3ee18795bef,faffb05759a03772cb258d2c5c3f8499bc0c0a9f6ce8038ab99a3099cf4890a5,False,False,False,43.385929107666016,0.16585251688957214
critical_holdout,4,30,14,held_random,0.3,6,2809d527f54fc20d2c6aa0e786ac7e4b374afa9011e163bbc60b5d117e027770,d9c874dcc91cfb140b1993ddbfb903a6a92a269c93227ba8e8bc92dfcfd8e3bb,False,False,False,45.45463562011719,0.13263951241970062
critical_holdout,4,31,14,held_random,0.3,6,53823507410ba747a9832865e3facf22ebdb4801cc44c0a45c0188520b72ccb7,33030d6d6ad612042bdb17229342b915c5272160dd736a414720f504feae33e0,False,False,False,39.61203384399414,0.11980201303958893
