flow,seed,amp,env_id,hold_steps,command_sha256,raw_violation,system0_violation,backstop_violation
uniform_random,9,0.015,0,1,1753f26dab6af36ee0f3ae737e18aea259befcbea8cbad92f03e4cce043ae5e5,False,False,False
uniform_random,9,0.015,1,1,576d9b10e4b34d8c450cf567fdfc73bcd95f006f015ee7c42d23acf3149e8e57,False,False,False
uniform_random,9,0.015,2,1,edc0fc01f08d00d9a5274a58d26aa9caa19fab7424e26a9724459e8541514fea,False,False,False
uniform_random,9,0.015,3,1,491498842a923c6c5f2769e978e62c6deb19805c10f68e2e78cc75f0a07d9fdc,False,False,False
uniform_random,9,0.015,4,1,bca89cd26997ccb40481216638167ebe60b875feae91121bfe24a892477d23d8,False,False,False
uniform_random,9,0.015,5,1,83eab38776728d5ee0245fd42f713702569dbacd0298b7d0f807813330e7c1e1,False,False,False
uniform_random,9,0.015,6,1,94a891af7eb3243fea448bc0aa10a82f49aadd6aba1304010313c8ab64e78049,False,False,False
uniform_random,9,0.015,7,1,98dbaa5cded029edba0b4b8ca2e3344fc6b8b1201655f88c12e6032808e30713,False,False,False
uniform_random,9,0.015,8,1,4a201fe7cfd47f0f7cc89e910a41ab59291b439c654f2efd5ea39aa79cd5f984,False,False,False
uniform_random,9,0.015,9,1,5e25efefd069b79010486d84bbf5a057372b0f2cfb732eeebdd670b8c8bec65a,False,False,False
uniform_random,9,0.015,10,1,b1fe55bbf90e79bc1e10ed6a6a07bb90443b226a54467a285c24a954c17cf327,False,False,False
uniform_random,9,0.015,11,1,b195007fd76f16abe1f2440358bc409e227bf17fed56026106896de6ea364490,False,False,False
uniform_random,9,0.015,12,1,7f33dfb1c8ebaea717e37aa2296d9a3b1075997d4785aeacc96ff61813e7011f,False,False,False
uniform_random,9,0.015,13,1,91ba52495f1d62c3f74210248ed2550a77a4ac041c4380b68d3532f9d8329fbc,False,False,False
uniform_random,9,0.015,14,1,8dea6e9df0b74591ea27d494db7894ba7c1526fd5147134822890bb2b7692fb9,False,False,False
uniform_random,9,0.015,15,1,cf7d349093032df4efa21967de566180e5903cc0ba930a9dc56a85a96c62cfbb,False,False,False
uniform_random,9,0.015,16,1,caf53fbb1be6859a54da2b4edad92826b4ff310c3f0813609796863764b3c87a,False,False,False
uniform_random,9,0.015,17,1,b47f9dbde57a9fa4f98cbcb34eaeabeeba23289f74a90d638573b1ba861fbec5,False,False,False
uniform_random,9,0.015,18,1,202cae38c824b37f94f71d6065e3ee886bc0feb8ee50c325f70fd64de4a524ff,False,False,False
uniform_random,9,0.015,19,1,e235d2913a4e3ff739a7440b4e35ed4d36cb298366c3e4ca1d5eb77a5059cd8b,False,False,False
uniform_random,9,0.015,20,1,ff4a635e43a44b0801ee92c4423eb1f5cb0df2d6822b3660cbaa9f7692241772,False,False,False
uniform_random,9,0.015,21,1,b14fd952a9ad1cf386cd6304fd8893c06e791aebf14c0a602cce6c10680d61f8,False,False,False
uniform_random,9,0.015,22,1,cdd3b4e6a17be9e23efa90ad9ee3931d98940ec06e3295a962c1622fcb6b0007,False,False,False
uniform_random,9,0.015,23,1,bb958b00d128d4e8dc3b00372771e3ff10737f45a1eda35d2cbf9a16c9476eed,False,False,False
uniform_random,9,0.015,24,1,ab6875f26fc5d8eb97e1c2d5858f6753757f7d5f075104d6ea56b2a1db5ef94d,False,False,False
uniform_random,9,0.015,25,1,9428bd96d636d9cdf3b7f09744912889dba1e1369fd04fd7dbfdecde0b82c246,False,False,False
uniform_random,9,0.015,26,1,5b23ad9e2dda6990c51d4b502ea8d81e5b0d9a161a12a64b750df48e95939e05,False,False,False
uniform_random,9,0.015,27,1,1a516646b8e94a4dc56893b348292502bd8a37fe01c289d7abac0744be2e9728,False,False,False
uniform_random,9,0.015,28,1,2c79b43c224a949c0be96b56b36645a082376de4d70be5b66db9c4a07cc43d0c,False,False,False
uniform_random,9,0.015,29,1,eee2b7cc18694c683a77f1242c11824396323fd00c179d31d1858f7823a57444,False,False,False
uniform_random,9,0.015,30,1,824948be891cf35fbc910934ae7fe925d282b1d2aba08012234d7cf0d7434bb8,True,False,False
uniform_random,9,0.015,31,1,77eacc1530bcaae13fd8fa81753aef3042473f055da902051c61314bd81fbd92,False,False,False
uniform_random,10,0.015,0,1,3e7fd81bdb27e40766bc94189bd9616932a7a95ed1298aa74e475b6e3d9b66f2,False,False,False
uniform_random,10,0.015,1,1,3ddda03c69388ec99ee0c9a67965cdf9d37a82e0b2908eac75e3ec5c0466e223,False,False,False
uniform_random,10,0.015,2,1,7ee250d6bd5e9f78224e617e57014b515cf17b4cb360661632b382ce4f1439cc,False,False,False
uniform_random,10,0.015,3,1,607a78be026306c00ee62f57a736b2c6acc6447f145cf11f07d7e41e3c0886ff,False,False,False
uniform_random,10,0.015,4,1,251f62b18072c5420bf4db672e8c291d78255f7580197eef563e2b985ce3d863,False,False,False
uniform_random,10,0.015,5,1,02870d9347083ee43ee1ea8958491fd05b6cff27e9158e519f3978184250cdda,False,False,False
uniform_random,10,0.015,6,1,5d16ceafe8eb58414767a1ce98d0a6d25f86184d9413eb9b81080fedfc2175b3,False,False,False
uniform_random,10,0.015,7,1,193866f327043d90129cdfaabdb343408970ef4ff1534ca5d543c5e29695751f,False,False,False
uniform_random,10,0.015,8,1,861fb2f0d94c15947622cc3a432917898d16bb601bf21659c49fbf43355d4423,False,False,False
uniform_random,10,0.015,9,1,ad4c7d184d2a2563507dbb9dd93f195215b3d412623804e1cf0e2b4cfcb3262e,False,False,False
uniform_random,10,0.015,10,1,c0134839ea1832c7cf0f112aa62057af9492a0cf0e8ca233bf1a948ede258699,False,False,False
uniform_random,10,0.015,11,1,ab5fffca45ae07ab321b76b656e2611dae8a7edcfd2db055f1ac11b06be34dfd,True,False,False
uniform_random,10,0.015,12,1,2a5d78b8f00659867ad570958ca9fbbf299c9b53ec88e10f71c6d3d996b8d641,False,False,False
uniform_random,10,0.015,13,1,eb66f0ad808359c7964e1c6c55130fa1a63d032c7cb824a6fe8f209ead0d8a27,False,False,False
uniform_random,10,0.015,14,1,f28de697379d8d233d1ee69be3b31b563565aef455970c8125fc66b64a81c55d,False,False,False
uniform_random,10,0.015,15,1,499e8dc0eced10ba00a92e00cc048b9e934ecf5d300f3eef0709f64c8ade0388,False,False,False
uniform_random,10,0.015,16,1,d753d8c0a37bd745ab9d070b02ae03c98b4c91609a8c6333147cb2864d318397,False,False,False
uniform_random,10,0.015,17,1,2e4f955f47fefaee8a38c3a674fc77e1a1a959b49aff7cd500f3bcafa304d728,False,False,False
uniform_random,10,0.015,18,1,6c15c7a12c51825e671152921425cab539cc6f973ddf6a29b4393dad8d49035f,False,False,False
uniform_random,10,0.015,19,1,086e0d6b1b26127542de69ae36b5b3c15e19d2ef1fcdd004a5a29df13794e01e,False,False,False
uniform_random,10,0.015,20,1,0009c9e36758f49ec33cb475bfaa2993b13563ae32d5620311ee0a8709ce111d,False,False,False
uniform_random,10,0.015,21,1,ab011d2bbaa96dfe7cb52472cc5e87d37eb89c041d81b39a83054147a0c6845b,False,False,False
uniform_random,10,0.015,22,1,57479e1d35e4ef238bf7a583b35dd70bbe5671268b2b1c33ef013354f69f8395,False,False,False
uniform_random,10,0.015,23,1,6cb4d4c0f66b0a562b2568bf7572cbc2cb3052168c0a676a51713d8edd928d93,False,False,False
uniform_random,10,0.015,24,1,5efab690670966cf7c3bbff71042a3d4f8f35daa7c5045f923798121d668e412,False,False,False
uniform_random,10,0.015,25,1,1331878929a6c64316489cab3e10d9ed652b60fefbbd17de4ee5650f5d61c17d,False,False,False
uniform_random,10,0.015,26,1,da1d6c57cbc696881d1fb98db949caa92f004923bb9383d363ee3eae8ad6d022,False,False,False
uniform_random,10,0.015,27,1,cc05c89853679956a42c31ce4075b0fec83f2001e0398758f9799ab9749c8a16,False,False,False
uniform_random,10,0.015,28,1,8816e79a04a391252b6500a66f0c13f748fb9f93b62208e900b169c8a025b2ef,False,False,False
uniform_random,10,0.015,29,1,128dffafcb9a638f71c88c408d35fa38765fcb7e6f7056c4b0072ba7f333e9f8,False,False,False
uniform_random,10,0.015,30,1,510dc09539cfc99bef0da51bf9ce5e2bcde5295190aef3ffb8856c54d90e9abd,False,False,False
uniform_random,10,0.015,31,1,5664940cc85b21f2cfb0301d2566db0a1027751a13095d73b23cd64bbc0c8588,False,False,False
held_random,9,0.015,0,30,13aca3ac9b2155d356643139e8b8e58d5ae431a722c87f7355b90ea751d0f838,True,False,False
held_random,9,0.015,1,30,732dde84a5449cb5d5441af72a16b52cd562ae291252ce6a9b0eb802ba49ac19,True,False,False
held_random,9,0.015,2,30,ac70e648cb4506ddc9ed41d0996ed37f0095d5b4845cb0f57a744f002031423e,True,False,False
held_random,9,0.015,3,30,b327f8057aa1afad758332df6337f3fec733b10272a0e89c8ef78021af063789,True,False,False
held_random,9,0.015,4,30,7e8de46549533429e2c32a3f7194cb0341f725a17eb1b94a1c78852b8c1ea1d0,True,False,False
held_random,9,0.015,5,30,d6d723897d1f5e09813d415cbb1740d2bc9868034c79573049606e61574ea823,True,False,False
held_random,9,0.015,6,30,14112dd35e57e50c06c061a0e1064bc965341db7de0f007e6172b0a9106f2893,True,False,False
held_random,9,0.015,7,30,874e0166bdc3455037e64cdbaa6473b8c6d4f9532d87e2ad3a8373e0c6bc1405,True,False,False
held_random,9,0.015,8,30,9787ac81e352f60e9aa38f65468ffbf070ddc510cbd79db729f7f94d37d6558c,True,False,False
held_random,9,0.015,9,30,0853a18fc93cd8a1392dcd52470ef3dfaf1cb0292470a915337ccdbe348ac865,True,False,False
held_random,9,0.015,10,30,0264b59c11c7e17cdbb19ae61e5f99d0b99388641a283a1f708469a51b9be2ae,True,False,False
held_random,9,0.015,11,30,10a25f623426d1e5478bc3a1bdcbf784b3ecd5ac945939e8c72d1e7c9db13bc4,True,False,False
held_random,9,0.015,12,30,93fb8fa84bd8964b66d53d1052ae8e34a0d191221fc8447ff03b6221086d6e15,True,False,False
held_random,9,0.015,13,30,f7e948dca512d1ebb43b94efc7efc3ea9a0bd73f2c7025e28ff4b0b3f12ac8c5,True,False,False
held_random,9,0.015,14,30,b01c4393d1aae5356d9f1f64ec2b38f83f0d8df940164037db133315def4b83b,True,False,False
held_random,9,0.015,15,30,c35c5700466c972752ee0ae0f34b30e476159f28662732b901a7e4173e8e98d6,True,False,False
held_random,9,0.015,16,30,e9324868878c74692219096c1795e3df2f60f26088f60815863ed3ab1e7e57fd,True,False,False
held_random,9,0.015,17,30,64d7534e47438035f90c35dd938c2978d7f1510e2f2552cb1d389e71ddf78f20,True,False,False
held_random,9,0.015,18,30,7a8d8c0092cfd7c63486c661cecc6c8b66c46901378f4626da966071591b1247,True,False,False
held_random,9,0.015,19,30,eeb42e0e486f049b52801ba75c6e0a5b44aa35749cebdefa01e77293b3287fab,True,False,False
held_random,9,0.015,20,30,d3380d779d6d7a43087e9ef3d277362fc1639e924e30795fb7bc0ae1e686f113,True,False,False
held_random,9,0.015,21,30,0cf2770b984c8849e144367cbc673fe6380439f9d53958d793626164933167f7,True,False,False
held_random,9,0.015,22,30,0843b4b28078d52dbb33aff50e9b5677b2dad2129a9e41147e88a47bd729b015,False,False,False
held_random,9,0.015,23,30,4c490927707e2ab458cbd184124309cfd08f33abfc4ae1275415c414931c590b,True,False,False
held_random,9,0.015,24,30,b5cf1ccd85371b500abec6e37121eb277b6a62d2dde80d61b82fc5830a15d881,True,False,False
held_random,9,0.015,25,30,86e93ebb13f669d77a9d3c44e4daba15ab8542895816328e27f017036e24fe79,True,False,False
held_random,9,0.015,26,30,d93f808b93bcc18e8351428166c726b3e11609c4b035e422fd91f2f5eb2f758e,True,False,False
held_random,9,0.015,27,30,90e034fe94b6b7eea72bbf210b2c6b83c35d61aab9326887969def18f4dc8b89,True,False,False
held_random,9,0.015,28,30,d8d54577931dd7924006ac9725af8bb02162a5545a8c38b166afc11cae301373,True,False,False
held_random,9,0.015,29,30,46ba0f5246e774ed54fc071585787a91b1d72011c56ee7ab3e515c4996172111,True,False,False
held_random,9,0.015,30,30,8d84f8b30982b45f30850f0542dd5765b90346315b27b336fc7f51ef78aec587,True,False,False
held_random,9,0.015,31,30,e47e858d30376088d9bb9fd4fa658925789a6fc86f292cc27c5bcd597fe478bb,False,False,False
held_random,10,0.015,0,30,422b3f049b6df839b483f06f1b8a1c5b3e8025444716e370e1202819a498c439,True,False,False
held_random,10,0.015,1,30,c2fc28fe0bd1876b19e3f114851234e1f859bb5c5af382873b340430322e042e,True,False,False
held_random,10,0.015,2,30,61820ac424304bbc73e2517b74e88844f5ba38bcbf4a00444a34382c85174193,True,False,False
held_random,10,0.015,3,30,051dc8fd155e265ecbf27cd7e3d82658e78774898863d0e80ce4545e70ee75c5,True,False,False
held_random,10,0.015,4,30,4b28a0a96c3d3ed2a7ea6c03fce66b9ffa73c61bca0c3f0495e6f43d6a4a56c6,True,False,False
held_random,10,0.015,5,30,81379aaf728fe7e43d845901d79e4dc2ac70cbeb0dda50dc827183b06b7a1c4d,True,False,False
held_random,10,0.015,6,30,5335b5bc49ed9fa33588870956f6fb9f269b088eefca36e5fff4a60c7ac99a28,True,False,False
held_random,10,0.015,7,30,fb639a426306a6a57b68c279271f5937bb73ee463f2cabf817ffb27b6d70601e,True,False,False
held_random,10,0.015,8,30,656a2f0a3638a9f4bd17cbc0890f40f8c93bd82a8f28a63d5c191dcf1aab7359,True,False,False
held_random,10,0.015,9,30,575ce6b3265087c78b1cb9b625438c978f5ed0ee01d6425d35d5a3f02ba0a08a,True,False,False
held_random,10,0.015,10,30,3e119db43e3d010a2edc734bdb96bd1a605ad1c86a6037abc4534cb00223545b,True,False,False
held_random,10,0.015,11,30,6c6346597eac9a137cc20b809f35bd3d3dea6199aabc6ee7727f034a8671a73b,True,False,False
held_random,10,0.015,12,30,7a1e18f34539c5c9ae2da6b5c5f7209a6ee88539c10a4c0860d36265618e0cc9,True,False,False
held_random,10,0.015,13,30,bc77d8a316d89b60eae6ac970baa9b69039a854b47c280116296eb34b8537c7a,True,False,False
held_random,10,0.015,14,30,a97969d4b408046bb69ee13e69a802f6cbff91402972c8208f29b1dc404d29f6,True,False,False
held_random,10,0.015,15,30,fbdbedd6b4552527575a854c3b84e394a49b3ebdd80bf06c7e0b64a27cc4d6b4,True,False,False
held_random,10,0.015,16,30,117fa944a58274f5ca60a381f0168ab63555fa644248e2459975549c6e2408e5,True,False,False
held_random,10,0.015,17,30,e367b07c2430db075cb3121670d6165a18cdf2c7d428a126674312428e5edf02,True,False,False
held_random,10,0.015,18,30,72d4a52840e80508ecbc1b5198199c8fe2598a3af6f2d921cff33a6e132c5ba2,True,False,False
held_random,10,0.015,19,30,a18a89091fd3e9ebe5b8c89c35f5828b2b1534128dcf85a62333f974cc307a7f,True,False,False
held_random,10,0.015,20,30,8c76c88e1eaf319b768ca32ea1125078f061aa162ee768c56ac670ed8e4cb4e8,True,False,False
held_random,10,0.015,21,30,e871bd0b029569d84222e99e65fe3a14b5297594ef84829c94edbdec1f44e33a,True,False,False
held_random,10,0.015,22,30,b985f7536f12dfc9806a99d8397d3720e40ab1db46e9a65f55afadd613020889,True,False,False
held_random,10,0.015,23,30,69dd16b9d45821002362ded7778d05629a5801012509dcf74c1047f52b882d15,True,False,False
held_random,10,0.015,24,30,40c8405957cbec312278d7d29a078ac5d550c8a2f4580207d2ce3f28cfcdbb30,True,False,False
held_random,10,0.015,25,30,5dfddfda44a36a41ca2b05048623625e224589c52430171a486d5397b3e4b700,True,False,False
held_random,10,0.015,26,30,60ba129fc7bd924f565a7b246573f0cbf997db8e65eac94e46b12b6f8843a862,True,False,False
held_random,10,0.015,27,30,b5650bf95e93b2bd764c5187af573baab5b8b78ba2a69ba6f80e4c61d4dbfd44,True,False,False
held_random,10,0.015,28,30,7b2f107be16662355e7d9ff56735b5dc50627b915ba9d3edc68ab742fd23574d,True,False,False
held_random,10,0.015,29,30,92aa6b438378f25fcfb781e1bd18e7452202be98c006ef76698ddd137d7693fd,True,False,False
held_random,10,0.015,30,30,c6edb463b72f0ff3e0fee6b6de162f81acb2183807ee3aff6d47299ec68cde1e,True,False,False
held_random,10,0.015,31,30,08b6348a58b34ad42da6ec09b1513e65e1cb081d2022b01ad6aeddb351942cb7,True,False,False
held_random,11,0.015,0,90,913e85d9076c6b2f760b119a10b9c15a334dcc86c15b29da94a8d74d46ae8508,True,False,not_tested
held_random,11,0.015,1,90,49800b9a66124ee761458d89a2f55f9df4f2c32be7e187b3f1c9f11623e9867a,True,False,not_tested
held_random,11,0.015,2,90,60d25610d8af140a8a632a45a3015aad2aa7f3116923586b814582669dc23e7c,True,False,not_tested
held_random,11,0.015,3,90,dea0cc021a16a1541f2cf86384779e6d24d81006379f50d17437abe2d1fe5621,True,False,not_tested
held_random,11,0.015,4,90,40ca056f839eea052b9832332970b21629df068bc031daa7f0d0dc10208671eb,True,False,not_tested
held_random,11,0.015,5,90,cd9580e017d0a6fbc1d791edda0257f9e53df561b552de837b683c7e7d9d64d1,True,False,not_tested
held_random,11,0.015,6,90,40e4896c56542ed2773a45569875efe9b1313dbca3bf6740a9dd1e9dee61520f,True,False,not_tested
held_random,11,0.015,7,90,e459c22a584d45165aea58f283b80476ac14273e56a32a6ee1fa921b054dc30d,True,False,not_tested
held_random,11,0.015,8,90,aa24b38e5f4d81d638c95e937ddf1fe725fc36f6f806136401a7abf2be28d335,True,False,not_tested
held_random,11,0.015,9,90,ba894c9c3487c035b72bd9f92b092f53f7c5c8eeab553df7e8a246f1bd9295f9,True,False,not_tested
held_random,11,0.015,10,90,f7d0840ad1b35c235d87de31faea0207ef3bed47d969232405e7c86f8ea411b1,True,False,not_tested
held_random,11,0.015,11,90,7aea0c1091e30ee4ac3d7dd7ece9ea8e5200614b476998c6d9ca669f5e7c590b,True,False,not_tested
held_random,11,0.015,12,90,b317561932224bc4bfc923010aaa43d6f84783717ab7bbfde061042d21e753a5,True,False,not_tested
held_random,11,0.015,13,90,1f71182ca7b1dc79d660b0c87330b9b495ffb70e256671db5b0e30d0fc606cb1,True,False,not_tested
held_random,11,0.015,14,90,0cdc5a4869149bd1eceb44cbcc1609463f24b3a486c34cb8c08c3094b277725f,True,False,not_tested
held_random,11,0.015,15,90,8d8a4c363d08159306d5615d6986a0ec57833efaa05a343cfebfe1b631af7c98,True,False,not_tested
held_random,11,0.015,16,90,a03cd75010de5773027815beec627e237b4bb6164286b2cf31c26ccc02e0ef06,True,False,not_tested
held_random,11,0.015,17,90,2201de05abce50f07b25239d0e6c9f10c61455c776f497d297d03048bb2cd7e7,True,False,not_tested
held_random,11,0.015,18,90,9f7be1c568218412760f9a11be952a12e86f8ade3caa2671ab172167c585c8d1,True,False,not_tested
held_random,11,0.015,19,90,49215bb061ab719657d013717d432a096cb36ffc17356348411597b0fd8a70a7,True,False,not_tested
held_random,11,0.015,20,90,82744a72a0cfe44bf57615573670b8471b510853da26a01bc5a97dbbb77de341,True,False,not_tested
held_random,11,0.015,21,90,68ad80d66762a972d28a3e3d8306bbd4f06b59390e3df94b98552bb63c8ba6b6,True,False,not_tested
held_random,11,0.015,22,90,1da91366c38fced64869af39ef90aa73f78edc60636fc9dde91f4704cc239976,True,False,not_tested
held_random,11,0.015,23,90,eb4fcd85cf06645e370414523bf8307f088f8d01f9a9cfd8d1a627872792d795,True,False,not_tested
held_random,11,0.015,24,90,795aeba52105cb673f6f29e30e7d737285d89b43c33089d585d1821894fef5fd,True,False,not_tested
held_random,11,0.015,25,90,0027c130068017f84682357fce16376aa67fb6a46b60f1eafec0849c4b6318cf,True,False,not_tested
held_random,11,0.015,26,90,11f730d60818ed69cdbea62acad2a7fd718a6ec5a56e92661c2c307949bdd484,True,False,not_tested
held_random,11,0.015,27,90,9bce7c5760137ac32f4182622ff65ad057023f0d0d9dbe829979c06bd349b8a5,True,False,not_tested
held_random,11,0.015,28,90,a2575abff7d8fa9c84109f7758ee42c58624974a71c893f9d368e20832bd2221,True,False,not_tested
held_random,11,0.015,29,90,90f19acbe80e3d96ab5bf7e29c870b80a48162d1010025a6bcc6d4f0d1c02bed,True,False,not_tested
held_random,11,0.015,30,90,babd2abee78ece028673906087551f6182fe64d05ffbd01aa3e48656b97a8f4a,True,False,not_tested
held_random,11,0.015,31,90,ac7ae977b9c93a9212d37f1cef5e0a9f5db4fc249be7aaf2fdb71d530081212e,True,False,not_tested
