micro,native_time_s,min_raw9021_gap_m,max_all82_scalar_N,F_L_q_rad_0,F_L_q_rad_1,F_L_q_rad_2,F_L_q_rad_3,F_L_q_rad_4,F_L_q_rad_5,F_L_q_rad_6,F_L_q_rad_7,F_L_q_rad_8,F_L_q_rad_9,F_L_q_rad_10,F_L_q_rad_11,F_L_q_rad_12,F_L_q_rad_13,F_L_q_rad_14,F_L_q_rad_15,F_L_q_rad_16,F_L_q_rad_17,F_L_q_rad_18,F_L_qd_rad_s_0,F_L_qd_rad_s_1,F_L_qd_rad_s_2,F_L_qd_rad_s_3,F_L_qd_rad_s_4,F_L_qd_rad_s_5,F_L_qd_rad_s_6,F_L_qd_rad_s_7,F_L_qd_rad_s_8,F_L_qd_rad_s_9,F_L_qd_rad_s_10,F_L_qd_rad_s_11,F_L_qd_rad_s_12,F_L_qd_rad_s_13,F_L_qd_rad_s_14,F_L_qd_rad_s_15,F_L_qd_rad_s_16,F_L_qd_rad_s_17,F_L_qd_rad_s_18,F_R_q_rad_0,F_R_q_rad_1,F_R_q_rad_2,F_R_q_rad_3,F_R_q_rad_4,F_R_q_rad_5,F_R_q_rad_6,F_R_q_rad_7,F_R_q_rad_8,F_R_q_rad_9,F_R_q_rad_10,F_R_q_rad_11,F_R_q_rad_12,F_R_q_rad_13,F_R_q_rad_14,F_R_q_rad_15,F_R_q_rad_16,F_R_q_rad_17,F_R_q_rad_18,F_R_qd_rad_s_0,F_R_qd_rad_s_1,F_R_qd_rad_s_2,F_R_qd_rad_s_3,F_R_qd_rad_s_4,F_R_qd_rad_s_5,F_R_qd_rad_s_6,F_R_qd_rad_s_7,F_R_qd_rad_s_8,F_R_qd_rad_s_9,F_R_qd_rad_s_10,F_R_qd_rad_s_11,F_R_qd_rad_s_12,F_R_qd_rad_s_13,F_R_qd_rad_s_14,F_R_qd_rad_s_15,F_R_qd_rad_s_16,F_R_qd_rad_s_17,F_R_qd_rad_s_18,U_L_q_rad_0,U_L_q_rad_1,U_L_q_rad_2,U_L_q_rad_3,U_L_q_rad_4,U_L_q_rad_5,U_L_q_rad_6,U_L_q_rad_7,U_L_q_rad_8,U_L_q_rad_9,U_L_q_rad_10,U_L_q_rad_11,U_L_q_rad_12,U_L_q_rad_13,U_L_q_rad_14,U_L_q_rad_15,U_L_q_rad_16,U_L_q_rad_17,U_L_qd_rad_s_0,U_L_qd_rad_s_1,U_L_qd_rad_s_2,U_L_qd_rad_s_3,U_L_qd_rad_s_4,U_L_qd_rad_s_5,U_L_qd_rad_s_6,U_L_qd_rad_s_7,U_L_qd_rad_s_8,U_L_qd_rad_s_9,U_L_qd_rad_s_10,U_L_qd_rad_s_11,U_L_qd_rad_s_12,U_L_qd_rad_s_13,U_L_qd_rad_s_14,U_L_qd_rad_s_15,U_L_qd_rad_s_16,U_L_qd_rad_s_17,U_R_q_rad_0,U_R_q_rad_1,U_R_q_rad_2,U_R_q_rad_3,U_R_q_rad_4,U_R_q_rad_5,U_R_q_rad_6,U_R_q_rad_7,U_R_q_rad_8,U_R_q_rad_9,U_R_q_rad_10,U_R_q_rad_11,U_R_q_rad_12,U_R_q_rad_13,U_R_q_rad_14,U_R_q_rad_15,U_R_q_rad_16,U_R_q_rad_17,U_R_qd_rad_s_0,U_R_qd_rad_s_1,U_R_qd_rad_s_2,U_R_qd_rad_s_3,U_R_qd_rad_s_4,U_R_qd_rad_s_5,U_R_qd_rad_s_6,U_R_qd_rad_s_7,U_R_qd_rad_s_8,U_R_qd_rad_s_9,U_R_qd_rad_s_10,U_R_qd_rad_s_11,U_R_qd_rad_s_12,U_R_qd_rad_s_13,U_R_qd_rad_s_14,U_R_qd_rad_s_15,U_R_qd_rad_s_16,U_R_qd_rad_s_17
0,0.05000000260770321,0.0010609328746795654,30613.750061035156,-1.2810746,1.6627218,-2.5531545,-2.4041934,0.73517567,0.80244845,1.7239686,0.05822058,0.1378363,0.14974521,0.13717453,0.14780071,0.116873756,0.05982648,0.117175825,0.09975689,0.1474316,0.11377941,0.10919507,0.11391437,0.018351723,-0.0122910105,0.059592765,0.012547305,-0.0065248427,-0.0049179266,-0.16823079,-0.14555478,-0.039547678,-0.11217748,-0.00561862,-0.0010525231,-0.0034940594,-0.0032138762,-0.005519687,0.23113157,1.1845196,0.0019417099,1.7319614,-0.68173605,2.1052608,-2.014103,0.421351,1.0812353,-1.1213583,0.034176916,0.06712199,0.09077074,0.028551232,0.14917594,0.06486478,0.03976249,0.07590006,0.13853388,0.0950198,0.11132923,0.109950855,-0.07615968,0.09085919,-0.06526553,-0.023341611,-0.0053788996,-0.008353325,3.489566e-05,-0.4336074,-0.46348807,-0.2725853,-0.3803911,0.010129266,-0.0034983023,-0.011565732,-0.012748695,-0.021109015,0.12198191,1.1793499,-0.0004775734,-3.3563838,-2.938162,1.916394,-1.5549421,-0.75848275,4.6395235,0.0755548,0.08286085,0.09261288,0.07003615,0.4540587,0.051072996,0.07599142,0.14410175,0.076911375,0.07988042,0.051719934,0.090822026,0.09266035,-0.17217965,0.12998632,0.019811576,-0.0076342686,-0.0010378234,-0.37566176,-0.34348193,-0.450822,-0.41656834,-0.023864893,-0.0013519953,-0.0028836527,-0.007906118,-0.010284996,-0.015339249,-0.09324801,-0.0033363695,0.38649428,-1.2831634,-0.020489065,-4.164889,5.9475636,4.385329,0.13781437,0.011209031,0.07705371,0.130017,0.49046734,0.102192186,0.055684187,0.12655704,0.1043343,0.083297305,0.08787514,0.053576738,0.0010987106,-0.11136578,0.024314336,3.478757,-2.2876594,0.004614677,-10.337372,-10.441354,-10.569098,-10.592493,-0.06509872,-0.05488975,-0.11703214,-0.23399259,-0.30362844,2.0244448,8.143722,-0.16543742
1,0.058333336375653744,0.0010589063167572021,31208.3095703125,-1.2804245,1.6629632,-2.5533285,-2.4038208,0.7352349,0.8024293,1.7239473,0.05709509,0.13686888,0.14954732,0.13646421,0.14778514,0.11686671,0.059805356,0.11715768,0.09972673,0.14855242,0.1197027,0.109204784,0.058104683,0.031323902,-0.022210777,0.035488795,0.0043832585,-0.00048636945,-0.0014569769,-0.10134936,-0.08690063,-0.013911254,-0.0610046,-0.00039479882,-0.0006356368,-0.0017797146,-0.0014471636,-0.0023321898,0.074367344,0.40727472,0.0006668552,1.731367,-0.6811916,2.1047654,-2.014159,0.4213166,1.0812159,-1.1213557,0.032372594,0.06497805,0.08965041,0.026830148,0.14921732,0.06485021,0.039714705,0.07584692,0.13844632,0.09561896,0.11736816,0.109949954,-0.0666033,0.050720368,-0.054580748,0.00061791146,-0.0034187103,0.00055379665,0.0004554351,-0.10372794,-0.14118165,-0.06403531,-0.11061879,0.0022365572,-0.0008389787,-0.0026511005,-0.0029890963,-0.0048937323,0.038869187,0.4160338,1.231436e-05,-3.3559446,-2.940296,1.9177791,-1.554754,-0.75855625,4.6395144,0.07213692,0.08007373,0.0885826,0.06650189,0.45382142,0.051060364,0.07596384,0.14402896,0.07681654,0.07995494,0.05145864,0.09079223,0.037142184,-0.18264528,0.06687276,0.010750398,-0.0041328096,-0.0007969781,-0.30707657,-0.22364876,-0.3727917,-0.31237036,-0.017321886,-0.0010846697,-0.0019190003,-0.005752132,-0.007399453,-0.011211513,-0.06568671,-0.0024286178,0.38647646,-1.2830694,-0.019672059,-4.136936,5.925218,4.385323,0.093445115,-0.0139309205,0.028302561,0.082584016,0.49118182,0.10197936,0.055152092,0.12551606,0.10299929,0.09217613,0.12510355,0.05287646,-0.014227202,0.026323546,0.120168224,3.4867635,-3.1331246,0.0018662121,-2.7955832,2.6259847,-3.3088167,-2.9109597,0.022992857,-0.01655998,-0.026393916,-0.056067318,-0.06840442,0.39861882,1.8233705,-0.033902094
2,0.06666667014360428,0.0010568201541900635,31123.077575683594,-1.2800684,1.6631998,-2.553487,-2.4035928,0.7352576,0.8024325,1.7239397,0.056553096,0.13640662,0.14948343,0.13615492,0.14778519,0.116863295,0.05979638,0.11715077,0.099715926,0.14879395,0.12114598,0.109207116,0.032994404,0.025433186,-0.016135905,0.021840638,0.0017834017,0.00078840065,-0.00065162784,-0.041892484,-0.035370715,-0.0043371804,-0.022351991,0.000135627,-0.00026320797,-0.0006409573,-0.00045739632,-0.00068013027,0.0029474287,0.037865136,5.6366243e-05,1.7308682,-0.6808639,2.104365,-2.0141292,0.42129305,1.0812321,-1.1213518,0.03205652,0.06444737,0.08944751,0.02642238,0.14922298,0.06484764,0.039707817,0.07583897,0.13843332,0.09571792,0.118673995,0.10995023,-0.054537732,0.03217163,-0.04307931,0.0045295777,-0.002467897,0.002568859,0.0004897335,-0.0036238278,-0.020809337,-0.003955165,-0.015404895,-0.0001065307,-3.1540505e-05,0.00013186155,0.0001229407,0.00019528123,-0.004078635,0.001387272,2.7629005e-05,-3.3558273,-2.9424644,1.9187555,-1.5546216,-0.75860715,4.6395073,0.06937803,0.078052364,0.08532425,0.06379039,0.4536241,0.05105045,0.07594361,0.14397286,0.07674398,0.0800228,0.05124676,0.090769134,0.009223157,-0.18210022,0.02687175,0.005384871,-0.0018728127,-0.0006286892,-0.22930798,-0.14863998,-0.2800151,-0.22268572,-0.013488593,-0.00075418205,-0.0011180709,-0.0039323387,-0.004976677,-0.013937536,-0.06860459,-0.0017151934,0.38622123,-1.2833618,-0.018612286,-4.1104956,5.925298,4.3853283,0.13097923,0.03647451,0.065432124,0.11904718,0.4915843,0.10214836,0.055647414,0.12644401,0.10420564,0.08601217,0.10105499,0.053515684,-0.06556658,-0.039819457,0.12583208,3.261372,-0.5329911,0.0038396216,-0.21982563,-0.48389673,-0.012439251,-0.21276855,-0.0781605,-0.0044008377,-0.007888052,-0.018518575,-0.0264276,0.17992736,0.43389434,-0.016225468
3,0.07500000391155481,0.0010547935962677002,31249.475830078125,-1.2798688,1.6633768,-2.553592,-2.4034553,0.7352664,0.80244106,1.7239357,0.056361433,0.13624893,0.14946565,0.1360636,0.14778638,0.11686209,0.059793897,0.11714932,0.09971407,0.14867228,0.12069256,0.10920633,0.017888203,0.018130971,-0.010137716,0.012839232,0.0005938206,0.001170021,-0.0003554947,-0.011471433,-0.008896274,-0.00084576977,-0.0041966285,0.00014311164,-7.247337e-05,-9.175176e-05,-5.419417e-06,4.6147223e-05,-0.02415927,-0.1049967,-0.00017839651,1.7304677,-0.68065095,2.104055,-2.0140924,0.42127547,1.0812553,-1.1213483,0.03219825,0.06450951,0.08951605,0.026473684,0.14921872,0.06484877,0.039713696,0.07584544,0.13844375,0.09559269,0.11777341,0.109950334,-0.043226507,0.021094251,-0.03291246,0.0040735044,-0.0018697896,0.0028089553,0.00038407266,0.028011365,0.023081789,0.01475477,0.017981112,-0.0007021864,0.00022395136,0.0010081715,0.001121427,0.001809636,-0.020936867,-0.16825974,2.5424372e-06,-3.3558648,-2.9445868,1.9194639,-1.5545248,-0.75864273,4.6395006,0.0671932,0.076538555,0.08275891,0.06171487,0.45345277,0.051042967,0.07592905,0.14392976,0.076688685,0.08006205,0.050982177,0.0907511,-0.0034968485,-0.17313516,-4.9648806e-05,0.0018199112,-0.00032517547,-0.00050690153,-0.16755912,-0.09647502,-0.20496117,-0.15580319,-0.010810895,-0.0004927265,-0.0005198056,-0.002558027,-0.0031528822,-0.017577058,-0.076240055,-0.0011872099,0.385607,-1.2837076,-0.017423771,-4.083847,5.9234986,4.385346,0.13046901,0.032677755,0.06615994,0.118714415,0.49140793,0.10212688,0.05562261,0.12637955,0.10411943,0.086836465,0.103692055,0.05346551,-0.0912917,-0.028964791,0.13447335,3.2817295,-1.3596606,0.004758726,-4.1203957,-4.306555,-4.006155,-3.985724,-0.14797822,-0.022712003,-0.056655966,-0.113697335,-0.15327954,0.81285286,2.8094027,-0.08609206
4,0.08333333767950535,0.0010528266429901123,31050.994873046875,-1.2797695,1.6634986,-2.5536559,-2.403379,0.73526794,0.8024516,1.7239336,0.056343287,0.13624151,0.14946729,0.1360718,0.14778757,0.11686198,0.05979449,0.117150374,0.09971617,0.14842352,0.119562015,0.10920443,0.007845265,0.012114311,-0.005918156,0.006606559,-9.706352e-05,0.0013318288,-0.0001876913,0.0035665566,0.0040191184,0.00085876766,0.0041057756,0.0001399156,2.1913223e-05,0.00017031969,0.00020409233,0.0003764633,-0.032655004,-0.15105581,-0.00025265422,1.7301549,-0.6805129,2.1038215,-2.0140634,0.4212621,1.0812778,-1.1213458,0.032490894,0.064788975,0.08967597,0.026689718,0.14921233,0.06485112,0.039723653,0.07585657,0.13846172,0.095392324,0.1160882,0.109950334,-0.033313993,0.013395293,-0.024406746,0.0030049153,-0.0014172829,0.0026156774,0.0002476515,0.039070625,0.039377853,0.021747984,0.030410191,-0.000782446,0.00031339022,0.0012930355,0.0014489053,0.0023416465,-0.025333734,-0.21763144,-2.2854317e-06,-3.3559663,-2.9466066,1.9199876,-1.5544524,-0.7586678,4.639495,0.06545408,0.075389676,0.0807361,0.060113326,0.45330065,0.051037382,0.075918734,0.14389649,0.07664639,0.080071546,0.050653044,0.09073679,-0.0081547825,-0.15842246,-0.018873436,-0.00066695805,0.00075917074,-0.00040162445,-0.1199527,-0.058168747,-0.14699066,-0.105752364,-0.008735564,-0.00029193785,-7.60378e-05,-0.001521766,-0.0017823302,-0.020948844,-0.08359812,-0.0007921617,0.38485736,-1.2838585,-0.01612553,-4.056657,5.9086943,4.3853664,0.100421816,0.0036916959,0.03556059,0.08944148,0.49121475,0.10195663,0.05529912,0.12571906,0.10325951,0.092212655,0.12508279,0.053023003,-0.10685351,-0.009583449,0.16252358,3.356504,-3.1267347,0.0024826073,-5.193406,-4.478001,-5.4545026,-5.0599337,0.013331009,-0.02957816,-0.045131102,-0.09330548,-0.11724968,0.7444961,3.3498511,-0.05583344
5,0.09166667144745588,0.0010509192943572998,31776.882568359375,-1.279738,1.6635772,-2.5536914,-2.4033456,0.7352649,0.8024632,1.7239326,0.056413017,0.13630857,0.14947945,0.13612689,0.14778878,0.11686241,0.05979658,0.11715261,0.099720135,0.14814246,0.118249364,0.109202236,0.0010182215,0.0075397333,-0.0031280797,0.0022465694,-0.0005413783,0.0014120733,-7.414954e-05,0.011389606,0.010551318,0.0018548783,0.008161034,0.00015054361,7.0905124e-05,0.00030175713,0.00030647346,0.0005365968,-0.03395301,-0.15937914,-0.00026427457,1.729918,-0.6804292,2.103652,-2.0140424,0.4212521,1.0812985,-1.1213443,0.032840006,0.06515076,0.089874186,0.0269703,0.14920606,0.06485392,0.039734945,0.07586923,0.13848221,0.09518254,0.11425959,0.109950356,-0.02483069,0.0076833623,-0.017408945,0.00212651,-0.0010415674,0.0023462432,0.00011639202,0.04353617,0.04570091,0.025047466,0.035587184,-0.0007221271,0.00034959993,0.0013880987,0.0015575754,0.0025243384,-0.024629084,-0.21661998,7.761652e-06,-3.3560855,-2.9484863,1.9203805,-1.554397,-0.7586853,4.6394897,0.0640593,0.074511774,0.07913128,0.058868673,0.453164,0.05103323,0.075911544,0.14387059,0.076613836,0.0800557,0.050270174,0.09072532,-0.008795219,-0.14018032,-0.032291736,-0.0024514657,0.0015272509,-0.00031439526,-0.08316444,-0.029600812,-0.102409475,-0.06796697,-0.00701447,-0.00014094272,0.00025189994,-0.000738446,-0.0007515603,-0.02364062,-0.08905424,-0.000492212,0.3841505,-1.2844107,-0.014650765,-4.0302463,5.910929,4.385365,0.13499883,0.034827113,0.07021325,0.1237024,0.4916721,0.10211507,0.055719126,0.1265208,0.104332715,0.08591397,0.10131569,0.053581636,-0.09439299,-0.060023353,0.16098142,3.2737377,-0.37558785,0.0034544095,-0.8963028,-1.6886418,-0.6700281,-0.85061157,-0.100253455,-0.00677185,-0.020998927,-0.04244595,-0.058212373,0.27582282,0.74726367,-0.0335489
6,0.10000000521540642,0.0010491907596588135,31881.19122314453,-1.2797524,1.6636236,-2.553708,-2.4033418,0.73525894,0.8024751,1.7239325,0.05652943,0.13641392,0.14949796,0.13620558,0.14779009,0.11686314,0.059799436,0.117155425,0.09972502,0.14786468,0.11694184,0.109200075,-0.0036130217,0.0041615535,-0.0013106344,-0.0007896306,-0.0008339971,0.0014482137,5.4390175e-06,0.01559631,0.013943991,0.0024594672,0.010239574,0.00016314843,9.735058e-05,0.0003690342,0.00035694562,0.00061498705,-0.03263499,-0.15389073,-0.00025329783,1.7297455,-0.68038636,2.1035345,-2.0140274,0.42124498,1.0813168,-1.121344,0.033213276,0.065544985,0.0900922,0.027279338,0.14920047,0.064856924,0.039746672,0.0758824,0.13850357,0.09498824,0.11253777,0.10995049,-0.017655363,0.0033437742,-0.011689573,0.001534208,-0.0007200151,0.0020887277,-2.1726919e-08,0.04552699,0.04820092,0.02686972,0.037981343,-0.0006323232,0.0003659196,0.001415618,0.0015880179,0.002582065,-0.022171171,-0.19756082,2.3703009e-05,-3.3562005,-2.950205,1.9206798,-1.5543541,-0.7586977,4.639486,0.06293048,0.073835604,0.07784725,0.057893213,0.45304048,0.051030144,0.07590666,0.14385027,0.076588616,0.08002089,0.049852215,0.090716,-0.0076549095,-0.120106205,-0.041908927,-0.0037556496,0.0020643978,-0.0002362279,-0.05485132,-0.008445362,-0.06833562,-0.039577197,-0.0055265157,-2.8794937e-05,0.00048818815,-0.00015046337,1.7400715e-05,-0.025520781,-0.09208946,-0.00026380678,0.38338014,-1.2849566,-0.013104792,-4.0036182,5.91173,4.3853774,0.135036,0.030673236,0.071372144,0.12392351,0.4915722,0.10209901,0.05570508,0.12648329,0.10429001,0.08628115,0.1026776,0.053560577,-0.09748832,-0.053688854,0.16608989,3.3258486,-0.7122587,0.0029706594,-2.787081,-2.9838824,-2.7227159,-2.7125766,-0.065298654,-0.016382525,-0.033239424,-0.067390144,-0.08818528,0.492831,1.8777946,-0.046155132
7,0.10833333898335695,0.0010477006435394287,31434.02215576172,-1.279798,1.6636461,-2.5537133,-2.403359,0.735251,0.802487,1.7239326,0.05667066,0.13653891,0.14952022,0.13629623,0.1477915,0.11686402,0.05980268,0.11715851,0.09973033,0.14760257,0.115705095,0.10919804,-0.006713143,0.0017109325,-0.00013458804,-0.0028786918,-0.0010246027,0.0014568807,6.0764727e-05,0.017775126,0.015628796,0.0028064584,0.011258946,0.0001716917,0.0001110249,0.00040083757,0.0003789886,0.0006482838,-0.030467443,-0.14384747,-0.00023532848,1.7296274,-0.68037474,2.1034596,-2.0140166,0.42124027,1.0813332,-1.1213444,0.03359699,0.06595129,0.09032131,0.027601598,0.14919561,0.06486001,0.03975847,0.07589563,0.13852514,0.09481673,0.111001395,0.109950766,-0.011637021,2.477091e-05,-0.007033531,0.001174592,-0.0004441569,0.0018632007,-9.912691e-05,0.04630892,0.049010873,0.02787729,0.039062537,-0.00054446835,0.00037237038,0.0014135062,0.001584379,0.0025838327,-0.019341633,-0.17398424,3.9952713e-05,-3.3563023,-2.9517531,1.920912,-1.5543203,-0.75870633,4.6394825,0.062005207,0.07330727,0.07680678,0.05711841,0.4529285,0.051027842,0.07590336,0.14383411,0.0765688,0.07997386,0.049419403,0.090708315,-0.0059220428,-0.099434674,-0.048777953,-0.0047108755,0.0024356004,-0.00017896014,-0.033333924,0.0068908017,-0.042649962,-0.018598758,-0.004209117,5.199483e-05,0.00065220287,0.00028263748,0.0005791178,-0.02661269,-0.092746496,-9.163204e-05,0.38259986,-1.2852364,-0.011566525,-3.976453,5.898236,4.385398,0.10034279,-0.0026666676,0.03605854,0.0900095,0.4912069,0.10190991,0.055314753,0.1256986,0.10325988,0.09239088,0.12659715,0.05303341,-0.10641387,-0.022160422,0.18722996,3.3504245,-3.1246989,0.002106189,-5.924355,-5.0557117,-6.2205815,-5.78288,0.018887442,-0.032969363,-0.051843803,-0.1059231,-0.13333626,0.84929395,3.7948918,-0.062195648
8,0.11666667275130749,0.0010463297367095947,32682.262939453125,-1.2798641,1.663652,-2.5537107,-2.4033897,0.73524183,0.80249894,1.7239336,0.056823857,0.13667284,0.14954449,0.13639218,0.14779294,0.11686497,0.059806082,0.117161706,0.099735774,0.14735968,0.11455839,0.10919616,-0.008738377,-3.8832673e-05,0.00062204717,-0.0042862236,-0.0011438096,0.001447381,0.000100078614,0.018716343,0.016299073,0.0029770825,0.011643343,0.00017523843,0.000116977535,0.0004111911,0.000383998,0.0006544228,-0.028114807,-0.13273917,-0.00021592411,1.7295545,-0.68038696,2.1034195,-2.0140078,0.42123777,1.0813478,-1.1213456,0.03398343,0.066359706,0.09055603,0.027928956,0.14919144,0.06486311,0.03977017,0.075908735,0.13854653,0.0946683,0.10966035,0.10995117,-0.006627038,-0.002512123,-0.0032596746,0.0009803155,-0.00020905328,0.0016698231,-0.00018206166,0.046327125,0.048903868,0.028318834,0.039358296,-0.0004660355,0.00037266684,0.0013945198,0.001561827,0.0025529729,-0.016657313,-0.15106237,5.3938118e-05,-3.356389,-2.9531302,1.9210966,-1.554293,-0.7587125,4.6394796,0.061233368,0.07288448,0.07594823,0.056490146,0.4528268,0.051026102,0.07590117,0.14382099,0.0765529,0.079920724,0.04899013,0.090701856,-0.004187596,-0.07903896,-0.05363606,-0.005409849,0.0026807035,-0.00012900727,-0.017260347,0.01767284,-0.023650832,-0.0034650937,-0.0030286172,0.00010859053,0.0007591598,0.0005933889,0.000978055,-0.027020369,-0.09135598,3.6582438e-05,0.38181186,-1.2859462,-0.009748858,-3.9501626,5.9024205,4.3853927,0.13614726,0.030760722,0.07179145,0.1254437,0.49169236,0.102077395,0.05575191,0.12653363,0.10437686,0.08574768,0.10157459,0.053603802,-0.0976693,-0.07373143,0.1900609,3.2640204,-0.17324036,0.003083726,-0.9210789,-1.6603577,-0.7062161,-0.8811064,-0.09295401,-0.0068586203,-0.019484296,-0.039031386,-0.052845307,0.25930434,0.736304,-0.029152613
9,0.12500000651925802,0.001045137643814087,32832.92904663086,-1.2799432,1.6636456,-2.553703,-2.4034297,0.73523194,0.80251086,1.7239345,0.05698094,0.13680914,0.14956959,0.13648932,0.14779437,0.11686595,0.059809502,0.11716489,0.099741176,0.14713623,0.11350376,0.10919444,-0.010008955,-0.0012657664,0.0011010064,-0.0052060103,-0.0012121808,0.0014246113,0.0001242852,0.018862993,0.016328964,0.0030237858,0.011618003,0.00017479404,0.00011795772,0.00040793172,0.00037799854,0.00064306613,-0.025818424,-0.121836334,-0.00019721409,1.7295192,-0.68041736,2.1034071,-2.0140002,0.421237,1.0813608,-1.1213475,0.03436732,0.066764295,0.090792336,0.028256083,0.14918788,0.06486621,0.039781656,0.07592159,0.13856757,0.09454084,0.108499736,0.109951675,-0.002487526,-0.004440362,-0.00021814331,0.00089335267,-1.1447186e-05,0.0015044635,-0.0002501834,0.045788597,0.048201814,0.028327461,0.03910237,-0.00039797847,0.00036849309,0.001363654,0.0015262801,0.00250008,-0.014280544,-0.13050681,6.494961e-05,-3.3564627,-2.9543414,1.9212472,-1.5542709,-0.75871706,4.639477,0.060575042,0.07253429,0.075222686,0.05596589,0.45273435,0.051024735,0.07589967,0.14381002,0.076539695,0.07986657,0.04857944,0.09069629,-0.0027084118,-0.05950903,-0.057027567,-0.0059233964,0.002834057,-8.618157e-05,-0.005485477,0.024943432,-0.009915598,0.007111989,-0.001961283,0.00014548768,0.00082226784,0.00080925744,0.0012497432,-0.026882377,-0.088367246,0.00013117713,0.38129726,-1.285819,-0.00847603,-3.9212377,5.8806744,4.385408,0.08842905,-0.009179075,0.022913536,0.07824822,0.4914014,0.10182863,0.055184796,0.12541954,0.10293541,0.0941106,0.13504834,0.052880418,-0.06128122,0.026190648,0.14641628,3.584745,-3.1309328,0.0007445096,-3.219241,0.60553503,-3.5694063,-3.1309934,0.012594443,-0.017785776,-0.037794363,-0.074152075,-0.08792539,0.368392,1.7358701,-0.041553155
10,0.13333334028720856,0.0010441243648529053,31786.91342163086,-1.2800303,1.663631,-2.5536923,-2.4034758,0.7352216,0.8025226,1.7239355,0.05713668,0.13694365,0.14959465,0.1365849,0.1477958,0.1168669,0.05981285,0.11716798,0.099746436,0.14693129,0.112537146,0.109192885,-0.010750191,-0.002106219,0.0013953927,-0.005776591,-0.001244875,0.001392113,0.0001403947,0.018495694,0.015949234,0.0029864893,0.011326092,0.00017132476,0.00011572999,0.00039596306,0.00036508963,0.0006206114,-0.023659179,-0.11157009,-0.00017979005,1.7295148,-0.6804614,2.1034172,-2.0139925,0.42123768,1.0813727,-1.1213498,0.03474459,0.06716089,0.09102702,0.028578997,0.14918484,0.06486924,0.03979284,0.075934105,0.13858809,0.094431646,0.10749777,0.109952256,0.00090274995,-0.005891346,0.002217976,0.00087367254,0.00015308107,0.0013637341,-0.00030454923,0.044814583,0.04706142,0.027989604,0.038422048,-0.00033956973,0.00036062862,0.0013236664,0.0014808609,0.0024294879,-0.012233303,-0.11264981,7.304707e-05,-3.3565252,-2.9553962,1.9213746,-1.5542521,-0.75872076,4.639475,0.05999905,0.07223168,0.07459204,0.055512898,0.45265025,0.051023606,0.075898536,0.1438005,0.07652831,0.0798153,0.0481986,0.0906914,-0.0015578775,-0.04122697,-0.05935803,-0.0062952777,0.0029228313,-4.3862412e-05,0.002972072,0.02957946,-0.00022984296,0.014226412,-0.0009915256,0.00016779697,0.00085202925,0.00095298176,0.0014266348,-0.026339997,-0.08423617,0.00019979931,0.38057664,-1.286097,-0.0065097967,-3.8941584,5.8654466,4.385415,0.08635297,-5.0036848e-05,0.019907456,0.076238975,0.49140382,0.10180746,0.05519951,0.12542279,0.10292056,0.09462303,0.13667662,0.052882556,-0.11111655,-0.039023377,0.25437787,3.3066442,-3.1306214,0.0019228314,-3.5479789,-2.9814003,-3.6915998,-3.450158,0.0014652596,-0.020651737,-0.02896361,-0.05945178,-0.0759508,0.52589566,2.3327708,-0.03218714
11,0.1416666740551591,0.0010432898998260498,31699.199584960938,-1.2801217,1.6636107,-2.5536797,-2.4035256,0.73521113,0.80253404,1.7239364,0.057287738,0.13707371,0.14961912,0.13667722,0.14779723,0.116867855,0.059816074,0.117170945,0.09975147,0.14674361,0.11165255,0.10919146,-0.0111211045,-0.002663693,0.001566813,-0.006098166,-0.0012522399,0.0013533296,0.00015058545,0.01780366,0.015312566,0.0028936712,0.010865235,0.00016548688,0.00011160597,0.00037860902,0.00034798437,0.00059120485,-0.021658383,-0.10205734,-0.00016398658,1.7295357,-0.6805158,2.1034448,-2.013985,0.4212396,1.0813835,-1.1213527,0.035112113,0.06754639,0.09125759,0.028894668,0.14918226,0.0648722,0.039803654,0.075946204,0.13860795,0.09433806,0.106632434,0.1099529,0.0036531817,-0.0069667003,0.0041510696,0.0008917955,0.00028832097,0.0012420004,-0.00034804066,0.04350643,0.045594428,0.027382437,0.037417475,-0.000289537,0.00035019586,0.0012767988,0.0014278983,0.0023456118,-0.010491054,-0.09734563,7.863067e-05,-3.3565793,-2.9563057,1.921486,-1.5542359,-0.75872386,4.639473,0.05948167,0.07195815,0.07402745,0.055106673,0.45257372,0.051022608,0.07589753,0.1437919,0.076518044,0.079769686,0.047855128,0.09068699,-0.0007255761,-0.024416855,-0.060937926,-0.006567454,0.0029674242,-1.490974e-05,0.008937582,0.03230411,0.006427072,0.01878795,-0.00011202949,0.00017939528,0.00085964706,0.0010436443,0.001533452,-0.025525868,-0.07939327,0.00024930292,0.37978894,-1.2861873,-0.0047061383,-3.8652906,5.8409743,4.385416,0.07518939,-0.0016415044,0.0072284737,0.06507626,0.49160582,0.10174396,0.055085514,0.12519056,0.102631845,0.09640097,0.14469315,0.052763637,-0.110365644,-0.016883736,0.2123188,3.5147681,-3.139036,0.0014622373,-0.6213766,1.4960204,-0.76535165,-0.5623535,-0.018282384,-0.0051118038,-0.0015840861,-0.0060855914,-0.00746388,0.013006158,0.11299476,-0.0018368
12,0.15000000782310963,0.0010419785976409912,31541.791076660156,-1.2799917,1.6635442,-2.5538888,-2.4038558,0.7345166,0.80219865,1.7239497,0.055042304,0.13490099,0.14838906,0.13463095,0.14771621,0.116853826,0.059766516,0.11712012,0.09965606,0.14629908,0.10979834,0.10918584,0.03212867,-0.012102515,-0.042072218,-0.063886456,-0.09075839,-0.04492889,0.009234399,-0.19144899,-0.19293466,-0.06167879,-0.17584382,0.0010999803,-0.0011996411,-0.0037493415,-0.0035206978,-0.0063495813,-0.05190351,-0.2426461,-0.00057165,1.7296315,-0.6801251,2.10374,-2.0144374,0.42192417,1.0807674,-1.120503,0.03437785,0.06691005,0.0906309,0.02821706,0.14914471,0.06486621,0.03979572,0.07593906,0.13859373,0.093417816,0.09970199,0.109947234,0.021416161,0.07533515,0.052621655,-0.082881406,0.090552874,-0.086004145,0.09807865,-0.058822818,-0.040787566,-0.011909569,-0.03340686,-0.0010738771,-0.00047945994,-0.0006999864,-0.0003513341,-0.00031355038,-0.10075907,-0.8859789,-0.00061385817,-3.356272,-2.9575014,1.9223294,-1.5534853,-0.7583755,4.6415734,0.058742125,0.07242964,0.073742025,0.055225123,0.45259398,0.051154964,0.076285414,0.14392664,0.07678729,0.079947114,0.04863453,0.09069029,0.06856475,-0.08871504,0.078894235,0.0934426,0.04571487,0.26000363,0.07437314,0.13427503,0.10409473,0.124874465,0.013516444,-0.0031373266,-0.008526873,-0.00049582694,-0.0027679806,-0.0037294598,0.015287371,0.0011960169,0.37783578,-1.2878247,-6.670027e-05,-3.83798,5.822172,4.3875995,0.078061126,0.0019105052,0.009907929,0.067342125,0.49176347,0.10201984,0.055062074,0.12534557,0.1027146,0.096862555,0.14578728,0.052813668,-0.28525186,-0.23973997,0.61644185,3.3202598,-3.1349106,0.2715433,-1.7322522,-1.6230146,-1.7983446,-1.6796668,-0.023957696,-0.017860804,-0.011905646,-0.03069653,-0.03604853,0.24304993,1.1179552,-0.013808811
13,0.15833334159106016,0.0010405480861663818,34033.49588012695,-1.2796268,1.6633807,-2.5543573,-2.4045064,0.7337554,0.80182034,1.7240356,0.054254033,0.13404316,0.148232,0.1338656,0.14772911,0.11684888,0.059750877,0.11710578,0.099630766,0.14596254,0.10816334,0.10918239,0.050327595,-0.02532274,-0.065142035,-0.085286,-0.09114488,-0.045341615,0.010817744,-0.03650614,-0.04725615,0.0008156502,-0.041030236,0.0015423627,-0.00022888,-0.0007414574,-0.0006572033,-0.0011174261,-0.031324428,-0.15589955,-0.00029848327,1.7299161,-0.67939717,2.1042511,-2.0152311,0.42267707,1.0800269,-1.1197107,0.034197196,0.06683148,0.09071382,0.028190201,0.14914028,0.06486474,0.039793845,0.0759392,0.13859604,0.09282505,0.0942456,0.109943636,0.042829797,0.09216748,0.06635523,-0.09993034,0.08966288,-0.08975236,0.09295133,-0.0034221078,0.0043435115,0.014503889,0.008321458,-0.00030948175,-2.7958084e-05,-6.341543e-07,0.00014807931,0.0004241774,-0.049085584,-0.4682299,-0.0003006567,-3.3555796,-2.9589899,1.9238337,-1.5526431,-0.7580623,4.643593,0.058676746,0.07247478,0.07371811,0.05528742,0.45258155,0.051127866,0.07620798,0.14389853,0.07673296,0.08005653,0.0488797,0.09068988,0.09999421,-0.10623826,0.11915782,0.090715304,0.0376448,0.22928683,0.034719385,0.025621433,0.030294128,0.029729959,0.0037906033,-0.0028294155,-0.008012668,-0.0019473174,-0.004486655,-0.0093672015,-0.023980642,0.0003501753,0.37518418,-1.2907604,0.0057806633,-3.8121693,5.841126,4.3896775,0.15459485,0.06435445,0.08995286,0.14276265,0.49204358,0.10235764,0.0558898,0.12692027,0.10481896,0.08415428,0.095455594,0.053781353,-0.27738798,-0.28395346,0.55596685,3.346493,0.5385088,0.24361897,-3.2461996,-5.0943146,-2.6121762,-3.2124133,-0.20205298,-0.025047794,-0.05730858,-0.11334184,-0.15180069,0.8394222,2.6771278,-0.07618272
14,0.1666666753590107,0.001039057970046997,32215.029907226562,-1.2791718,1.6631193,-2.5549624,-2.4052467,0.7330052,0.80144835,1.7241275,0.054298777,0.13400419,0.14832234,0.13383627,0.14774036,0.11684917,0.05975169,0.11710677,0.09963286,0.14577572,0.107221805,0.109180786,0.056883525,-0.035463285,-0.07709519,-0.090446025,-0.088949345,-0.043998484,0.011079649,0.02848266,0.019641593,0.015621718,0.017582411,0.001192088,0.00017827726,0.0005674542,0.00055120495,0.0010134331,-0.016736705,-0.08507904,-0.00012460834,1.7303449,-0.6786256,2.1048396,-2.0160615,0.42341337,1.0792851,-1.1189569,0.034273047,0.0669376,0.09083276,0.02830537,0.14913909,0.06486536,0.039795533,0.07594155,0.13860077,0.09258991,0.09191357,0.10994226,0.0574869,0.09186988,0.07337462,-0.09845009,0.0872176,-0.08810242,0.08858933,0.015252875,0.016459528,0.013027714,0.01569955,-4.754541e-05,0.00012362015,0.00030550984,0.00034338442,0.00061437243,-0.01505168,-0.1590333,-8.044264e-05,-3.3547297,-2.9605181,1.9254436,-1.5518544,-0.7578024,4.645373,0.058137238,0.07189345,0.07304159,0.054665558,0.45252347,0.05110285,0.0761367,0.14386143,0.07666907,0.08012695,0.048923835,0.090683915,0.110998355,-0.103536315,0.11653666,0.0823543,0.032360163,0.20220244,-0.013851903,-0.020497257,-0.032395005,-0.029500972,0.0006681271,-0.0025823547,-0.0071578105,-0.0025808536,-0.0050389483,-0.014062354,-0.04267247,-0.000109725996,0.37301776,-1.2930268,0.010325031,-3.7853925,5.846484,4.3915453,0.1301093,0.033363312,0.06785105,0.118847,0.49104226,0.10219453,0.055546228,0.1262289,0.103901826,0.088990726,0.11274713,0.053314,-0.22422622,-0.19834659,0.44367978,3.2434366,-3.0424302,0.22171542,-15.088106,-15.00102,-14.896198,-14.666003,-0.5749388,-0.080119744,-0.20523006,-0.40625137,-0.5500436,2.8362334,9.759349,-0.2853425
15,0.17500000912696123,0.0010376274585723877,28115.435546875,-1.2786882,1.6627926,-2.5556345,-2.4060013,0.7322777,0.80108994,1.7242193,0.054659363,0.13430701,0.1484736,0.13410075,0.14774925,0.11685143,0.059759036,0.117113814,0.0996456,0.14567316,0.10670054,0.10918018,0.05848462,-0.041599367,-0.082575925,-0.090344414,-0.085958645,-0.042227,0.010896055,0.050596975,0.045124825,0.019137438,0.03910502,0.0009678246,0.000316663,0.0010406266,0.0009950419,0.0017907723,-0.009663113,-0.049055316,-4.269491e-05,1.7308756,-0.6778796,2.1054733,-2.0168576,0.4241277,1.0785649,-1.1182376,0.03445781,0.067118034,0.090953775,0.028465962,0.14913945,0.06486686,0.039799463,0.0759457,0.13860777,0.092551954,0.09140463,0.10994228,0.06807212,0.08750713,0.07783533,-0.09313914,0.08448618,-0.08513587,0.08462051,0.025503466,0.024121843,0.014883493,0.020773515,9.0274036e-05,0.00020637197,0.0005515399,0.00057052326,0.00093932217,0.0017365365,-0.0019240314,4.999947e-05,-3.3538435,-2.9619803,1.9269495,-1.5511436,-0.75757873,4.646943,0.057375584,0.07114657,0.07207762,0.053792458,0.4524527,0.051080402,0.07607376,0.14382343,0.07660628,0.08015886,0.048837364,0.09067598,0.11115618,-0.09247762,0.09894608,0.07257811,0.028634721,0.17837943,-0.025226796,-0.024809895,-0.04748211,-0.040846035,1.6406644e-05,-0.0022355234,-0.006077981,-0.0023513355,-0.0044763223,-0.0184981,-0.056441102,-0.00019766655,0.37173507,-1.2945015,0.013254008,-3.7597847,5.8629904,4.3930826,0.14970928,0.041015908,0.08677029,0.13431983,0.49176738,0.1023923,0.055686966,0.1265817,0.104313806,0.08723534,0.10701186,0.053517256,-0.124858595,-0.10829735,0.2265259,3.4660647,-0.51520276,0.19192302,-8.234238,-9.038911,-8.183103,-8.340469,-0.17427373,-0.049370248,-0.10035708,-0.2005139,-0.26343966,1.5949695,6.060936,-0.12685849
