group,flow,amp,seed,env_id,pair,band,target_direction,before_violation,after_violation,before_min_self_F_mm,after_min_self_F_mm,before_joint_path_rad,after_joint_path_rad
组合防护 · 六配对压力 · 5 秒,pair_stratified,0.005,0,0,F_L-F_R,warn,approach,False,False,23.081526160240173,23.081526160240173,3.816746711730957,3.814527750015259
组合防护 · 六配对压力 · 5 秒,pair_stratified,0.005,0,1,F_L-U_L,warn,approach,False,False,23.08201789855957,23.08201789855957,5.530501842498779,5.525979042053223
组合防护 · 六配对压力 · 5 秒,pair_stratified,0.005,0,2,F_L-U_R,warn,approach,False,False,23.08177947998047,23.08177947998047,5.348414897918701,5.342316627502441
组合防护 · 六配对压力 · 5 秒,pair_stratified,0.005,0,3,F_R-U_L,warn,approach,False,False,23.081570863723755,23.081570863723755,5.387218952178955,5.383025646209717
组合防护 · 六配对压力 · 5 秒,pair_stratified,0.005,0,4,F_R-U_R,warn,approach,False,False,23.081764578819275,23.081764578819275,7.336142539978027,7.330567359924316
组合防护 · 六配对压力 · 5 秒,pair_stratified,0.005,0,5,U_L-U_R,warn,approach,False,False,23.082971572875977,23.082971572875977,4.275755405426025,4.265799522399902
组合防护 · 六配对压力 · 5 秒,pair_stratified,0.005,0,6,F_L-F_R,warn,recede,False,False,11.396393179893494,11.266753077507019,5.7090277671813965,5.626133918762207
组合防护 · 六配对压力 · 5 秒,pair_stratified,0.005,0,7,F_L-U_L,warn,recede,False,False,23.081794381141663,23.081794381141663,6.68994140625,6.687692165374756
组合防护 · 六配对压力 · 5 秒,pair_stratified,0.005,0,8,F_L-U_R,warn,recede,False,False,23.08155596256256,23.08197319507599,5.348261833190918,5.343739986419678
组合防护 · 六配对压力 · 5 秒,pair_stratified,0.005,0,9,F_R-U_L,warn,recede,False,False,23.081570863723755,23.081570863723755,5.4974141120910645,5.495227813720703
组合防护 · 六配对压力 · 5 秒,pair_stratified,0.005,0,10,F_R-U_R,warn,recede,False,False,23.082345724105835,23.082420229911804,9.183911323547363,9.176899909973145
组合防护 · 六配对压力 · 5 秒,pair_stratified,0.005,0,11,U_L-U_R,warn,recede,False,False,23.083388805389404,23.083388805389404,4.683006763458252,4.521364688873291
组合防护 · 六配对压力 · 5 秒,pair_stratified,0.005,0,12,F_L-F_R,warn,tangent,False,False,9.04819369316101,15.049390494823456,3.5710461139678955,6.798310279846191
组合防护 · 六配对压力 · 5 秒,pair_stratified,0.005,0,13,F_L-U_L,warn,tangent,False,False,23.08259904384613,23.08259904384613,7.2061614990234375,7.202188968658447
组合防护 · 六配对压力 · 5 秒,pair_stratified,0.005,0,14,F_L-U_R,warn,tangent,False,False,23.08252453804016,23.082494735717773,5.491140842437744,5.484302997589111
组合防护 · 六配对压力 · 5 秒,pair_stratified,0.005,0,15,F_R-U_L,warn,tangent,False,False,23.083150386810303,23.083150386810303,5.740817546844482,5.736846923828125
组合防护 · 六配对压力 · 5 秒,pair_stratified,0.005,0,16,F_R-U_R,warn,tangent,False,False,23.08306097984314,23.08306097984314,9.797402381896973,9.79039192199707
组合防护 · 六配对压力 · 5 秒,pair_stratified,0.005,0,17,U_L-U_R,warn,tangent,False,False,23.083344101905823,23.083344101905823,5.401950836181641,5.471323013305664
组合防护 · 六配对压力 · 5 秒,pair_stratified,0.005,0,18,F_L-F_R,near,approach,False,False,23.0829119682312,23.0829119682312,3.9683964252471924,3.963456630706787
组合防护 · 六配对压力 · 5 秒,pair_stratified,0.005,0,19,F_L-U_L,near,approach,False,False,23.082926869392395,23.082926869392395,5.688126564025879,5.684201240539551
组合防护 · 六配对压力 · 5 秒,pair_stratified,0.005,0,20,F_L-U_R,near,approach,False,False,23.082822561264038,23.082822561264038,5.556942939758301,5.550326347351074
组合防护 · 六配对压力 · 5 秒,pair_stratified,0.005,0,21,F_R-U_L,near,approach,False,False,23.082837462425232,23.082837462425232,5.65064811706543,5.646737098693848
组合防护 · 六配对压力 · 5 秒,pair_stratified,0.005,0,22,F_R-U_R,near,approach,False,False,23.082882165908813,23.082882165908813,7.558454513549805,7.550145626068115
组合防护 · 六配对压力 · 5 秒,pair_stratified,0.005,0,23,U_L-U_R,near,approach,False,False,23.08318018913269,23.08318018913269,4.391047954559326,4.377103328704834
组合防护 · 六配对压力 · 5 秒,pair_stratified,0.005,0,24,F_L-F_R,near,recede,False,False,12.955598533153534,12.379534542560577,5.8998212814331055,5.588996410369873
组合防护 · 六配对压力 · 5 秒,pair_stratified,0.005,0,25,F_L-U_L,near,recede,False,False,23.08201789855957,23.082002997398376,6.690548896789551,6.686418533325195
组合防护 · 六配对压力 · 5 秒,pair_stratified,0.005,0,26,F_L-U_R,near,recede,False,False,23.082494735717773,23.082494735717773,5.4000935554504395,5.393199920654297
组合防护 · 六配对压力 · 5 秒,pair_stratified,0.005,0,27,F_R-U_L,near,recede,False,False,23.082539439201355,23.08259904384613,5.6248064041137695,5.6208977699279785
组合防护 · 六配对压力 · 5 秒,pair_stratified,0.005,0,28,F_R-U_R,near,recede,False,False,23.08247983455658,23.08247983455658,9.538881301879883,9.531867027282715
组合防护 · 六配对压力 · 5 秒,pair_stratified,0.005,0,29,U_L-U_R,near,recede,False,False,23.083388805389404,23.083388805389404,4.56367301940918,4.741389751434326
组合防护 · 六配对压力 · 5 秒,pair_stratified,0.005,0,30,F_L-F_R,near,tangent,False,False,8.665822446346283,12.006938457489014,6.375444412231445,6.684710502624512
组合防护 · 六配对压力 · 5 秒,pair_stratified,0.005,0,31,F_L-U_L,near,tangent,False,False,23.08189868927002,23.08189868927002,7.425326347351074,7.421288013458252
组合防护 · 六配对压力 · 5 秒,pair_stratified,0.005,1,0,U_L-U_R,contact,approach,False,False,23.082971572875977,23.082971572875977,4.439487457275391,4.439414024353027
组合防护 · 六配对压力 · 5 秒,pair_stratified,0.005,1,1,F_L-F_R,contact,recede,False,False,11.450797319412231,11.879168450832367,5.953442096710205,5.839128017425537
组合防护 · 六配对压力 · 5 秒,pair_stratified,0.005,1,2,F_L-U_L,contact,recede,False,False,23.081928491592407,23.081928491592407,6.7520670890808105,6.752179145812988
组合防护 · 六配对压力 · 5 秒,pair_stratified,0.005,1,3,F_L-U_R,contact,recede,False,False,23.081764578819275,23.08177947998047,5.446256637573242,5.446392059326172
组合防护 · 六配对压力 · 5 秒,pair_stratified,0.005,1,4,F_R-U_L,contact,recede,False,False,23.08189868927002,23.08189868927002,5.71638822555542,5.716302871704102
组合防护 · 六配对压力 · 5 秒,pair_stratified,0.005,1,5,F_R-U_R,contact,recede,False,False,23.081660270690918,23.081660270690918,9.743639945983887,9.743622779846191
组合防护 · 六配对压力 · 5 秒,pair_stratified,0.005,1,6,U_L-U_R,contact,recede,False,False,23.082971572875977,23.082971572875977,4.679780960083008,4.6802287101745605
组合防护 · 六配对压力 · 5 秒,pair_stratified,0.005,1,7,F_L-F_R,contact,tangent,False,False,9.670428931713104,14.40611481666565,3.6225171089172363,6.74057674407959
组合防护 · 六配对压力 · 5 秒,pair_stratified,0.005,1,8,F_L-U_L,contact,tangent,False,False,23.08209240436554,23.08209240436554,6.8807501792907715,6.880782127380371
组合防护 · 六配对压力 · 5 秒,pair_stratified,0.005,1,9,F_L-U_R,contact,tangent,False,False,23.081868886947632,23.081839084625244,5.653595447540283,5.653532028198242
组合防护 · 六配对压力 · 5 秒,pair_stratified,0.005,1,10,F_R-U_L,contact,tangent,False,False,23.082569241523743,23.082569241523743,5.9013519287109375,5.901618003845215
组合防护 · 六配对压力 · 5 秒,pair_stratified,0.005,1,11,F_R-U_R,contact,tangent,False,False,23.08259904384613,23.08259904384613,9.979952812194824,9.98061752319336
组合防护 · 六配对压力 · 5 秒,pair_stratified,0.005,1,12,U_L-U_R,contact,tangent,False,False,23.083433508872986,23.083433508872986,4.134800910949707,5.218040466308594
组合防护 · 六配对压力 · 5 秒,pair_stratified,0.005,1,13,F_L-F_R,penetration,approach,False,False,17.812304198741913,23.082390427589417,4.23101806640625,4.195404052734375
组合防护 · 六配对压力 · 5 秒,pair_stratified,0.005,1,14,F_L-U_L,penetration,approach,False,False,23.082584142684937,23.082584142684937,5.899664402008057,5.899868011474609
组合防护 · 六配对压力 · 5 秒,pair_stratified,0.005,1,15,F_L-U_R,penetration,approach,False,False,23.083001375198364,23.083001375198364,5.676663398742676,5.676828384399414
组合防护 · 六配对压力 · 5 秒,pair_stratified,0.005,1,16,F_R-U_L,penetration,approach,False,False,23.08313548564911,23.08313548564911,5.72641658782959,5.726672172546387
组合防护 · 六配对压力 · 5 秒,pair_stratified,0.005,1,17,F_R-U_R,penetration,approach,False,False,23.083150386810303,23.083150386810303,7.85380220413208,7.854046821594238
组合防护 · 六配对压力 · 5 秒,pair_stratified,0.005,1,18,U_L-U_R,penetration,approach,False,False,23.083314299583435,23.083314299583435,4.486048698425293,4.484619617462158
组合防护 · 六配对压力 · 5 秒,pair_stratified,0.005,1,19,F_L-F_R,penetration,recede,False,False,11.3639235496521,11.512696743011475,5.9144062995910645,5.808084964752197
组合防护 · 六配对压力 · 5 秒,pair_stratified,0.005,1,20,F_L-U_L,penetration,recede,False,False,23.08228611946106,23.08228611946106,7.057431221008301,7.05742073059082
组合防护 · 六配对压力 · 5 秒,pair_stratified,0.005,1,21,F_L-U_R,penetration,recede,False,False,23.082882165908813,23.082882165908813,5.521295070648193,5.521416187286377
组合防护 · 六配对压力 · 5 秒,pair_stratified,0.005,1,22,F_R-U_L,penetration,recede,False,False,23.082777857780457,23.082777857780457,5.818440914154053,5.818640232086182
组合防护 · 六配对压力 · 5 秒,pair_stratified,0.005,1,23,F_R-U_R,penetration,recede,False,False,23.082777857780457,23.082777857780457,9.83523178100586,9.835424423217773
组合防护 · 六配对压力 · 5 秒,pair_stratified,0.005,1,24,U_L-U_R,penetration,recede,False,False,23.08318018913269,23.08318018913269,4.64422607421875,4.7072319984436035
组合防护 · 六配对压力 · 5 秒,pair_stratified,0.005,1,25,F_L-F_R,penetration,tangent,False,False,9.516067802906036,12.988686561584473,6.5301971435546875,6.451694011688232
组合防护 · 六配对压力 · 5 秒,pair_stratified,0.005,1,26,F_L-U_L,penetration,tangent,False,False,23.082390427589417,23.082390427589417,6.8675312995910645,6.867556095123291
组合防护 · 六配对压力 · 5 秒,pair_stratified,0.005,1,27,F_L-U_R,penetration,tangent,False,False,23.08255434036255,23.08252453804016,5.673011302947998,5.673129558563232
组合防护 · 六配对压力 · 5 秒,pair_stratified,0.005,1,28,F_R-U_L,penetration,tangent,False,False,23.082464933395386,23.082464933395386,6.020793437957764,6.020788192749023
组合防护 · 六配对压力 · 5 秒,pair_stratified,0.005,1,29,F_R-U_R,penetration,tangent,False,False,23.082032799720764,23.082032799720764,10.027493476867676,10.027935028076172
组合防护 · 六配对压力 · 5 秒,pair_stratified,0.005,1,30,U_L-U_R,penetration,tangent,False,False,23.082971572875977,23.082971572875977,5.255233287811279,5.238067150115967
组合防护 · 六配对压力 · 5 秒,pair_stratified,0.005,1,31,F_L-F_R,warn,approach,False,False,23.081690073013306,23.081690073013306,3.8169074058532715,3.816890239715576
组合防护 · 六配对压力 · 5 秒,pair_stratified,0.005,2,0,F_R-U_R,warn,recede,False,False,23.081913590431213,23.081913590431213,9.183507919311523,9.1884183883667
组合防护 · 六配对压力 · 5 秒,pair_stratified,0.005,2,1,U_L-U_R,warn,recede,False,False,23.082971572875977,23.082971572875977,4.683139801025391,4.527377605438232
组合防护 · 六配对压力 · 5 秒,pair_stratified,0.005,2,2,F_L-F_R,warn,tangent,False,False,10.291904211044312,14.046534895896912,6.795510292053223,6.780449867248535
组合防护 · 六配对压力 · 5 秒,pair_stratified,0.005,2,3,F_L-U_L,warn,tangent,False,False,23.082032799720764,23.082032799720764,7.087319374084473,7.087261199951172
组合防护 · 六配对压力 · 5 秒,pair_stratified,0.005,2,4,F_L-U_R,warn,tangent,False,False,23.081988096237183,23.081958293914795,5.496470928192139,5.496451377868652
组合防护 · 六配对压力 · 5 秒,pair_stratified,0.005,2,5,F_R-U_L,warn,tangent,False,False,23.08151125907898,23.08151125907898,5.755842208862305,5.755911827087402
组合防护 · 六配对压力 · 5 秒,pair_stratified,0.005,2,6,F_R-U_R,warn,tangent,False,False,23.081853985786438,23.081853985786438,9.79679012298584,9.796902656555176
组合防护 · 六配对压力 · 5 秒,pair_stratified,0.005,2,7,U_L-U_R,warn,tangent,False,False,23.083001375198364,23.083001375198364,5.402833938598633,5.476004123687744
组合防护 · 六配对压力 · 5 秒,pair_stratified,0.005,2,8,F_L-F_R,near,approach,False,False,23.081719875335693,23.081719875335693,3.967916250228882,3.9656951427459717
组合防护 · 六配对压力 · 5 秒,pair_stratified,0.005,2,9,F_L-U_L,near,approach,False,False,23.081794381141663,23.081794381141663,5.6884613037109375,5.688442707061768
组合防护 · 六配对压力 · 5 秒,pair_stratified,0.005,2,10,F_L-U_R,near,approach,False,False,23.082375526428223,23.082375526428223,5.557333946228027,5.5573272705078125
组合防护 · 六配对压力 · 5 秒,pair_stratified,0.005,2,11,F_R-U_L,near,approach,False,False,23.082569241523743,23.082569241523743,5.650585651397705,5.650566577911377
组合防护 · 六配对压力 · 5 秒,pair_stratified,0.005,2,12,F_R-U_R,near,approach,False,False,23.082628846168518,23.082628846168518,7.558525562286377,7.558534622192383
组合防护 · 六配对压力 · 5 秒,pair_stratified,0.005,2,13,U_L-U_R,near,approach,False,False,23.083388805389404,23.083388805389404,4.390810966491699,4.390930652618408
组合防护 · 六配对压力 · 5 秒,pair_stratified,0.005,2,14,F_L-F_R,near,recede,False,False,12.95289397239685,12.378543615341187,5.897869110107422,5.592954635620117
组合防护 · 六配对压力 · 5 秒,pair_stratified,0.005,2,15,F_L-U_L,near,recede,False,False,23.082107305526733,23.082107305526733,6.69023323059082,6.690230369567871
组合防护 · 六配对压力 · 5 秒,pair_stratified,0.005,2,16,F_L-U_R,near,recede,False,False,23.08310568332672,23.08313548564911,5.400283336639404,5.4002861976623535
组合防护 · 六配对压力 · 5 秒,pair_stratified,0.005,2,17,F_R-U_L,near,recede,False,False,23.083165287971497,23.083165287971497,5.624419212341309,5.624444484710693
组合防护 · 六配对压力 · 5 秒,pair_stratified,0.005,2,18,F_R-U_R,near,recede,False,False,23.082837462425232,23.082837462425232,9.538374900817871,9.538357734680176
组合防护 · 六配对压力 · 5 秒,pair_stratified,0.005,2,19,U_L-U_R,near,recede,False,False,23.083314299583435,23.083314299583435,4.563714504241943,4.74741792678833
组合防护 · 六配对压力 · 5 秒,pair_stratified,0.005,2,20,F_L-F_R,near,tangent,False,False,11.590562760829926,12.086749076843262,6.516565322875977,6.683371067047119
组合防护 · 六配对压力 · 5 秒,pair_stratified,0.005,2,21,F_L-U_L,near,tangent,False,False,23.082643747329712,23.082643747329712,7.352237224578857,7.352342128753662
组合防护 · 六配对压力 · 5 秒,pair_stratified,0.005,2,22,F_L-U_R,near,tangent,False,False,23.082762956619263,23.082762956619263,5.605078220367432,5.605196475982666
组合防护 · 六配对压力 · 5 秒,pair_stratified,0.005,2,23,F_R-U_L,near,tangent,False,False,23.082882165908813,23.082882165908813,5.867134094238281,5.867159843444824
组合防护 · 六配对压力 · 5 秒,pair_stratified,0.005,2,24,F_R-U_R,near,tangent,False,False,23.08221161365509,23.08221161365509,9.910425186157227,9.909808158874512
组合防护 · 六配对压力 · 5 秒,pair_stratified,0.005,2,25,U_L-U_R,near,tangent,False,False,23.083388805389404,23.083388805389404,5.392507076263428,5.349053382873535
组合防护 · 六配对压力 · 5 秒,pair_stratified,0.005,2,26,F_L-F_R,contact,approach,False,False,16.58247411251068,23.082509636878967,4.157975196838379,4.135989189147949
组合防护 · 六配对压力 · 5 秒,pair_stratified,0.005,2,27,F_L-U_L,contact,approach,False,False,23.082688450813293,23.082688450813293,5.7678046226501465,5.767844200134277
组合防护 · 六配对压力 · 5 秒,pair_stratified,0.005,2,28,F_L-U_R,contact,approach,False,False,23.082390427589417,23.082420229911804,5.512260913848877,5.5122480392456055
组合防护 · 六配对压力 · 5 秒,pair_stratified,0.005,2,29,F_R-U_L,contact,approach,False,False,23.082450032234192,23.082450032234192,5.578881740570068,5.578945159912109
组合防护 · 六配对压力 · 5 秒,pair_stratified,0.005,2,30,F_R-U_R,contact,approach,False,False,23.081660270690918,23.081660270690918,7.709924697875977,7.709840297698975
组合防护 · 六配对压力 · 5 秒,pair_stratified,0.005,2,31,U_L-U_R,contact,approach,False,False,23.082971572875977,23.082971572875977,4.442226409912109,4.442161560058594
组合防护 · 六配对压力 · 5 秒,pair_stratified,0.005,3,0,F_R-U_L,contact,tangent,False,False,23.081421852111816,23.081421852111816,5.950046539306641,5.95006799697876
组合防护 · 六配对压力 · 5 秒,pair_stratified,0.005,3,1,F_R-U_R,contact,tangent,False,False,23.08197319507599,23.08197319507599,9.98048210144043,9.980003356933594
组合防护 · 六配对压力 · 5 秒,pair_stratified,0.005,3,2,U_L-U_R,contact,tangent,False,False,23.083001375198364,23.083001375198364,4.134019374847412,5.217101573944092
组合防护 · 六配对压力 · 5 秒,pair_stratified,0.005,3,3,F_L-F_R,penetration,approach,False,False,17.80608296394348,23.081660270690918,4.231405735015869,4.19542121887207
组合防护 · 六配对压力 · 5 秒,pair_stratified,0.005,3,4,F_L-U_L,penetration,approach,False,False,23.081883788108826,23.081883788108826,5.899777889251709,5.89972448348999
组合防护 · 六配对压力 · 5 秒,pair_stratified,0.005,3,5,F_L-U_R,penetration,approach,False,False,23.08174967765808,23.08174967765808,5.676557540893555,5.6765522956848145
组合防护 · 六配对压力 · 5 秒,pair_stratified,0.005,3,6,F_R-U_L,penetration,approach,False,False,23.081660270690918,23.081660270690918,5.726589202880859,5.726597309112549
组合防护 · 六配对压力 · 5 秒,pair_stratified,0.005,3,7,F_R-U_R,penetration,approach,False,False,23.08201789855957,23.08201789855957,7.853518486022949,7.853560924530029
组合防护 · 六配对压力 · 5 秒,pair_stratified,0.005,3,8,U_L-U_R,penetration,approach,False,False,23.082971572875977,23.082971572875977,4.486110687255859,4.48471212387085
组合防护 · 六配对压力 · 5 秒,pair_stratified,0.005,3,9,F_L-F_R,penetration,recede,False,False,11.805392801761627,11.471912264823914,5.9330854415893555,5.81136417388916
组合防护 · 六配对压力 · 5 秒,pair_stratified,0.005,3,10,F_L-U_L,penetration,recede,False,False,23.08189868927002,23.08189868927002,7.095637798309326,7.095626354217529
组合防护 · 六配对压力 · 5 秒,pair_stratified,0.005,3,11,F_L-U_R,penetration,recede,False,False,23.082494735717773,23.082450032234192,5.521240711212158,5.521234512329102
组合防护 · 六配对压力 · 5 秒,pair_stratified,0.005,3,12,F_R-U_L,penetration,recede,False,False,23.082435131072998,23.082435131072998,5.8184003829956055,5.818356990814209
组合防护 · 六配对压力 · 5 秒,pair_stratified,0.005,3,13,F_R-U_R,penetration,recede,False,False,23.082345724105835,23.082345724105835,9.83521842956543,9.835210800170898
组合防护 · 六配对压力 · 5 秒,pair_stratified,0.005,3,14,U_L-U_R,penetration,recede,False,False,23.083388805389404,23.083388805389404,4.644202709197998,4.707139015197754
组合防护 · 六配对压力 · 5 秒,pair_stratified,0.005,3,15,F_L-F_R,penetration,tangent,False,False,10.650888085365295,12.989714741706848,3.6792681217193604,6.451423168182373
组合防护 · 六配对压力 · 5 秒,pair_stratified,0.005,3,16,F_L-U_L,penetration,tangent,False,False,23.08286726474762,23.08286726474762,6.867100715637207,6.867080211639404
组合防护 · 六配对压力 · 5 秒,pair_stratified,0.005,3,17,F_L-U_R,penetration,tangent,False,False,23.08318018913269,23.08318018913269,5.684967041015625,5.684968948364258
组合防护 · 六配对压力 · 5 秒,pair_stratified,0.005,3,18,F_R-U_L,penetration,tangent,False,False,23.083165287971497,23.083165287971497,5.991943359375,5.991990089416504
组合防护 · 六配对压力 · 5 秒,pair_stratified,0.005,3,19,F_R-U_R,penetration,tangent,False,False,23.082375526428223,23.082375526428223,10.027742385864258,10.02747917175293
组合防护 · 六配对压力 · 5 秒,pair_stratified,0.005,3,20,U_L-U_R,penetration,tangent,False,False,23.08318018913269,23.08318018913269,5.254300594329834,5.237017631530762
组合防护 · 六配对压力 · 5 秒,pair_stratified,0.005,3,21,F_L-F_R,warn,approach,False,False,23.082807660102844,23.082807660102844,3.816600799560547,3.8166470527648926
组合防护 · 六配对压力 · 5 秒,pair_stratified,0.005,3,22,F_L-U_L,warn,approach,False,False,23.0829119682312,23.0829119682312,5.530368804931641,5.530368328094482
组合防护 · 六配对压力 · 5 秒,pair_stratified,0.005,3,23,F_L-U_R,warn,approach,False,False,23.0829119682312,23.0829119682312,5.348957061767578,5.348962783813477
组合防护 · 六配对压力 · 5 秒,pair_stratified,0.005,3,24,F_R-U_L,warn,approach,False,False,23.082837462425232,23.082837462425232,5.386977672576904,5.386978626251221
组合防护 · 六配对压力 · 5 秒,pair_stratified,0.005,3,25,F_R-U_R,warn,approach,False,False,23.082569241523743,23.082569241523743,7.336437702178955,7.336465358734131
组合防护 · 六配对压力 · 5 秒,pair_stratified,0.005,3,26,U_L-U_R,warn,approach,False,False,23.083388805389404,23.083388805389404,4.279790878295898,4.280027389526367
组合防护 · 六配对压力 · 5 秒,pair_stratified,0.005,3,27,F_L-F_R,warn,recede,False,False,11.616691946983337,11.130206286907196,5.6875104904174805,5.641087055206299
组合防护 · 六配对压力 · 5 秒,pair_stratified,0.005,3,28,F_L-U_L,warn,recede,False,False,23.08255434036255,23.08255434036255,6.690257549285889,6.690269947052002
组合防护 · 六配对压力 · 5 秒,pair_stratified,0.005,3,29,F_L-U_R,warn,recede,False,False,23.08252453804016,23.08240532875061,5.34866189956665,5.348740100860596
组合防护 · 六配对压力 · 5 秒,pair_stratified,0.005,3,30,F_R-U_L,warn,recede,False,False,23.081570863723755,23.081570863723755,5.497768878936768,5.497749328613281
组合防护 · 六配对压力 · 5 秒,pair_stratified,0.005,3,31,F_R-U_R,warn,recede,False,False,23.081868886947632,23.081868886947632,9.188887596130371,9.188886642456055
组合防护 · 六配对压力 · 5 秒,pair_stratified,0.015,0,0,F_L-F_R,warn,approach,False,False,23.081615567207336,23.081615567207336,4.031191349029541,4.031182765960693
组合防护 · 六配对压力 · 5 秒,pair_stratified,0.015,0,1,F_L-U_L,warn,approach,False,False,23.081839084625244,23.081839084625244,6.75332498550415,6.753220558166504
组合防护 · 六配对压力 · 5 秒,pair_stratified,0.015,0,2,F_L-U_R,warn,approach,False,False,23.082002997398376,23.082002997398376,5.755514144897461,5.755584239959717
组合防护 · 六配对压力 · 5 秒,pair_stratified,0.015,0,3,F_R-U_L,warn,approach,False,False,23.081958293914795,23.081958293914795,5.801084041595459,5.801053047180176
组合防护 · 六配对压力 · 5 秒,pair_stratified,0.015,0,4,F_R-U_R,warn,approach,False,False,23.08189868927002,23.08189868927002,7.3890838623046875,7.389029502868652
组合防护 · 六配对压力 · 5 秒,pair_stratified,0.015,0,5,U_L-U_R,warn,approach,False,False,23.082971572875977,23.082971572875977,5.126911163330078,5.126888751983643
组合防护 · 六配对压力 · 5 秒,pair_stratified,0.015,0,6,F_L-F_R,warn,recede,True,False,-1.4830529689788818,17.095446586608887,4.961624622344971,6.043824672698975
组合防护 · 六配对压力 · 5 秒,pair_stratified,0.015,0,7,F_L-U_L,warn,recede,False,False,23.082032799720764,23.082032799720764,7.073616027832031,7.073650360107422
组合防护 · 六配对压力 · 5 秒,pair_stratified,0.015,0,8,F_L-U_R,warn,recede,False,False,23.082032799720764,23.082032799720764,5.644583225250244,5.644532680511475
组合防护 · 六配对压力 · 5 秒,pair_stratified,0.015,0,9,F_R-U_L,warn,recede,False,False,23.0819433927536,23.0819433927536,5.482886791229248,5.48286247253418
组合防护 · 六配对压力 · 5 秒,pair_stratified,0.015,0,10,F_R-U_R,warn,recede,False,False,23.082464933395386,23.082464933395386,10.29290771484375,10.309319496154785
组合防护 · 六配对压力 · 5 秒,pair_stratified,0.015,0,11,U_L-U_R,warn,recede,False,False,23.083388805389404,23.083388805389404,6.266291618347168,6.966980934143066
组合防护 · 六配对压力 · 5 秒,pair_stratified,0.015,0,12,F_L-F_R,warn,tangent,True,False,-6.41043484210968,13.866819441318512,7.024884223937988,5.440586566925049
组合防护 · 六配对压力 · 5 秒,pair_stratified,0.015,0,13,F_L-U_L,warn,tangent,False,False,23.082539439201355,23.082539439201355,7.537529945373535,7.537608623504639
组合防护 · 六配对压力 · 5 秒,pair_stratified,0.015,0,14,F_L-U_R,warn,tangent,False,False,23.08259904384613,23.082584142684937,5.9006524085998535,5.900661468505859
组合防护 · 六配对压力 · 5 秒,pair_stratified,0.015,0,15,F_R-U_L,warn,tangent,False,False,23.08313548564911,23.08313548564911,5.867028713226318,5.867028713226318
组合防护 · 六配对压力 · 5 秒,pair_stratified,0.015,0,16,F_R-U_R,warn,tangent,False,False,23.08306097984314,23.08306097984314,10.157681465148926,10.157381057739258
组合防护 · 六配对压力 · 5 秒,pair_stratified,0.015,0,17,U_L-U_R,warn,tangent,False,False,23.083344101905823,23.083344101905823,5.127955436706543,5.531752586364746
组合防护 · 六配对压力 · 5 秒,pair_stratified,0.015,0,18,F_L-F_R,near,approach,False,False,23.0829119682312,23.082897067070007,4.159667491912842,4.155436038970947
组合防护 · 六配对压力 · 5 秒,pair_stratified,0.015,0,19,F_L-U_L,near,approach,False,False,23.082926869392395,23.082926869392395,6.927356719970703,6.927347183227539
组合防护 · 六配对压力 · 5 秒,pair_stratified,0.015,0,20,F_L-U_R,near,approach,False,False,23.082897067070007,23.082897067070007,6.006629943847656,6.006539821624756
组合防护 · 六配对压力 · 5 秒,pair_stratified,0.015,0,21,F_R-U_L,near,approach,False,False,23.082926869392395,23.082926869392395,6.020453453063965,6.0204291343688965
组合防护 · 六配对压力 · 5 秒,pair_stratified,0.015,0,22,F_R-U_R,near,approach,False,False,23.08294177055359,23.08294177055359,7.578104019165039,7.577984809875488
组合防护 · 六配对压力 · 5 秒,pair_stratified,0.015,0,23,U_L-U_R,near,approach,False,False,23.08318018913269,23.08318018913269,5.230698108673096,5.23070764541626
组合防护 · 六配对压力 · 5 秒,pair_stratified,0.015,0,24,F_L-F_R,near,recede,True,False,-1.5737861394882202,12.487895786762238,5.7341485023498535,5.672297954559326
组合防护 · 六配对压力 · 5 秒,pair_stratified,0.015,0,25,F_L-U_L,near,recede,False,False,23.082450032234192,23.082226514816284,7.394037246704102,7.393921852111816
组合防护 · 六配对压力 · 5 秒,pair_stratified,0.015,0,26,F_L-U_R,near,recede,False,False,23.082539439201355,23.08247983455658,6.073398590087891,6.073256492614746
组合防护 · 六配对压力 · 5 秒,pair_stratified,0.015,0,27,F_R-U_L,near,recede,False,False,23.082464933395386,23.082464933395386,5.650253772735596,5.65016508102417
组合防护 · 六配对压力 · 5 秒,pair_stratified,0.015,0,28,F_R-U_R,near,recede,False,False,23.082420229911804,23.08216691017151,10.009379386901855,10.009397506713867
组合防护 · 六配对压力 · 5 秒,pair_stratified,0.015,0,29,U_L-U_R,near,recede,False,False,23.083388805389404,23.083388805389404,5.049560546875,5.355934143066406
组合防护 · 六配对压力 · 5 秒,pair_stratified,0.015,0,30,F_L-F_R,near,tangent,False,False,3.281041979789734,13.250857591629028,3.635136127471924,6.75018310546875
组合防护 · 六配对压力 · 5 秒,pair_stratified,0.015,0,31,F_L-U_L,near,tangent,False,False,23.082002997398376,23.082002997398376,7.883219242095947,7.883229732513428
组合防护 · 六配对压力 · 5 秒,pair_stratified,0.015,1,0,U_L-U_R,contact,approach,False,False,23.082971572875977,23.082971572875977,5.3377580642700195,5.337852478027344
组合防护 · 六配对压力 · 5 秒,pair_stratified,0.015,1,1,F_L-F_R,contact,recede,True,False,-1.6591176390647888,13.12873512506485,6.048412322998047,5.23008394241333
组合防护 · 六配对压力 · 5 秒,pair_stratified,0.015,1,2,F_L-U_L,contact,recede,False,False,23.082122206687927,23.082122206687927,7.688665866851807,7.688837051391602
组合防护 · 六配对压力 · 5 秒,pair_stratified,0.015,1,3,F_L-U_R,contact,recede,False,False,23.082002997398376,23.081839084625244,6.347039222717285,6.34721040725708
组合防护 · 六配对压力 · 5 秒,pair_stratified,0.015,1,4,F_R-U_L,contact,recede,False,False,23.081600666046143,23.081600666046143,5.662943363189697,5.662973880767822
组合防护 · 六配对压力 · 5 秒,pair_stratified,0.015,1,5,F_R-U_R,contact,recede,False,False,23.08174967765808,23.08174967765808,10.771400451660156,10.771427154541016
组合防护 · 六配对压力 · 5 秒,pair_stratified,0.015,1,6,U_L-U_R,contact,recede,False,False,23.082971572875977,23.082971572875977,5.776087284088135,6.792389869689941
组合防护 · 六配对压力 · 5 秒,pair_stratified,0.015,1,7,F_L-F_R,contact,tangent,False,False,2.440124750137329,12.290887534618378,3.6147561073303223,6.599794387817383
组合防护 · 六配对压力 · 5 秒,pair_stratified,0.015,1,8,F_L-U_L,contact,tangent,False,False,23.081809282302856,23.081809282302856,8.212227821350098,8.212241172790527
组合防护 · 六配对压力 · 5 秒,pair_stratified,0.015,1,9,F_L-U_R,contact,tangent,False,False,23.081988096237183,23.082002997398376,6.44509220123291,6.445123195648193
组合防护 · 六配对压力 · 5 秒,pair_stratified,0.015,1,10,F_R-U_L,contact,tangent,False,False,23.08252453804016,23.08252453804016,6.2416911125183105,6.2417893409729
组合防护 · 六配对压力 · 5 秒,pair_stratified,0.015,1,11,F_R-U_R,contact,tangent,False,False,23.08259904384613,23.08259904384613,11.666990280151367,11.666837692260742
组合防护 · 六配对压力 · 5 秒,pair_stratified,0.015,1,12,U_L-U_R,contact,tangent,False,False,23.083433508872986,23.083433508872986,6.771056175231934,5.8393049240112305
组合防护 · 六配对压力 · 5 秒,pair_stratified,0.015,1,13,F_L-F_R,penetration,approach,False,False,1.4193281531333923,19.742317497730255,4.261050224304199,4.317765235900879
组合防护 · 六配对压力 · 5 秒,pair_stratified,0.015,1,14,F_L-U_L,penetration,approach,False,False,23.082584142684937,23.082584142684937,7.167496681213379,7.167511940002441
组合防护 · 六配对压力 · 5 秒,pair_stratified,0.015,1,15,F_L-U_R,penetration,approach,False,False,23.083090782165527,23.083090782165527,6.238407611846924,6.238412380218506
组合防护 · 六配对压力 · 5 秒,pair_stratified,0.015,1,16,F_R-U_L,penetration,approach,False,False,23.083150386810303,23.083150386810303,6.2087249755859375,6.208737373352051
组合防护 · 六配对压力 · 5 秒,pair_stratified,0.015,1,17,F_R-U_R,penetration,approach,False,False,23.08313548564911,23.08313548564911,7.8366379737854,7.836640357971191
组合防护 · 六配对压力 · 5 秒,pair_stratified,0.015,1,18,U_L-U_R,penetration,approach,False,False,23.083314299583435,23.083314299583435,5.405384540557861,5.405431747436523
组合防护 · 六配对压力 · 5 秒,pair_stratified,0.015,1,19,F_L-F_R,penetration,recede,True,False,-2.4812817573547363,12.30446994304657,5.584062099456787,5.434291839599609
组合防护 · 六配对压力 · 5 秒,pair_stratified,0.015,1,20,F_L-U_L,penetration,recede,False,False,23.082345724105835,23.082345724105835,7.875471591949463,7.875408172607422
组合防护 · 六配对压力 · 5 秒,pair_stratified,0.015,1,21,F_L-U_R,penetration,recede,False,False,23.082852363586426,23.082897067070007,6.2638139724731445,6.363750457763672
组合防护 · 六配对压力 · 5 秒,pair_stratified,0.015,1,22,F_R-U_L,penetration,recede,False,False,23.082882165908813,23.082882165908813,5.806238174438477,5.806228160858154
组合防护 · 六配对压力 · 5 秒,pair_stratified,0.015,1,23,F_R-U_R,penetration,recede,False,False,23.082703351974487,23.082688450813293,10.486676216125488,10.486685752868652
组合防护 · 六配对压力 · 5 秒,pair_stratified,0.015,1,24,U_L-U_R,penetration,recede,False,False,23.08318018913269,23.08318018913269,6.8865647315979,6.759729862213135
组合防护 · 六配对压力 · 5 秒,pair_stratified,0.015,1,25,F_L-F_R,penetration,tangent,False,False,1.8302425742149353,16.539856791496277,3.5899906158447266,5.474977970123291
组合防护 · 六配对压力 · 5 秒,pair_stratified,0.015,1,26,F_L-U_L,penetration,tangent,False,False,23.082509636878967,23.08255434036255,8.383160591125488,8.383112907409668
组合防护 · 六配对压力 · 5 秒,pair_stratified,0.015,1,27,F_L-U_R,penetration,tangent,False,False,23.08247983455658,23.082315921783447,6.80806827545166,6.844067573547363
组合防护 · 六配对压力 · 5 秒,pair_stratified,0.015,1,28,F_R-U_L,penetration,tangent,False,False,23.08259904384613,23.08259904384613,6.294332504272461,6.294323444366455
组合防护 · 六配对压力 · 5 秒,pair_stratified,0.015,1,29,F_R-U_R,penetration,tangent,False,False,23.0819433927536,23.0819433927536,11.832086563110352,11.831942558288574
组合防护 · 六配对压力 · 5 秒,pair_stratified,0.015,1,30,U_L-U_R,penetration,tangent,False,False,23.082971572875977,23.082971572875977,5.606866359710693,5.844257354736328
组合防护 · 六配对压力 · 5 秒,pair_stratified,0.015,1,31,F_L-F_R,warn,approach,False,False,23.08158576488495,23.08158576488495,4.031223773956299,4.031167507171631
组合防护 · 六配对压力 · 5 秒,pair_stratified,0.015,2,0,F_R-U_R,warn,recede,False,False,23.081764578819275,23.081764578819275,10.349924087524414,10.35145378112793
组合防护 · 六配对压力 · 5 秒,pair_stratified,0.015,2,1,U_L-U_R,warn,recede,False,False,23.082971572875977,23.082971572875977,6.267596244812012,6.967060565948486
组合防护 · 六配对压力 · 5 秒,pair_stratified,0.015,2,2,F_L-F_R,warn,tangent,False,False,3.261275589466095,13.866253197193146,7.025732517242432,6.396549224853516
组合防护 · 六配对压力 · 5 秒,pair_stratified,0.015,2,3,F_L-U_L,warn,tangent,False,False,23.08201789855957,23.08201789855957,7.537928104400635,7.5378947257995605
组合防护 · 六配对压力 · 5 秒,pair_stratified,0.015,2,4,F_L-U_R,warn,tangent,False,False,23.081958293914795,23.081958293914795,5.900371074676514,5.900330543518066
组合防护 · 六配对压力 · 5 秒,pair_stratified,0.015,2,5,F_R-U_L,warn,tangent,False,False,23.081734776496887,23.081675171852112,5.867221832275391,5.8671875
组合防护 · 六配对压力 · 5 秒,pair_stratified,0.015,2,6,F_R-U_R,warn,tangent,False,False,23.081734776496887,23.081734776496887,10.15699577331543,10.156927108764648
组合防护 · 六配对压力 · 5 秒,pair_stratified,0.015,2,7,U_L-U_R,warn,tangent,False,False,23.083001375198364,23.083001375198364,5.127000331878662,5.530783653259277
组合防护 · 六配对压力 · 5 秒,pair_stratified,0.015,2,8,F_L-F_R,near,approach,False,False,23.081570863723755,23.081570863723755,4.1598896980285645,4.155588626861572
组合防护 · 六配对压力 · 5 秒,pair_stratified,0.015,2,9,F_L-U_L,near,approach,False,False,23.081853985786438,23.081853985786438,6.92732048034668,6.927316665649414
组合防护 · 六配对压力 · 5 秒,pair_stratified,0.015,2,10,F_L-U_R,near,approach,False,False,23.082375526428223,23.082375526428223,6.0069475173950195,6.006959438323975
组合防护 · 六配对压力 · 5 秒,pair_stratified,0.015,2,11,F_R-U_L,near,approach,False,False,23.082688450813293,23.082688450813293,6.0204243659973145,6.020444393157959
组合防护 · 六配对压力 · 5 秒,pair_stratified,0.015,2,12,F_R-U_R,near,approach,False,False,23.082584142684937,23.082584142684937,7.578123092651367,7.578133583068848
组合防护 · 六配对压力 · 5 秒,pair_stratified,0.015,2,13,U_L-U_R,near,approach,False,False,23.083388805389404,23.083388805389404,5.230706214904785,5.2306742668151855
组合防护 · 六配对压力 · 5 秒,pair_stratified,0.015,2,14,F_L-F_R,near,recede,True,False,-1.5743151307106018,12.490518391132355,5.739674091339111,5.672236442565918
组合防护 · 六配对压力 · 5 秒,pair_stratified,0.015,2,15,F_L-U_L,near,recede,False,False,23.082494735717773,23.082301020622253,7.381224155426025,7.381204605102539
组合防护 · 六配对压力 · 5 秒,pair_stratified,0.015,2,16,F_L-U_R,near,recede,False,False,23.083150386810303,23.083165287971497,6.0734124183654785,6.073456764221191
组合防护 · 六配对压力 · 5 秒,pair_stratified,0.015,2,17,F_R-U_L,near,recede,False,False,23.083150386810303,23.083150386810303,5.649878025054932,5.649884223937988
组合防护 · 六配对压力 · 5 秒,pair_stratified,0.015,2,18,F_R-U_R,near,recede,False,False,23.082762956619263,23.082762956619263,10.009084701538086,10.009100914001465
组合防护 · 六配对压力 · 5 秒,pair_stratified,0.015,2,19,U_L-U_R,near,recede,False,False,23.083314299583435,23.083314299583435,5.049653053283691,5.355995178222656
组合防护 · 六配对压力 · 5 秒,pair_stratified,0.015,2,20,F_L-F_R,near,tangent,False,False,3.280751407146454,13.25169950723648,3.634856939315796,6.729801177978516
组合防护 · 六配对压力 · 5 秒,pair_stratified,0.015,2,21,F_L-U_L,near,tangent,False,False,23.082584142684937,23.082584142684937,7.882987976074219,7.883087158203125
组合防护 · 六配对压力 · 5 秒,pair_stratified,0.015,2,22,F_L-U_R,near,tangent,False,False,23.08271825313568,23.08271825313568,5.803195953369141,5.803191661834717
组合防护 · 六配对压力 · 5 秒,pair_stratified,0.015,2,23,F_R-U_L,near,tangent,False,False,23.0829119682312,23.0829119682312,5.990916728973389,5.990880489349365
组合防护 · 六配对压力 · 5 秒,pair_stratified,0.015,2,24,F_R-U_R,near,tangent,False,False,23.08228611946106,23.082047700881958,11.074468612670898,11.074472427368164
组合防护 · 六配对压力 · 5 秒,pair_stratified,0.015,2,25,U_L-U_R,near,tangent,False,False,23.083388805389404,23.083388805389404,5.239940643310547,5.832902908325195
组合防护 · 六配对压力 · 5 秒,pair_stratified,0.015,2,26,F_L-F_R,contact,approach,False,False,23.08236062526703,23.08236062526703,4.266083240509033,4.25208044052124
组合防护 · 六配对压力 · 5 秒,pair_stratified,0.015,2,27,F_L-U_L,contact,approach,False,False,23.08255434036255,23.08255434036255,7.063806056976318,7.063812732696533
组合防护 · 六配对压力 · 5 秒,pair_stratified,0.015,2,28,F_L-U_R,contact,approach,False,False,23.082509636878967,23.082509636878967,6.166029453277588,6.166036128997803
组合防护 · 六配对压力 · 5 秒,pair_stratified,0.015,2,29,F_R-U_L,contact,approach,False,False,23.08255434036255,23.08255434036255,6.174863338470459,6.174970626831055
组合防护 · 六配对压力 · 5 秒,pair_stratified,0.015,2,30,F_R-U_R,contact,approach,False,False,23.081734776496887,23.081734776496887,7.719517707824707,7.7195329666137695
组合防护 · 六配对压力 · 5 秒,pair_stratified,0.015,2,31,U_L-U_R,contact,approach,False,False,23.082971572875977,23.082971572875977,5.342381954193115,5.342382431030273
组合防护 · 六配对压力 · 5 秒,pair_stratified,0.015,3,0,F_R-U_L,contact,tangent,False,False,23.0817049741745,23.0817049741745,6.126550197601318,6.12654972076416
组合防护 · 六配对压力 · 5 秒,pair_stratified,0.015,3,1,F_R-U_R,contact,tangent,False,False,23.081809282302856,23.081839084625244,11.667061805725098,11.667038917541504
组合防护 · 六配对压力 · 5 秒,pair_stratified,0.015,3,2,U_L-U_R,contact,tangent,False,False,23.083001375198364,23.083001375198364,6.769998073577881,5.838241100311279
组合防护 · 六配对压力 · 5 秒,pair_stratified,0.015,3,3,F_L-F_R,penetration,approach,False,False,1.4404207468032837,19.737713038921356,4.261406421661377,4.318113327026367
组合防护 · 六配对压力 · 5 秒,pair_stratified,0.015,3,4,F_L-U_L,penetration,approach,False,False,23.081615567207336,23.081615567207336,7.167543888092041,7.167547225952148
组合防护 · 六配对压力 · 5 秒,pair_stratified,0.015,3,5,F_L-U_R,penetration,approach,False,False,23.08182418346405,23.08182418346405,6.239820957183838,6.239524841308594
组合防护 · 六配对压力 · 5 秒,pair_stratified,0.015,3,6,F_R-U_L,penetration,approach,False,False,23.081719875335693,23.081719875335693,6.220943927764893,6.220973491668701
组合防护 · 六配对压力 · 5 秒,pair_stratified,0.015,3,7,F_R-U_R,penetration,approach,False,False,23.08213710784912,23.08213710784912,7.845440864562988,7.8454766273498535
组合防护 · 六配对压力 · 5 秒,pair_stratified,0.015,3,8,U_L-U_R,penetration,approach,False,False,23.082971572875977,23.082971572875977,5.405444622039795,5.405404567718506
组合防护 · 六配对压力 · 5 秒,pair_stratified,0.015,3,9,F_L-F_R,penetration,recede,True,False,-2.4820342659950256,12.304730713367462,5.5840301513671875,5.434337615966797
组合防护 · 六配对压力 · 5 秒,pair_stratified,0.015,3,10,F_L-U_L,penetration,recede,False,False,23.082196712493896,23.081988096237183,7.8753743171691895,7.875409126281738
组合防护 · 六配对压力 · 5 秒,pair_stratified,0.015,3,11,F_L-U_R,penetration,recede,False,False,23.082509636878967,23.082584142684937,6.263735771179199,6.30031681060791
组合防护 · 六配对压力 · 5 秒,pair_stratified,0.015,3,12,F_R-U_L,penetration,recede,False,False,23.08255434036255,23.08255434036255,5.786200046539307,5.786201000213623
组合防护 · 六配对压力 · 5 秒,pair_stratified,0.015,3,13,F_R-U_R,penetration,recede,False,False,23.082584142684937,23.082584142684937,10.486139297485352,10.4861421585083
组合防护 · 六配对压力 · 5 秒,pair_stratified,0.015,3,14,U_L-U_R,penetration,recede,False,False,23.083388805389404,23.083388805389404,6.886465549468994,6.759761333465576
组合防护 · 六配对压力 · 5 秒,pair_stratified,0.015,3,15,F_L-F_R,penetration,tangent,False,False,1.8300935626029968,16.53936505317688,3.589592695236206,5.474553108215332
组合防护 · 六配对压力 · 5 秒,pair_stratified,0.015,3,16,F_L-U_L,penetration,tangent,False,False,23.082807660102844,23.082643747329712,8.382827758789062,8.38283920288086
组合防护 · 六配对压力 · 5 秒,pair_stratified,0.015,3,17,F_L-U_R,penetration,tangent,False,False,23.083150386810303,23.083150386810303,6.808062553405762,6.808089256286621
组合防护 · 六配对压力 · 5 秒,pair_stratified,0.015,3,18,F_R-U_L,penetration,tangent,False,False,23.08310568332672,23.08310568332672,6.293842792510986,6.293857097625732
组合防护 · 六配对压力 · 5 秒,pair_stratified,0.015,3,19,F_R-U_R,penetration,tangent,False,False,23.082420229911804,23.082420229911804,11.832090377807617,11.83194351196289
组合防护 · 六配对压力 · 5 秒,pair_stratified,0.015,3,20,U_L-U_R,penetration,tangent,False,False,23.08318018913269,23.08318018913269,5.605829238891602,5.843164920806885
组合防护 · 六配对压力 · 5 秒,pair_stratified,0.015,3,21,F_L-F_R,warn,approach,False,False,23.082762956619263,23.082762956619263,4.030982971191406,4.030980587005615
组合防护 · 六配对压力 · 5 秒,pair_stratified,0.015,3,22,F_L-U_L,warn,approach,False,False,23.082956671714783,23.082956671714783,6.7530903816223145,6.753087520599365
组合防护 · 六配对压力 · 5 秒,pair_stratified,0.015,3,23,F_L-U_R,warn,approach,False,False,23.082852363586426,23.082852363586426,5.754701137542725,5.754693984985352
组合防护 · 六配对压力 · 5 秒,pair_stratified,0.015,3,24,F_R-U_L,warn,approach,False,False,23.08286726474762,23.08286726474762,5.800743103027344,5.800765514373779
组合防护 · 六配对压力 · 5 秒,pair_stratified,0.015,3,25,F_R-U_R,warn,approach,False,False,23.082464933395386,23.082464933395386,7.385995864868164,7.385798931121826
组合防护 · 六配对压力 · 5 秒,pair_stratified,0.015,3,26,U_L-U_R,warn,approach,False,False,23.083388805389404,23.083388805389404,5.112071514129639,5.112075328826904
组合防护 · 六配对压力 · 5 秒,pair_stratified,0.015,3,27,F_L-F_R,warn,recede,True,False,-1.4841854572296143,17.108425498008728,4.967888355255127,6.044276714324951
组合防护 · 六配对压力 · 5 秒,pair_stratified,0.015,3,28,F_L-U_L,warn,recede,False,False,23.082539439201355,23.08259904384613,7.073922157287598,7.073798656463623
组合防护 · 六配对压力 · 5 秒,pair_stratified,0.015,3,29,F_L-U_R,warn,recede,False,False,23.08274805545807,23.082539439201355,5.482450485229492,5.482452392578125
组合防护 · 六配对压力 · 5 秒,pair_stratified,0.015,3,30,F_R-U_L,warn,recede,False,False,23.082077503204346,23.082077503204346,5.4832234382629395,5.483226776123047
组合防护 · 六配对压力 · 5 秒,pair_stratified,0.015,3,31,F_R-U_R,warn,recede,False,False,23.081794381141663,23.081690073013306,10.30388355255127,10.276834487915039
六配对压力 · 延长到 10 秒,pair_stratified,0.015,0,0,F_L-F_R,warn,approach,False,False,4.404321312904358,15.36327600479126,6.2409820556640625,6.938314437866211
六配对压力 · 延长到 10 秒,pair_stratified,0.015,0,1,F_L-U_L,warn,approach,False,False,23.081839084625244,23.081839084625244,9.197029113769531,9.19705581665039
六配对压力 · 延长到 10 秒,pair_stratified,0.015,0,2,F_L-U_R,warn,approach,False,False,23.081764578819275,23.082002997398376,6.911429405212402,6.989808559417725
六配对压力 · 延长到 10 秒,pair_stratified,0.015,0,3,F_R-U_L,warn,approach,False,False,23.08177947998047,23.081481456756592,8.086910247802734,8.060566902160645
六配对压力 · 延长到 10 秒,pair_stratified,0.015,0,4,F_R-U_R,warn,approach,False,False,23.081868886947632,23.081660270690918,10.389348983764648,10.389171600341797
六配对压力 · 延长到 10 秒,pair_stratified,0.015,0,5,U_L-U_R,warn,approach,False,False,23.082971572875977,23.082971572875977,9.214614868164062,9.220254898071289
六配对压力 · 延长到 10 秒,pair_stratified,0.015,0,6,F_L-F_R,warn,recede,True,False,-1.4830529689788818,6.47938996553421,4.95959997177124,8.95455551147461
六配对压力 · 延长到 10 秒,pair_stratified,0.015,0,7,F_L-U_L,warn,recede,False,False,23.082032799720764,23.082032799720764,7.0715460777282715,7.071597099304199
六配对压力 · 延长到 10 秒,pair_stratified,0.015,0,8,F_L-U_R,warn,recede,False,False,23.082032799720764,23.082032799720764,5.640905857086182,5.641033172607422
六配对压力 · 延长到 10 秒,pair_stratified,0.015,0,9,F_R-U_L,warn,recede,False,False,23.0819433927536,23.0819433927536,5.4809136390686035,5.4809136390686035
六配对压力 · 延长到 10 秒,pair_stratified,0.015,0,10,F_R-U_R,warn,recede,False,False,23.08255434036255,23.082315921783447,11.652396202087402,11.831737518310547
六配对压力 · 延长到 10 秒,pair_stratified,0.015,0,11,U_L-U_R,warn,recede,False,False,23.083388805389404,23.083388805389404,10.280536651611328,10.93591022491455
六配对压力 · 延长到 10 秒,pair_stratified,0.015,0,12,F_L-F_R,warn,tangent,True,False,-8.579656481742859,13.866819441318512,9.891002655029297,5.436713695526123
六配对压力 · 延长到 10 秒,pair_stratified,0.015,0,13,F_L-U_L,warn,tangent,False,False,23.082539439201355,23.082539439201355,7.533722400665283,7.5338239669799805
六配对压力 · 延长到 10 秒,pair_stratified,0.015,0,14,F_L-U_R,warn,tangent,False,False,23.082509636878967,23.08252453804016,5.894848823547363,5.894857406616211
六配对压力 · 延长到 10 秒,pair_stratified,0.015,0,15,F_R-U_L,warn,tangent,False,False,23.08313548564911,23.08313548564911,5.863070011138916,5.863070011138916
六配对压力 · 延长到 10 秒,pair_stratified,0.015,0,16,F_R-U_R,warn,tangent,False,False,23.083046078681946,23.083046078681946,10.152002334594727,10.152006149291992
六配对压力 · 延长到 10 秒,pair_stratified,0.015,0,17,U_L-U_R,warn,tangent,False,False,23.083344101905823,23.083344101905823,5.12235164642334,5.526190280914307
六配对压力 · 延长到 10 秒,pair_stratified,0.015,0,18,F_L-F_R,near,approach,False,False,8.163563907146454,14.888755977153778,6.865016460418701,6.8149590492248535
六配对压力 · 延长到 10 秒,pair_stratified,0.015,0,19,F_L-U_L,near,approach,False,False,23.082852363586426,23.082822561264038,9.523283958435059,9.523284912109375
六配对压力 · 延长到 10 秒,pair_stratified,0.015,0,20,F_L-U_R,near,approach,False,False,23.082852363586426,23.082852363586426,6.944299221038818,6.944299221038818
六配对压力 · 延长到 10 秒,pair_stratified,0.015,0,21,F_R-U_L,near,approach,False,False,23.082852363586426,23.082852363586426,7.138030529022217,7.138028144836426
六配对压力 · 延长到 10 秒,pair_stratified,0.015,0,22,F_R-U_R,near,approach,False,False,23.082926869392395,23.08294177055359,10.436092376708984,10.440912246704102
六配对压力 · 延长到 10 秒,pair_stratified,0.015,0,23,U_L-U_R,near,approach,False,False,23.08318018913269,23.08318018913269,9.040547370910645,9.36424446105957
六配对压力 · 延长到 10 秒,pair_stratified,0.015,0,24,F_L-F_R,near,recede,True,False,-1.5737861394882202,12.487895786762238,5.732216835021973,5.668468475341797
六配对压力 · 延长到 10 秒,pair_stratified,0.015,0,25,F_L-U_L,near,recede,False,False,23.082256317138672,23.081988096237183,7.39005184173584,7.390032768249512
六配对压力 · 延长到 10 秒,pair_stratified,0.015,0,26,F_L-U_R,near,recede,False,False,23.082539439201355,23.082643747329712,6.067659854888916,6.067305564880371
六配对压力 · 延长到 10 秒,pair_stratified,0.015,0,27,F_R-U_L,near,recede,False,False,23.082464933395386,23.082464933395386,5.646917343139648,5.6469011306762695
六配对压力 · 延长到 10 秒,pair_stratified,0.015,0,28,F_R-U_R,near,recede,False,False,23.082301020622253,23.08240532875061,10.003984451293945,10.003986358642578
六配对压力 · 延长到 10 秒,pair_stratified,0.015,0,29,U_L-U_R,near,recede,False,False,23.083388805389404,23.083388805389404,5.04441499710083,5.350798606872559
六配对压力 · 延长到 10 秒,pair_stratified,0.015,0,30,F_L-F_R,near,tangent,False,False,3.281041979789734,12.368164956569672,3.6312685012817383,8.087546348571777
六配对压力 · 延长到 10 秒,pair_stratified,0.015,0,31,F_L-U_L,near,tangent,False,False,23.082002997398376,23.082002997398376,7.879587650299072,7.879627227783203
四臂同时运动 · 工作空间目标流,directed_all,0.015,8,0,,,,False,False,23.081883788108826,23.081913590431213,7.858849048614502,7.8565802574157715
四臂同时运动 · 工作空间目标流,directed_all,0.015,8,1,,,,False,False,23.082002997398376,23.082002997398376,9.603228569030762,9.598381996154785
四臂同时运动 · 工作空间目标流,directed_all,0.015,8,2,,,,False,False,23.08163046836853,23.0817049741745,4.628452301025391,4.626176834106445
四臂同时运动 · 工作空间目标流,directed_all,0.015,8,3,,,,False,False,23.08177947998047,23.08177947998047,7.248934745788574,7.04237174987793
四臂同时运动 · 工作空间目标流,directed_all,0.015,8,4,,,,False,False,23.082077503204346,23.082077503204346,6.835015773773193,8.116053581237793
四臂同时运动 · 工作空间目标流,directed_all,0.015,8,5,,,,False,False,23.082971572875977,23.082971572875977,6.6466383934021,6.64445686340332
四臂同时运动 · 工作空间目标流,directed_all,0.015,8,6,,,,False,False,23.08163046836853,23.081928491592407,9.708406448364258,9.714821815490723
四臂同时运动 · 工作空间目标流,directed_all,0.015,8,7,,,,False,False,23.08189868927002,23.08189868927002,5.016720294952393,5.014523506164551
四臂同时运动 · 工作空间目标流,directed_all,0.015,8,8,,,,False,False,23.081496357917786,23.081496357917786,4.835679531097412,4.833522319793701
四臂同时运动 · 工作空间目标流,directed_all,0.015,8,9,,,,False,False,23.08216691017151,23.08216691017151,7.12769079208374,7.125472068786621
四臂同时运动 · 工作空间目标流,directed_all,0.015,8,10,,,,False,False,23.082584142684937,23.082584142684937,5.301767349243164,5.297567844390869
四臂同时运动 · 工作空间目标流,directed_all,0.015,8,11,,,,False,False,23.08274805545807,23.082494735717773,11.387025833129883,11.35986614227295
四臂同时运动 · 工作空间目标流,directed_all,0.015,8,12,,,,False,False,23.082569241523743,23.08259904384613,36.27494430541992,36.111000061035156
四臂同时运动 · 工作空间目标流,directed_all,0.015,8,13,,,,False,False,23.083388805389404,23.083388805389404,4.226168632507324,4.222079277038574
四臂同时运动 · 工作空间目标流,directed_all,0.015,8,14,,,,False,False,23.082643747329712,23.08252453804016,6.624486923217773,6.6190714836120605
四臂同时运动 · 工作空间目标流,directed_all,0.015,8,15,,,,False,False,23.083314299583435,23.083314299583435,3.5031511783599854,4.509843826293945
四臂同时运动 · 工作空间目标流,directed_all,0.015,8,16,,,,False,False,13.204619288444519,13.456583023071289,29.654951095581055,29.66647720336914
四臂同时运动 · 工作空间目标流,directed_all,0.015,8,17,,,,False,False,23.083150386810303,23.08313548564911,5.545682430267334,5.541558265686035
四臂同时运动 · 工作空间目标流,directed_all,0.015,8,18,,,,False,False,23.08313548564911,23.083150386810303,4.811661243438721,4.808724880218506
四臂同时运动 · 工作空间目标流,directed_all,0.015,8,19,,,,False,False,16.151785850524902,15.700146555900574,35.23810958862305,36.7175407409668
四臂同时运动 · 工作空间目标流,directed_all,0.015,8,20,,,,False,False,23.082703351974487,23.08274805545807,7.102100849151611,7.149362087249756
四臂同时运动 · 工作空间目标流,directed_all,0.015,8,21,,,,False,False,23.082822561264038,23.082822561264038,11.130003929138184,11.125969886779785
四臂同时运动 · 工作空间目标流,directed_all,0.015,8,22,,,,False,False,23.082926869392395,23.082926869392395,8.042848587036133,9.606043815612793
四臂同时运动 · 工作空间目标流,directed_all,0.015,8,23,,,,False,False,23.082926869392395,23.082926869392395,5.44490909576416,5.440824031829834
四臂同时运动 · 工作空间目标流,directed_all,0.015,8,24,,,,False,False,12.626215815544128,13.65785300731659,25.96099090576172,29.458175659179688
四臂同时运动 · 工作空间目标流,directed_all,0.015,8,25,,,,False,False,23.082152009010315,23.082375526428223,6.8215508460998535,8.70759391784668
四臂同时运动 · 工作空间目标流,directed_all,0.015,8,26,,,,False,False,23.08197319507599,23.08197319507599,10.79563045501709,10.791425704956055
四臂同时运动 · 工作空间目标流,directed_all,0.015,8,27,,,,False,False,11.736452579498291,14.941111207008362,29.250085830688477,32.989051818847656
四臂同时运动 · 工作空间目标流,directed_all,0.015,8,28,,,,False,False,23.083388805389404,23.083388805389404,5.610983371734619,5.317253589630127
四臂同时运动 · 工作空间目标流,directed_all,0.015,8,29,,,,False,False,23.082226514816284,23.082375526428223,6.409927845001221,6.404767990112305
四臂同时运动 · 工作空间目标流,directed_all,0.015,8,30,,,,False,False,23.082107305526733,23.082107305526733,9.32105827331543,9.313627243041992
四臂同时运动 · 工作空间目标流,directed_all,0.015,8,31,,,,False,False,23.081809282302856,23.081809282302856,33.338218688964844,33.21855163574219
四臂同时运动 · 工作空间目标流,l1_full,0.015,8,0,,,,False,False,23.081853985786438,23.08174967765808,36.42166519165039,35.8819465637207
四臂同时运动 · 工作空间目标流,l1_full,0.015,8,1,,,,False,False,23.081794381141663,23.081868886947632,26.818693161010742,26.142724990844727
四臂同时运动 · 工作空间目标流,l1_full,0.015,8,2,,,,False,False,23.081719875335693,23.0819433927536,25.763010025024414,25.815492630004883
四臂同时运动 · 工作空间目标流,l1_full,0.015,8,3,,,,True,False,18.86853575706482,22.16017246246338,30.313915252685547,31.934324264526367
四臂同时运动 · 工作空间目标流,l1_full,0.015,8,4,,,,True,False,-4.761584103107452,1.7742663621902466,23.507112503051758,20.48842430114746
四臂同时运动 · 工作空间目标流,l1_full,0.015,8,5,,,,False,False,23.08158576488495,23.081928491592407,21.589048385620117,18.240537643432617
四臂同时运动 · 工作空间目标流,l1_full,0.015,8,6,,,,False,False,23.081690073013306,23.081794381141663,27.3606014251709,28.4219970703125
四臂同时运动 · 工作空间目标流,l1_full,0.015,8,7,,,,False,False,23.082152009010315,23.082152009010315,27.067373275756836,25.77682876586914
四臂同时运动 · 工作空间目标流,l1_full,0.015,8,8,,,,False,False,23.081839084625244,23.081839084625244,22.094255447387695,27.821712493896484
四臂同时运动 · 工作空间目标流,l1_full,0.015,8,9,,,,False,False,17.798230051994324,19.149690866470337,27.33001136779785,27.486183166503906
四臂同时运动 · 工作空间目标流,l1_full,0.015,8,10,,,,False,False,23.08255434036255,23.08247983455658,24.154651641845703,31.389875411987305
四臂同时运动 · 工作空间目标流,l1_full,0.015,8,11,,,,False,False,14.537155628204346,14.934509992599487,34.29444885253906,35.546142578125
四臂同时运动 · 工作空间目标流,l1_full,0.015,8,12,,,,False,False,23.082509636878967,23.08255434036255,27.135147094726562,26.582937240600586
四臂同时运动 · 工作空间目标流,l1_full,0.015,8,13,,,,False,False,9.065836668014526,11.567562818527222,32.3518180847168,29.683677673339844
四臂同时运动 · 工作空间目标流,l1_full,0.015,8,14,,,,False,False,9.348168969154358,15.170067548751831,27.20756721496582,30.243610382080078
四臂同时运动 · 工作空间目标流,l1_full,0.015,8,15,,,,False,False,23.082271218299866,23.082196712493896,30.8065128326416,29.98610496520996
四臂同时运动 · 工作空间目标流,l1_full,0.015,8,16,,,,False,False,23.082539439201355,23.08252453804016,26.406051635742188,25.406801223754883
四臂同时运动 · 工作空间目标流,l1_full,0.015,8,17,,,,True,False,23.08306097984314,23.083075881004333,27.016714096069336,28.82041358947754
四臂同时运动 · 工作空间目标流,l1_full,0.015,8,18,,,,False,False,16.50397479534149,20.801976323127747,23.58057403564453,24.992708206176758
四臂同时运动 · 工作空间目标流,l1_full,0.015,8,19,,,,True,False,-18.381044268608093,23.082822561264038,33.31060791015625,30.966096878051758
四臂同时运动 · 工作空间目标流,l1_full,0.015,8,20,,,,True,False,23.081853985786438,23.082107305526733,23.242481231689453,24.647621154785156
四臂同时运动 · 工作空间目标流,l1_full,0.015,8,21,,,,False,False,23.082807660102844,23.08279275894165,26.723979949951172,27.501129150390625
四臂同时运动 · 工作空间目标流,l1_full,0.015,8,22,,,,True,False,-24.18016642332077,9.178504347801208,25.044124603271484,24.038881301879883
四臂同时运动 · 工作空间目标流,l1_full,0.015,8,23,,,,False,False,23.082822561264038,23.08279275894165,31.32123374938965,28.569164276123047
四臂同时运动 · 工作空间目标流,l1_full,0.015,8,24,,,,False,False,0.16517937183380127,15.459582209587097,26.09730339050293,30.78289794921875
四臂同时运动 · 工作空间目标流,l1_full,0.015,8,25,,,,False,False,23.082435131072998,23.08259904384613,22.714677810668945,22.34503936767578
四臂同时运动 · 工作空间目标流,l1_full,0.015,8,26,,,,False,False,23.082464933395386,23.082450032234192,21.767322540283203,21.83207893371582
四臂同时运动 · 工作空间目标流,l1_full,0.015,8,27,,,,False,False,13.11945915222168,18.5040682554245,35.18064880371094,37.651180267333984
四臂同时运动 · 工作空间目标流,l1_full,0.015,8,28,,,,True,False,12.426167726516724,14.201059937477112,24.733774185180664,30.552465438842773
四臂同时运动 · 工作空间目标流,l1_full,0.015,8,29,,,,False,False,22.763758897781372,23.08216691017151,29.46799659729004,30.062904357910156
四臂同时运动 · 工作空间目标流,l1_full,0.015,8,30,,,,False,False,23.08177947998047,23.081809282302856,23.154006958007812,22.16913414001465
四臂同时运动 · 工作空间目标流,l1_full,0.015,8,31,,,,False,False,20.35665512084961,23.081719875335693,26.81607437133789,27.1372127532959
纯 IID 均匀随机 · 10 秒,uniform_random,0.005,8,0,,,,False,False,23.08174967765808,23.08174967765808,9.719191551208496,9.719191551208496
纯 IID 均匀随机 · 10 秒,uniform_random,0.005,8,1,,,,False,False,23.081660270690918,23.081660270690918,9.876420974731445,9.876420974731445
纯 IID 均匀随机 · 10 秒,uniform_random,0.005,8,2,,,,False,False,23.08174967765808,23.08174967765808,9.966711044311523,9.966711044311523
纯 IID 均匀随机 · 10 秒,uniform_random,0.005,8,3,,,,False,False,23.081421852111816,23.081421852111816,9.57896614074707,9.57896614074707
纯 IID 均匀随机 · 10 秒,uniform_random,0.005,8,4,,,,False,False,23.08177947998047,23.08177947998047,9.632050514221191,9.632050514221191
纯 IID 均匀随机 · 10 秒,uniform_random,0.005,8,5,,,,False,False,23.081496357917786,23.081496357917786,9.680001258850098,9.680001258850098
纯 IID 均匀随机 · 10 秒,uniform_random,0.005,8,6,,,,False,False,23.081645369529724,23.081645369529724,9.730415344238281,9.730415344238281
纯 IID 均匀随机 · 10 秒,uniform_random,0.005,8,7,,,,False,False,23.08151125907898,23.08151125907898,10.012939453125,10.012939453125
纯 IID 均匀随机 · 10 秒,uniform_random,0.005,8,8,,,,False,False,23.081466555595398,23.081466555595398,10.06409740447998,10.06409740447998
纯 IID 均匀随机 · 10 秒,uniform_random,0.005,8,9,,,,False,False,23.08182418346405,23.08182418346405,9.814053535461426,9.814053535461426
纯 IID 均匀随机 · 10 秒,uniform_random,0.005,8,10,,,,False,False,23.082420229911804,23.082420229911804,9.678208351135254,9.678208351135254
纯 IID 均匀随机 · 10 秒,uniform_random,0.005,8,11,,,,False,False,23.082375526428223,23.082375526428223,9.80648422241211,9.80648422241211
纯 IID 均匀随机 · 10 秒,uniform_random,0.005,8,12,,,,False,False,23.082420229911804,23.082420229911804,9.694146156311035,9.694146156311035
纯 IID 均匀随机 · 10 秒,uniform_random,0.005,8,13,,,,False,False,23.08247983455658,23.08247983455658,10.1075439453125,10.1075439453125
纯 IID 均匀随机 · 10 秒,uniform_random,0.005,8,14,,,,False,False,23.082494735717773,23.082494735717773,9.58388900756836,9.58388900756836
纯 IID 均匀随机 · 10 秒,uniform_random,0.005,8,15,,,,False,False,23.08310568332672,23.08310568332672,9.76517105102539,9.76517105102539
纯 IID 均匀随机 · 10 秒,uniform_random,0.005,8,16,,,,False,False,23.083046078681946,23.083046078681946,9.975890159606934,9.975890159606934
纯 IID 均匀随机 · 10 秒,uniform_random,0.005,8,17,,,,False,False,23.08310568332672,23.08310568332672,9.625849723815918,9.625849723815918
纯 IID 均匀随机 · 10 秒,uniform_random,0.005,8,18,,,,False,False,23.08298647403717,23.08298647403717,9.873695373535156,9.873695373535156
纯 IID 均匀随机 · 10 秒,uniform_random,0.005,8,19,,,,False,False,23.082971572875977,23.082971572875977,9.471333503723145,9.471333503723145
纯 IID 均匀随机 · 10 秒,uniform_random,0.005,8,20,,,,False,False,23.082837462425232,23.082837462425232,9.804614067077637,9.804614067077637
纯 IID 均匀随机 · 10 秒,uniform_random,0.005,8,21,,,,False,False,23.082882165908813,23.082882165908813,9.821342468261719,9.821342468261719
纯 IID 均匀随机 · 10 秒,uniform_random,0.005,8,22,,,,False,False,23.082837462425232,23.082837462425232,9.586448669433594,9.586448669433594
纯 IID 均匀随机 · 10 秒,uniform_random,0.005,8,23,,,,False,False,23.082733154296875,23.082733154296875,9.86064624786377,9.86064624786377
纯 IID 均匀随机 · 10 秒,uniform_random,0.005,8,24,,,,False,False,23.082837462425232,23.082837462425232,9.613768577575684,9.613768577575684
纯 IID 均匀随机 · 10 秒,uniform_random,0.005,8,25,,,,False,False,23.082435131072998,23.082435131072998,9.791876792907715,9.791876792907715
纯 IID 均匀随机 · 10 秒,uniform_random,0.005,8,26,,,,False,False,23.082420229911804,23.082420229911804,10.1139554977417,10.1139554977417
纯 IID 均匀随机 · 10 秒,uniform_random,0.005,8,27,,,,False,False,23.082494735717773,23.082494735717773,9.511017799377441,9.511017799377441
纯 IID 均匀随机 · 10 秒,uniform_random,0.005,8,28,,,,False,False,23.08236062526703,23.08236062526703,9.73869800567627,9.73869800567627
纯 IID 均匀随机 · 10 秒,uniform_random,0.005,8,29,,,,False,False,23.082494735717773,23.082494735717773,9.663893699645996,9.663893699645996
纯 IID 均匀随机 · 10 秒,uniform_random,0.005,8,30,,,,False,False,23.081541061401367,23.081541061401367,9.864727973937988,9.864727973937988
纯 IID 均匀随机 · 10 秒,uniform_random,0.005,8,31,,,,False,False,23.081690073013306,23.081690073013306,9.872733116149902,9.872733116149902
纯 IID 均匀随机 · 10 秒,uniform_random,0.015,8,0,,,,False,False,23.081541061401367,23.081541061401367,28.594768524169922,28.555017471313477
纯 IID 均匀随机 · 10 秒,uniform_random,0.015,8,1,,,,False,False,23.081719875335693,23.081347346305847,28.74385643005371,28.69594383239746
纯 IID 均匀随机 · 10 秒,uniform_random,0.015,8,2,,,,False,False,23.081868886947632,23.0817049741745,28.96154022216797,28.886474609375
纯 IID 均匀随机 · 10 秒,uniform_random,0.015,8,3,,,,False,False,23.081541061401367,23.081734776496887,28.004621505737305,27.984256744384766
纯 IID 均匀随机 · 10 秒,uniform_random,0.015,8,4,,,,False,False,23.081660270690918,23.081526160240173,29.09140968322754,29.020076751708984
纯 IID 均匀随机 · 10 秒,uniform_random,0.015,8,5,,,,False,False,23.081526160240173,23.081541061401367,28.44405174255371,28.416824340820312
纯 IID 均匀随机 · 10 秒,uniform_random,0.015,8,6,,,,False,False,23.081570863723755,23.08174967765808,28.322006225585938,28.260644912719727
纯 IID 均匀随机 · 10 秒,uniform_random,0.015,8,7,,,,False,False,23.081660270690918,23.081660270690918,28.975614547729492,28.89980697631836
纯 IID 均匀随机 · 10 秒,uniform_random,0.015,8,8,,,,False,False,23.081496357917786,23.081421852111816,28.973182678222656,28.927001953125
纯 IID 均匀随机 · 10 秒,uniform_random,0.015,8,9,,,,False,False,23.081690073013306,23.081600666046143,28.283369064331055,28.251453399658203
纯 IID 均匀随机 · 10 秒,uniform_random,0.015,8,10,,,,False,False,23.082181811332703,23.082196712493896,29.077754974365234,28.979625701904297
纯 IID 均匀随机 · 10 秒,uniform_random,0.015,8,11,,,,False,False,23.08236062526703,23.082315921783447,28.520490646362305,28.49847412109375
纯 IID 均匀随机 · 10 秒,uniform_random,0.015,8,12,,,,False,False,23.08240532875061,23.082569241523743,28.10725975036621,28.014877319335938
纯 IID 均匀随机 · 10 秒,uniform_random,0.015,8,13,,,,False,False,23.082315921783447,23.082345724105835,28.503503799438477,28.479469299316406
纯 IID 均匀随机 · 10 秒,uniform_random,0.015,8,14,,,,False,False,23.082420229911804,23.082375526428223,28.950756072998047,28.920114517211914
纯 IID 均匀随机 · 10 秒,uniform_random,0.015,8,15,,,,False,False,23.082762956619263,23.082837462425232,29.478227615356445,29.449268341064453
纯 IID 均匀随机 · 10 秒,uniform_random,0.015,8,16,,,,False,False,23.08294177055359,23.082897067070007,29.11806297302246,29.101383209228516
纯 IID 均匀随机 · 10 秒,uniform_random,0.015,8,17,,,,False,False,23.083150386810303,23.083120584487915,27.94939422607422,27.908580780029297
纯 IID 均匀随机 · 10 秒,uniform_random,0.015,8,18,,,,False,False,23.082926869392395,23.083046078681946,28.835805892944336,28.786334991455078
纯 IID 均匀随机 · 10 秒,uniform_random,0.015,8,19,,,,False,False,23.082464933395386,23.082420229911804,27.809478759765625,27.77487564086914
纯 IID 均匀随机 · 10 秒,uniform_random,0.015,8,20,,,,False,False,23.08274805545807,23.082643747329712,28.70868682861328,28.5330867767334
纯 IID 均匀随机 · 10 秒,uniform_random,0.015,8,21,,,,False,False,23.082703351974487,23.082703351974487,29.176565170288086,29.164642333984375
纯 IID 均匀随机 · 10 秒,uniform_random,0.015,8,22,,,,False,False,23.082822561264038,23.082837462425232,29.116134643554688,29.043567657470703
纯 IID 均匀随机 · 10 秒,uniform_random,0.015,8,23,,,,False,False,23.082822561264038,23.08286726474762,29.02345848083496,29.010318756103516
纯 IID 均匀随机 · 10 秒,uniform_random,0.015,8,24,,,,False,False,23.082688450813293,23.082613945007324,28.378175735473633,28.34975242614746
纯 IID 均匀随机 · 10 秒,uniform_random,0.015,8,25,,,,False,False,23.081526160240173,23.082107305526733,28.694950103759766,28.62670135498047
纯 IID 均匀随机 · 10 秒,uniform_random,0.015,8,26,,,,False,False,23.082509636878967,23.082450032234192,28.755033493041992,28.712316513061523
纯 IID 均匀随机 · 10 秒,uniform_random,0.015,8,27,,,,False,False,23.08236062526703,23.082509636878967,28.373191833496094,28.328170776367188
纯 IID 均匀随机 · 10 秒,uniform_random,0.015,8,28,,,,False,False,23.082420229911804,23.082375526428223,28.86241912841797,28.83205223083496
纯 IID 均匀随机 · 10 秒,uniform_random,0.015,8,29,,,,False,False,23.08213710784912,23.08236062526703,29.434066772460938,29.414064407348633
纯 IID 均匀随机 · 10 秒,uniform_random,0.015,8,30,,,,False,False,23.081675171852112,23.08174967765808,28.301830291748047,28.27505874633789
纯 IID 均匀随机 · 10 秒,uniform_random,0.015,8,31,,,,False,False,23.081481456756592,23.08155596256256,29.401885986328125,29.386390686035156
