proposal_id,family,sentinel,comparable,A_lane,B_lane,A_initial_nonfinite,A_initial_hard74,A_initial_velocity74,A_initial_soft26,A_initial_raw9021,A_initial_point_scalar82,A_initial_held_target74,A_prefix_denied_rows_nonfinite,A_prefix_denied_rows_hard74,A_prefix_denied_rows_velocity74,A_prefix_denied_rows_soft26,A_prefix_denied_rows_raw9021,A_prefix_denied_rows_point_scalar82,A_prefix_denied_rows_held_target74,A_sampled_peak_abs_velocity_ratio,A_max_sampled_delta_qd_rad_s,B_initial_nonfinite,B_initial_hard74,B_initial_velocity74,B_initial_soft26,B_initial_raw9021,B_initial_point_scalar82,B_initial_held_target74,B_prefix_denied_rows_nonfinite,B_prefix_denied_rows_hard74,B_prefix_denied_rows_velocity74,B_prefix_denied_rows_soft26,B_prefix_denied_rows_raw9021,B_prefix_denied_rows_point_scalar82,B_prefix_denied_rows_held_target74,B_sampled_peak_abs_velocity_ratio,B_max_sampled_delta_qd_rad_s
92,0,True,False,0,1,False,False,False,False,False,False,False,0,10,1,3,0,12,0,2.0815534591674805,15.38756275177002,False,False,False,False,False,False,False,0,10,1,3,0,12,0,2.0895347595214844,15.4376859664917
93,1,True,False,3,2,False,False,False,False,True,False,False,0,12,6,0,12,12,0,5.841115951538086,18.220218658447266,False,False,False,False,True,False,False,0,12,6,0,12,12,0,5.843183517456055,22.21782875061035
94,2,True,False,4,5,False,False,False,False,True,False,False,0,12,12,0,12,12,0,7.33120059967041,42.538509368896484,False,False,False,False,True,False,False,0,12,12,0,12,12,0,29.378013610839844,270.8465270996094
95,3,True,False,7,6,False,False,False,False,True,False,False,0,11,12,5,12,12,0,13.630144119262695,141.17381286621094,False,False,False,False,True,False,False,0,11,12,5,12,12,0,13.62989330291748,141.17083740234375
96,0,False,False,8,9,False,False,False,False,True,False,False,0,12,12,0,12,12,0,27.472293853759766,166.30059814453125,False,False,False,False,True,False,False,0,12,12,0,12,12,0,26.6680965423584,160.5911865234375
97,1,False,False,11,10,False,False,False,False,True,False,False,0,12,12,4,12,12,0,8.82381820678711,79.18091583251953,False,False,False,False,True,False,False,0,12,12,4,12,12,0,8.624895095825195,79.23075103759766
98,2,False,False,12,13,False,False,False,False,True,False,False,0,4,12,0,12,12,0,5.491523742675781,36.197322845458984,False,False,False,False,True,False,False,0,4,12,0,12,12,0,5.491448879241943,36.196292877197266
99,3,False,False,15,14,False,False,False,False,True,False,False,0,3,1,0,12,12,0,1.8859177827835083,15.249835014343262,False,False,False,False,True,False,False,0,3,1,0,12,12,0,1.8858307600021362,15.249288558959961
100,0,False,False,16,17,False,False,False,False,True,False,False,0,12,12,0,12,12,0,44.995086669921875,278.409423828125,False,False,False,False,True,False,False,0,12,12,0,12,12,0,46.88765335083008,290.29473876953125
101,1,False,False,19,18,False,False,False,False,True,False,False,0,12,12,6,12,12,0,75.70195770263672,788.2523193359375,False,False,False,False,True,False,False,0,12,12,7,12,12,0,71.44095611572266,670.2423706054688
102,2,False,True,20,21,False,False,False,False,True,False,False,0,11,10,0,12,12,0,17.084341049194336,149.69692993164062,False,False,False,False,True,False,False,0,11,12,0,12,12,0,55.85895919799805,358.7362060546875
103,3,False,False,23,22,False,False,False,False,True,False,False,0,12,11,0,12,12,0,13.077736854553223,55.33474349975586,False,False,False,False,True,False,False,0,12,11,0,12,12,0,13.080161094665527,55.32360076904297
104,0,False,False,24,25,False,False,False,False,True,False,False,0,12,12,11,12,12,0,20.112022399902344,195.26406860351562,False,False,False,False,True,False,False,0,12,12,11,12,12,0,18.747432708740234,110.47258758544922
105,1,False,False,27,26,False,False,False,False,True,False,False,0,12,3,12,12,12,0,4.892233371734619,36.879798889160156,False,False,False,False,True,False,False,0,12,3,12,12,12,0,4.89221715927124,36.87969207763672
106,2,False,False,28,29,False,False,False,False,True,False,False,0,12,10,0,12,12,0,8.470330238342285,53.93959045410156,False,False,False,False,True,False,False,0,12,10,0,12,12,0,8.469857215881348,53.93641662597656
107,3,False,False,31,30,False,False,False,False,True,False,False,0,12,12,2,12,12,0,37.498783111572266,273.8094177246094,False,False,False,False,True,False,False,0,12,12,2,12,12,0,11.408616065979004,101.21532440185547
