micro,lane,proposal_id,side,comparable,nonfinite,hard74,velocity74,soft26,raw9021,point_scalar82,held_target74
0,0,92,A,False,False,False,False,False,False,False,False
0,1,92,B,False,False,False,False,False,False,False,False
0,2,93,B,False,False,False,False,False,True,False,False
0,3,93,A,False,False,False,False,False,True,False,False
0,4,94,A,False,False,False,False,False,True,False,False
0,5,94,B,False,False,False,False,False,True,False,False
0,6,95,B,False,False,False,False,False,True,False,False
0,7,95,A,False,False,False,False,False,True,False,False
0,8,96,A,False,False,False,False,False,True,False,False
0,9,96,B,False,False,False,False,False,True,False,False
0,10,97,B,False,False,False,False,False,True,False,False
0,11,97,A,False,False,False,False,False,True,False,False
0,12,98,A,False,False,False,False,False,True,False,False
0,13,98,B,False,False,False,False,False,True,False,False
0,14,99,B,False,False,False,False,False,True,False,False
0,15,99,A,False,False,False,False,False,True,False,False
0,16,100,A,False,False,False,False,False,True,False,False
0,17,100,B,False,False,False,False,False,True,False,False
0,18,101,B,False,False,False,False,False,True,False,False
0,19,101,A,False,False,False,False,False,True,False,False
0,20,102,A,True,False,False,False,False,True,False,False
0,21,102,B,True,False,False,False,False,True,False,False
0,22,103,B,False,False,False,False,False,True,False,False
0,23,103,A,False,False,False,False,False,True,False,False
0,24,104,A,False,False,False,False,False,True,False,False
0,25,104,B,False,False,False,False,False,True,False,False
0,26,105,B,False,False,False,False,False,True,False,False
0,27,105,A,False,False,False,False,False,True,False,False
0,28,106,A,False,False,False,False,False,True,False,False
0,29,106,B,False,False,False,False,False,True,False,False
0,30,107,B,False,False,False,False,False,True,False,False
0,31,107,A,False,False,False,False,False,True,False,False
1,0,92,A,False,False,True,True,True,False,True,False
1,1,92,B,False,False,True,True,True,False,True,False
1,2,93,B,False,False,True,True,False,True,True,False
1,3,93,A,False,False,True,True,False,True,True,False
1,4,94,A,False,False,True,True,False,True,True,False
1,5,94,B,False,False,True,True,False,True,True,False
1,6,95,B,False,False,False,True,False,True,True,False
1,7,95,A,False,False,False,True,False,True,True,False
1,8,96,A,False,False,True,True,False,True,True,False
1,9,96,B,False,False,True,True,False,True,True,False
1,10,97,B,False,False,True,True,False,True,True,False
1,11,97,A,False,False,True,True,False,True,True,False
1,12,98,A,False,False,False,True,False,True,True,False
1,13,98,B,False,False,False,True,False,True,True,False
1,14,99,B,False,False,False,True,False,True,True,False
1,15,99,A,False,False,False,True,False,True,True,False
1,16,100,A,False,False,True,True,False,True,True,False
1,17,100,B,False,False,True,True,False,True,True,False
1,18,101,B,False,False,True,True,False,True,True,False
1,19,101,A,False,False,True,True,False,True,True,False
1,20,102,A,True,False,False,True,False,True,True,False
1,21,102,B,True,False,False,True,False,True,True,False
1,22,103,B,False,False,True,True,False,True,True,False
1,23,103,A,False,False,True,True,False,True,True,False
1,24,104,A,False,False,True,True,False,True,True,False
1,25,104,B,False,False,True,True,False,True,True,False
1,26,105,B,False,False,True,True,True,True,True,False
1,27,105,A,False,False,True,True,True,True,True,False
1,28,106,A,False,False,True,True,False,True,True,False
1,29,106,B,False,False,True,True,False,True,True,False
1,30,107,B,False,False,True,True,False,True,True,False
1,31,107,A,False,False,True,True,False,True,True,False
2,0,92,A,False,False,True,False,True,False,True,False
2,1,92,B,False,False,True,False,True,False,True,False
2,2,93,B,False,False,True,True,False,True,True,False
2,3,93,A,False,False,True,True,False,True,True,False
2,4,94,A,False,False,True,True,False,True,True,False
2,5,94,B,False,False,True,True,False,True,True,False
2,6,95,B,False,False,True,True,True,True,True,False
2,7,95,A,False,False,True,True,True,True,True,False
2,8,96,A,False,False,True,True,False,True,True,False
2,9,96,B,False,False,True,True,False,True,True,False
2,10,97,B,False,False,True,True,False,True,True,False
2,11,97,A,False,False,True,True,False,True,True,False
2,12,98,A,False,False,True,True,False,True,True,False
2,13,98,B,False,False,True,True,False,True,True,False
2,14,99,B,False,False,False,False,False,True,True,False
2,15,99,A,False,False,False,False,False,True,True,False
2,16,100,A,False,False,True,True,False,True,True,False
2,17,100,B,False,False,True,True,False,True,True,False
2,18,101,B,False,False,True,True,False,True,True,False
2,19,101,A,False,False,True,True,False,True,True,False
2,20,102,A,True,False,True,True,False,True,True,False
2,21,102,B,True,False,True,True,False,True,True,False
2,22,103,B,False,False,True,True,False,True,True,False
2,23,103,A,False,False,True,True,False,True,True,False
2,24,104,A,False,False,True,True,True,True,True,False
2,25,104,B,False,False,True,True,True,True,True,False
2,26,105,B,False,False,True,True,True,True,True,False
2,27,105,A,False,False,True,True,True,True,True,False
2,28,106,A,False,False,True,True,False,True,True,False
2,29,106,B,False,False,True,True,False,True,True,False
2,30,107,B,False,False,True,True,False,True,True,False
2,31,107,A,False,False,True,True,False,True,True,False
3,0,92,A,False,False,True,False,True,False,True,False
3,1,92,B,False,False,True,False,True,False,True,False
3,2,93,B,False,False,True,True,False,True,True,False
3,3,93,A,False,False,True,True,False,True,True,False
3,4,94,A,False,False,True,True,False,True,True,False
3,5,94,B,False,False,True,True,False,True,True,False
3,6,95,B,False,False,True,True,True,True,True,False
3,7,95,A,False,False,True,True,True,True,True,False
3,8,96,A,False,False,True,True,False,True,True,False
3,9,96,B,False,False,True,True,False,True,True,False
3,10,97,B,False,False,True,True,False,True,True,False
3,11,97,A,False,False,True,True,False,True,True,False
3,12,98,A,False,False,False,True,False,True,True,False
3,13,98,B,False,False,False,True,False,True,True,False
3,14,99,B,False,False,True,False,False,True,True,False
3,15,99,A,False,False,True,False,False,True,True,False
3,16,100,A,False,False,True,True,False,True,True,False
3,17,100,B,False,False,True,True,False,True,True,False
3,18,101,B,False,False,True,True,False,True,True,False
3,19,101,A,False,False,True,True,False,True,True,False
3,20,102,A,True,False,True,True,False,True,True,False
3,21,102,B,True,False,True,True,False,True,True,False
3,22,103,B,False,False,True,True,False,True,True,False
3,23,103,A,False,False,True,True,False,True,True,False
3,24,104,A,False,False,True,True,True,True,True,False
3,25,104,B,False,False,True,True,True,True,True,False
3,26,105,B,False,False,True,True,True,True,True,False
3,27,105,A,False,False,True,True,True,True,True,False
3,28,106,A,False,False,True,True,False,True,True,False
3,29,106,B,False,False,True,True,False,True,True,False
3,30,107,B,False,False,True,True,False,True,True,False
3,31,107,A,False,False,True,True,False,True,True,False
4,0,92,A,False,False,True,False,False,False,True,False
4,1,92,B,False,False,True,False,False,False,True,False
4,2,93,B,False,False,True,True,False,True,True,False
4,3,93,A,False,False,True,True,False,True,True,False
4,4,94,A,False,False,True,True,False,True,True,False
4,5,94,B,False,False,True,True,False,True,True,False
4,6,95,B,False,False,True,True,True,True,True,False
4,7,95,A,False,False,True,True,True,True,True,False
4,8,96,A,False,False,True,True,False,True,True,False
4,9,96,B,False,False,True,True,False,True,True,False
4,10,97,B,False,False,True,True,False,True,True,False
4,11,97,A,False,False,True,True,False,True,True,False
4,12,98,A,False,False,True,True,False,True,True,False
4,13,98,B,False,False,True,True,False,True,True,False
4,14,99,B,False,False,False,False,False,True,True,False
4,15,99,A,False,False,False,False,False,True,True,False
4,16,100,A,False,False,True,True,False,True,True,False
4,17,100,B,False,False,True,True,False,True,True,False
4,18,101,B,False,False,True,True,True,True,True,False
4,19,101,A,False,False,True,True,True,True,True,False
4,20,102,A,True,False,True,True,False,True,True,False
4,21,102,B,True,False,True,True,False,True,True,False
4,22,103,B,False,False,True,False,False,True,True,False
4,23,103,A,False,False,True,False,False,True,True,False
4,24,104,A,False,False,True,True,True,True,True,False
4,25,104,B,False,False,True,True,True,True,True,False
4,26,105,B,False,False,True,False,True,True,True,False
4,27,105,A,False,False,True,False,True,True,True,False
4,28,106,A,False,False,True,True,False,True,True,False
4,29,106,B,False,False,True,True,False,True,True,False
4,30,107,B,False,False,True,True,False,True,True,False
4,31,107,A,False,False,True,True,False,True,True,False
5,0,92,A,False,False,True,False,False,False,True,False
5,1,92,B,False,False,True,False,False,False,True,False
5,2,93,B,False,False,True,True,False,True,True,False
5,3,93,A,False,False,True,True,False,True,True,False
5,4,94,A,False,False,True,True,False,True,True,False
5,5,94,B,False,False,True,True,False,True,True,False
5,6,95,B,False,False,True,True,False,True,True,False
5,7,95,A,False,False,True,True,False,True,True,False
5,8,96,A,False,False,True,True,False,True,True,False
5,9,96,B,False,False,True,True,False,True,True,False
5,10,97,B,False,False,True,True,False,True,True,False
5,11,97,A,False,False,True,True,False,True,True,False
5,12,98,A,False,False,False,True,False,True,True,False
5,13,98,B,False,False,False,True,False,True,True,False
5,14,99,B,False,False,False,False,False,True,True,False
5,15,99,A,False,False,False,False,False,True,True,False
5,16,100,A,False,False,True,True,False,True,True,False
5,17,100,B,False,False,True,True,False,True,True,False
5,18,101,B,False,False,True,True,True,True,True,False
5,19,101,A,False,False,True,True,True,True,True,False
5,20,102,A,True,False,True,False,False,True,True,False
5,21,102,B,True,False,True,True,False,True,True,False
5,22,103,B,False,False,True,True,False,True,True,False
5,23,103,A,False,False,True,True,False,True,True,False
5,24,104,A,False,False,True,True,True,True,True,False
5,25,104,B,False,False,True,True,True,True,True,False
5,26,105,B,False,False,True,False,True,True,True,False
5,27,105,A,False,False,True,False,True,True,True,False
5,28,106,A,False,False,True,True,False,True,True,False
5,29,106,B,False,False,True,True,False,True,True,False
5,30,107,B,False,False,True,True,False,True,True,False
5,31,107,A,False,False,True,True,False,True,True,False
6,0,92,A,False,False,True,False,False,False,True,False
6,1,92,B,False,False,True,False,False,False,True,False
6,2,93,B,False,False,True,True,False,True,True,False
6,3,93,A,False,False,True,True,False,True,True,False
6,4,94,A,False,False,True,True,False,True,True,False
6,5,94,B,False,False,True,True,False,True,True,False
6,6,95,B,False,False,True,True,False,True,True,False
6,7,95,A,False,False,True,True,False,True,True,False
6,8,96,A,False,False,True,True,False,True,True,False
6,9,96,B,False,False,True,True,False,True,True,False
6,10,97,B,False,False,True,True,True,True,True,False
6,11,97,A,False,False,True,True,True,True,True,False
6,12,98,A,False,False,False,True,False,True,True,False
6,13,98,B,False,False,False,True,False,True,True,False
6,14,99,B,False,False,True,False,False,True,True,False
6,15,99,A,False,False,True,False,False,True,True,False
6,16,100,A,False,False,True,True,False,True,True,False
6,17,100,B,False,False,True,True,False,True,True,False
6,18,101,B,False,False,True,True,True,True,True,False
6,19,101,A,False,False,True,True,True,True,True,False
6,20,102,A,True,False,True,False,False,True,True,False
6,21,102,B,True,False,True,True,False,True,True,False
6,22,103,B,False,False,True,True,False,True,True,False
6,23,103,A,False,False,True,True,False,True,True,False
6,24,104,A,False,False,True,True,True,True,True,False
6,25,104,B,False,False,True,True,True,True,True,False
6,26,105,B,False,False,True,False,True,True,True,False
6,27,105,A,False,False,True,False,True,True,True,False
6,28,106,A,False,False,True,True,False,True,True,False
6,29,106,B,False,False,True,True,False,True,True,False
6,30,107,B,False,False,True,True,False,True,True,False
6,31,107,A,False,False,True,True,False,True,True,False
7,0,92,A,False,False,True,False,False,False,True,False
7,1,92,B,False,False,True,False,False,False,True,False
7,2,93,B,False,False,True,False,False,True,True,False
7,3,93,A,False,False,True,False,False,True,True,False
7,4,94,A,False,False,True,True,False,True,True,False
7,5,94,B,False,False,True,True,False,True,True,False
7,6,95,B,False,False,True,True,False,True,True,False
7,7,95,A,False,False,True,True,False,True,True,False
7,8,96,A,False,False,True,True,False,True,True,False
7,9,96,B,False,False,True,True,False,True,True,False
7,10,97,B,False,False,True,True,True,True,True,False
7,11,97,A,False,False,True,True,True,True,True,False
7,12,98,A,False,False,False,True,False,True,True,False
7,13,98,B,False,False,False,True,False,True,True,False
7,14,99,B,False,False,True,False,False,True,True,False
7,15,99,A,False,False,True,False,False,True,True,False
7,16,100,A,False,False,True,True,False,True,True,False
7,17,100,B,False,False,True,True,False,True,True,False
7,18,101,B,False,False,True,True,True,True,True,False
7,19,101,A,False,False,True,True,True,True,True,False
7,20,102,A,True,False,True,True,False,True,True,False
7,21,102,B,True,False,True,True,False,True,True,False
7,22,103,B,False,False,True,True,False,True,True,False
7,23,103,A,False,False,True,True,False,True,True,False
7,24,104,A,False,False,True,True,True,True,True,False
7,25,104,B,False,False,True,True,True,True,True,False
7,26,105,B,False,False,True,False,True,True,True,False
7,27,105,A,False,False,True,False,True,True,True,False
7,28,106,A,False,False,True,True,False,True,True,False
7,29,106,B,False,False,True,True,False,True,True,False
7,30,107,B,False,False,True,True,False,True,True,False
7,31,107,A,False,False,True,True,False,True,True,False
8,0,92,A,False,False,True,False,False,False,True,False
8,1,92,B,False,False,True,False,False,False,True,False
8,2,93,B,False,False,True,False,False,True,True,False
8,3,93,A,False,False,True,False,False,True,True,False
8,4,94,A,False,False,True,True,False,True,True,False
8,5,94,B,False,False,True,True,False,True,True,False
8,6,95,B,False,False,True,True,False,True,True,False
8,7,95,A,False,False,True,True,False,True,True,False
8,8,96,A,False,False,True,True,False,True,True,False
8,9,96,B,False,False,True,True,False,True,True,False
8,10,97,B,False,False,True,True,True,True,True,False
8,11,97,A,False,False,True,True,True,True,True,False
8,12,98,A,False,False,False,True,False,True,True,False
8,13,98,B,False,False,False,True,False,True,True,False
8,14,99,B,False,False,False,False,False,True,True,False
8,15,99,A,False,False,False,False,False,True,True,False
8,16,100,A,False,False,True,True,False,True,True,False
8,17,100,B,False,False,True,True,False,True,True,False
8,18,101,B,False,False,True,True,True,True,True,False
8,19,101,A,False,False,True,True,True,True,True,False
8,20,102,A,True,False,True,True,False,True,True,False
8,21,102,B,True,False,True,True,False,True,True,False
8,22,103,B,False,False,True,True,False,True,True,False
8,23,103,A,False,False,True,True,False,True,True,False
8,24,104,A,False,False,True,True,True,True,True,False
8,25,104,B,False,False,True,True,True,True,True,False
8,26,105,B,False,False,True,False,True,True,True,False
8,27,105,A,False,False,True,False,True,True,True,False
8,28,106,A,False,False,True,True,False,True,True,False
8,29,106,B,False,False,True,True,False,True,True,False
8,30,107,B,False,False,True,True,False,True,True,False
8,31,107,A,False,False,True,True,False,True,True,False
9,0,92,A,False,False,True,False,False,False,True,False
9,1,92,B,False,False,True,False,False,False,True,False
9,2,93,B,False,False,True,False,False,True,True,False
9,3,93,A,False,False,True,False,False,True,True,False
9,4,94,A,False,False,True,True,False,True,True,False
9,5,94,B,False,False,True,True,False,True,True,False
9,6,95,B,False,False,True,True,False,True,True,False
9,7,95,A,False,False,True,True,False,True,True,False
9,8,96,A,False,False,True,True,False,True,True,False
9,9,96,B,False,False,True,True,False,True,True,False
9,10,97,B,False,False,True,True,True,True,True,False
9,11,97,A,False,False,True,True,True,True,True,False
9,12,98,A,False,False,True,True,False,True,True,False
9,13,98,B,False,False,True,True,False,True,True,False
9,14,99,B,False,False,False,False,False,True,True,False
9,15,99,A,False,False,False,False,False,True,True,False
9,16,100,A,False,False,True,True,False,True,True,False
9,17,100,B,False,False,True,True,False,True,True,False
9,18,101,B,False,False,True,True,True,True,True,False
9,19,101,A,False,False,True,True,True,True,True,False
9,20,102,A,True,False,True,True,False,True,True,False
9,21,102,B,True,False,True,True,False,True,True,False
9,22,103,B,False,False,True,True,False,True,True,False
9,23,103,A,False,False,True,True,False,True,True,False
9,24,104,A,False,False,True,True,True,True,True,False
9,25,104,B,False,False,True,True,True,True,True,False
9,26,105,B,False,False,True,False,True,True,True,False
9,27,105,A,False,False,True,False,True,True,True,False
9,28,106,A,False,False,True,True,False,True,True,False
9,29,106,B,False,False,True,True,False,True,True,False
9,30,107,B,False,False,True,True,False,True,True,False
9,31,107,A,False,False,True,True,False,True,True,False
10,0,92,A,False,False,True,False,False,False,True,False
10,1,92,B,False,False,True,False,False,False,True,False
10,2,93,B,False,False,True,False,False,True,True,False
10,3,93,A,False,False,True,False,False,True,True,False
10,4,94,A,False,False,True,True,False,True,True,False
10,5,94,B,False,False,True,True,False,True,True,False
10,6,95,B,False,False,True,True,False,True,True,False
10,7,95,A,False,False,True,True,False,True,True,False
10,8,96,A,False,False,True,True,False,True,True,False
10,9,96,B,False,False,True,True,False,True,True,False
10,10,97,B,False,False,True,True,False,True,True,False
10,11,97,A,False,False,True,True,False,True,True,False
10,12,98,A,False,False,False,True,False,True,True,False
10,13,98,B,False,False,False,True,False,True,True,False
10,14,99,B,False,False,False,False,False,True,True,False
10,15,99,A,False,False,False,False,False,True,True,False
10,16,100,A,False,False,True,True,False,True,True,False
10,17,100,B,False,False,True,True,False,True,True,False
10,18,101,B,False,False,True,True,False,True,True,False
10,19,101,A,False,False,True,True,False,True,True,False
10,20,102,A,True,False,True,True,False,True,True,False
10,21,102,B,True,False,True,True,False,True,True,False
10,22,103,B,False,False,True,True,False,True,True,False
10,23,103,A,False,False,True,True,False,True,True,False
10,24,104,A,False,False,True,True,True,True,True,False
10,25,104,B,False,False,True,True,True,True,True,False
10,26,105,B,False,False,True,False,True,True,True,False
10,27,105,A,False,False,True,False,True,True,True,False
10,28,106,A,False,False,True,True,False,True,True,False
10,29,106,B,False,False,True,True,False,True,True,False
10,30,107,B,False,False,True,True,False,True,True,False
10,31,107,A,False,False,True,True,False,True,True,False
11,0,92,A,False,False,False,False,False,False,True,False
11,1,92,B,False,False,False,False,False,False,True,False
11,2,93,B,False,False,True,False,False,True,True,False
11,3,93,A,False,False,True,False,False,True,True,False
11,4,94,A,False,False,True,True,False,True,True,False
11,5,94,B,False,False,True,True,False,True,True,False
11,6,95,B,False,False,True,True,True,True,True,False
11,7,95,A,False,False,True,True,True,True,True,False
11,8,96,A,False,False,True,True,False,True,True,False
11,9,96,B,False,False,True,True,False,True,True,False
11,10,97,B,False,False,True,True,False,True,True,False
11,11,97,A,False,False,True,True,False,True,True,False
11,12,98,A,False,False,True,True,False,True,True,False
11,13,98,B,False,False,True,True,False,True,True,False
11,14,99,B,False,False,False,False,False,True,True,False
11,15,99,A,False,False,False,False,False,True,True,False
11,16,100,A,False,False,True,True,False,True,True,False
11,17,100,B,False,False,True,True,False,True,True,False
11,18,101,B,False,False,True,True,True,True,True,False
11,19,101,A,False,False,True,True,False,True,True,False
11,20,102,A,True,False,True,True,False,True,True,False
11,21,102,B,True,False,True,True,False,True,True,False
11,22,103,B,False,False,True,True,False,True,True,False
11,23,103,A,False,False,True,True,False,True,True,False
11,24,104,A,False,False,True,True,True,True,True,False
11,25,104,B,False,False,True,True,True,True,True,False
11,26,105,B,False,False,True,False,True,True,True,False
11,27,105,A,False,False,True,False,True,True,True,False
11,28,106,A,False,False,True,False,False,True,True,False
11,29,106,B,False,False,True,False,False,True,True,False
11,30,107,B,False,False,True,True,True,True,True,False
11,31,107,A,False,False,True,True,True,True,True,False
12,0,92,A,False,False,False,False,False,False,True,False
12,1,92,B,False,False,False,False,False,False,True,False
12,2,93,B,False,False,True,False,False,True,True,False
12,3,93,A,False,False,True,False,False,True,True,False
12,4,94,A,False,False,True,True,False,True,True,False
12,5,94,B,False,False,True,True,False,True,True,False
12,6,95,B,False,False,True,True,True,True,True,False
12,7,95,A,False,False,True,True,True,True,True,False
12,8,96,A,False,False,True,True,False,True,True,False
12,9,96,B,False,False,True,True,False,True,True,False
12,10,97,B,False,False,True,True,False,True,True,False
12,11,97,A,False,False,True,True,False,True,True,False
12,12,98,A,False,False,False,True,False,True,True,False
12,13,98,B,False,False,False,True,False,True,True,False
12,14,99,B,False,False,False,False,False,True,True,False
12,15,99,A,False,False,False,False,False,True,True,False
12,16,100,A,False,False,True,True,False,True,True,False
12,17,100,B,False,False,True,True,False,True,True,False
12,18,101,B,False,False,True,True,False,True,True,False
12,19,101,A,False,False,True,True,False,True,True,False
12,20,102,A,True,False,True,True,False,True,True,False
12,21,102,B,True,False,True,True,False,True,True,False
12,22,103,B,False,False,True,True,False,True,True,False
12,23,103,A,False,False,True,True,False,True,True,False
12,24,104,A,False,False,True,True,True,True,True,False
12,25,104,B,False,False,True,True,True,True,True,False
12,26,105,B,False,False,True,False,True,True,True,False
12,27,105,A,False,False,True,False,True,True,True,False
12,28,106,A,False,False,True,False,False,True,True,False
12,29,106,B,False,False,True,False,False,True,True,False
12,30,107,B,False,False,True,True,True,True,True,False
12,31,107,A,False,False,True,True,True,True,True,False
