mode,command_seed,environment,full_mean_joint_span_percent,prefix_mean_joint_span_percent,full_joint_l1_path_rad,prefix_joint_l1_path_rad
admission_full,278060357,0,37.44819843572564,37.44819843572564,132.04806319996715,132.04806319996715
admission_full,278060357,1,41.95918853842574,41.95918853842574,142.7850318979472,142.7850318979472
admission_full,278060357,2,46.792757511766034,25.100094007167762,168.13246674090624,65.43980304896832
admission_full,278060357,3,35.49022239487002,35.49022239487002,110.45443750265986,110.45443750265986
admission_full,278060357,4,34.66831413204633,34.66831413204633,122.69109305460006,122.69109305460006
admission_full,278060357,5,44.67381945754921,44.67381945754921,166.71527947252616,166.71527947252616
admission_full,278060357,6,39.2819142315936,39.2819142315936,132.31350770872086,132.31350770872086
admission_full,278060357,7,44.052867111876076,38.81132667558415,138.7262210957706,105.07813268899918
admission_full,278060357,8,35.480737039272455,35.480737039272455,99.62341882102191,99.62341882102191
admission_full,278060357,9,47.112377211533236,47.112377211533236,158.30751997046173,158.30751997046173
admission_full,278060357,10,40.44218414579495,40.44218414579495,98.73909998685122,98.73909998685122
admission_full,278060357,11,31.576256391647235,31.576256391647235,82.2102818377316,82.2102818377316
admission_full,278060357,12,35.162727468101686,31.766471175942378,107.60410101246089,72.57894129958004
admission_full,278060357,13,42.052284863362665,42.052284863362665,149.01508074067533,149.01508074067533
admission_full,278060357,14,46.82302502155116,46.82302502155116,152.52853516303003,152.52853516303003
admission_full,278060357,15,37.37161910067777,24.281428312680546,93.52034541592002,51.16834366694093
admission_full,278060357,16,36.736710548876054,29.241848808229232,123.76853004400618,81.0719388476573
admission_full,278060357,17,36.83823619115893,36.83823619115893,99.67014125920832,99.67014125920832
admission_full,278060357,18,47.49456323241992,47.49456323241992,146.25093592563644,146.25093592563644
admission_full,278060357,19,40.250920415431835,40.250920415431835,118.60249125957489,118.60249125957489
admission_full,278060357,20,35.63686214107612,35.63686214107612,101.98617674224079,101.98617674224079
admission_full,278060357,21,45.03793607502959,45.03793607502959,136.72699669748545,136.72699669748545
admission_full,278060357,22,47.6789893242283,47.6789893242283,147.1926804408431,147.1926804408431
admission_full,278060357,23,49.29805296673703,49.29805296673703,173.03516630083323,173.03516630083323
admission_full,278060357,24,42.30956931183857,42.30956931183857,140.36356562376022,140.36356562376022
admission_full,278060357,25,36.81314945083315,32.33991017804959,130.41624053940177,84.34342021867633
admission_full,278060357,26,36.06026897990709,36.06026897990709,124.42097068578005,124.42097068578005
admission_full,278060357,27,47.26012355201593,47.26012355201593,124.06709806062281,124.06709806062281
admission_full,278060357,28,37.519181624409434,37.519181624409434,107.12313285691198,107.12313285691198
admission_full,278060357,29,44.106098959076945,44.106098959076945,160.18436104431748,160.18436104431748
admission_full,278060357,30,32.071422132502704,32.071422132502704,92.13873841613531,92.13873841613531
admission_full,278060357,31,39.19959181817999,39.19959181817999,125.69805489946157,125.69805489946157
admission_full,278060357,32,48.354452067221466,48.354452067221466,176.41165766958147,176.41165766958147
admission_full,278060357,33,39.66112335006958,39.66112335006958,110.25891941669397,110.25891941669397
admission_full,278060357,34,50.916321523513155,40.892618287373196,175.85702854814008,122.25352139445022
admission_full,278060357,35,32.995790858834596,32.995790858834596,87.32127705030143,87.32127705030143
admission_full,278060357,36,44.5961763088959,44.5961763088959,170.55518916994333,170.55518916994333
admission_full,278060357,37,40.03175107394249,31.11232280997155,116.0059164725244,71.024862870574
admission_full,278060357,38,46.19974299090905,21.423939696173807,156.4382210317999,42.48801803588867
admission_full,278060357,39,33.153573389341055,28.634485757297067,86.22524305433035,59.02764315903187
admission_full,278060357,40,34.706128097342585,34.706128097342585,95.81629674509168,95.81629674509168
admission_full,278060357,41,38.61171294825651,38.61171294825651,136.26789359841496,136.26789359841496
admission_full,278060357,42,30.525325676448517,30.525325676448517,103.93631624430418,103.93631624430418
admission_full,278060357,43,45.35780912814387,45.35780912814387,132.11133186332881,132.11133186332881
admission_full,278060357,44,40.18132880633977,26.673716577652552,139.85651879757643,63.51432613283396
admission_full,278060357,45,39.998407364639995,39.998407364639995,97.72216406464577,97.72216406464577
admission_full,278060357,46,28.034498308423956,28.034498308423956,60.59752392116934,60.59752392116934
admission_full,278060357,47,47.23766619527393,47.23766619527393,161.800987014547,161.800987014547
admission_full,278060357,48,44.995720488349846,44.995720488349846,113.85556367784739,113.85556367784739
admission_full,278060357,49,34.841429927592074,34.841429927592074,136.5756065249443,136.5756065249443
admission_full,278060357,50,40.12788389871124,40.12788389871124,93.2194222100079,93.2194222100079
admission_full,278060357,51,34.297757026446476,13.118320537191439,112.50413826107979,26.45844541490078
admission_full,278060357,52,37.658058964701205,37.658058964701205,114.01571016013622,114.01571016013622
admission_full,278060357,53,49.24127539101367,49.24127539101367,148.08790793269873,148.08790793269873
admission_full,278060357,54,35.18738676927872,35.18738676927872,109.27017920278013,109.27017920278013
admission_full,278060357,55,23.308635666609888,23.308635666609888,72.54511119425297,72.54511119425297
admission_full,278060357,56,41.32348040688708,41.32348040688708,96.74073268029315,96.74073268029315
admission_full,278060357,57,49.02163918675925,39.48633917617171,167.10685704625212,115.740487575531
admission_full,278060357,58,30.391892554821986,30.391892554821986,69.38020450249314,69.38020450249314
admission_full,278060357,59,42.15234432881477,7.501253562893117,134.06159913353622,14.445608139038086
admission_full,278060357,60,45.13872425144868,10.872727557877864,126.81158168241382,18.649339819326997
admission_full,278060357,61,38.701855245472736,19.253784189665126,117.49066521599889,39.19758039712906
admission_full,278060357,62,31.661472450949407,31.661472450949407,75.68130431324244,75.68130431324244
admission_full,278060357,63,51.39290213210062,51.39290213210062,145.35756998159923,145.35756998159923
admission_scaled_036,278060357,0,15.027343244658498,15.027343244658498,55.51456652581692,55.51456652581692
admission_scaled_036,278060357,1,23.997573297859315,23.997573297859315,69.33993787318468,69.33993787318468
admission_scaled_036,278060357,2,30.732386872224293,30.732386872224293,81.64522251673043,81.64522251673043
admission_scaled_036,278060357,3,19.096085424135232,19.096085424135232,51.45916898641735,51.45916898641735
admission_scaled_036,278060357,4,16.384558194706848,16.384558194706848,51.60985016822815,51.60985016822815
admission_scaled_036,278060357,5,20.831837571074974,20.831837571074974,72.08188976347446,72.08188976347446
admission_scaled_036,278060357,6,22.421731074979803,22.421731074979803,60.807750741019845,60.807750741019845
admission_scaled_036,278060357,7,28.066331327508472,28.066331327508472,78.4820454439614,78.4820454439614
admission_scaled_036,278060357,8,12.285884236814173,12.285884236814173,38.42585677281022,38.42585677281022
admission_scaled_036,278060357,9,27.981840878262044,27.981840878262044,67.78299136832356,67.78299136832356
admission_scaled_036,278060357,10,29.53423480037368,29.53423480037368,63.45871598273516,63.45871598273516
admission_scaled_036,278060357,11,22.026498239004955,22.026498239004955,45.43888937309384,45.43888937309384
admission_scaled_036,278060357,12,17.596412778488148,17.596412778488148,54.231602512300014,54.231602512300014
admission_scaled_036,278060357,13,28.776328860764345,28.776328860764345,74.08655345090665,74.08655345090665
admission_scaled_036,278060357,14,27.064055054390025,27.064055054390025,73.10976516082883,73.10976516082883
admission_scaled_036,278060357,15,23.247737277968945,23.247737277968945,47.48736170842312,47.48736170842312
admission_scaled_036,278060357,16,24.7885539107186,24.7885539107186,70.69068990461528,70.69068990461528
admission_scaled_036,278060357,17,23.12833601747781,23.12833601747781,50.552665159106255,50.552665159106255
admission_scaled_036,278060357,18,27.16983376210957,27.16983376210957,71.12543815467507,71.12543815467507
admission_scaled_036,278060357,19,21.347244706822643,21.347244706822643,55.973640628159046,55.973640628159046
admission_scaled_036,278060357,20,24.08924101978735,24.08924101978735,57.56991373072378,57.56991373072378
admission_scaled_036,278060357,21,24.676130668959065,24.676130668959065,64.692024089396,64.692024089396
admission_scaled_036,278060357,22,27.242345619658987,27.242345619658987,71.45846094191074,71.45846094191074
admission_scaled_036,278060357,23,30.312387217592544,30.312387217592544,92.23526173084974,92.23526173084974
admission_scaled_036,278060357,24,26.023279768323164,26.023279768323164,80.3844249388203,80.3844249388203
admission_scaled_036,278060357,25,23.44536276620531,23.44536276620531,73.87706251442432,73.87706251442432
admission_scaled_036,278060357,26,18.877866091334358,18.877866091334358,56.68174224719405,56.68174224719405
admission_scaled_036,278060357,27,28.15767510470899,28.15767510470899,68.87586493883282,68.87586493883282
admission_scaled_036,278060357,28,23.477356220948927,23.477356220948927,58.77332277595997,58.77332277595997
admission_scaled_036,278060357,29,25.803755439081264,25.803755439081264,79.11811209237203,79.11811209237203
admission_scaled_036,278060357,30,16.259669288224206,16.259669288224206,43.600032318383455,43.600032318383455
admission_scaled_036,278060357,31,29.078533631423102,29.078533631423102,87.10123565234244,87.10123565234244
admission_scaled_036,278060357,32,28.285812960658756,28.285812960658756,87.56134584918618,87.56134584918618
admission_scaled_036,278060357,33,22.063615099022016,12.173151565492967,49.25989148160443,26.38588508218527
admission_scaled_036,278060357,34,29.60198143591341,29.60198143591341,84.22884538746439,84.22884538746439
admission_scaled_036,278060357,35,19.636512973125196,19.636512973125196,51.66637361422181,51.66637361422181
admission_scaled_036,278060357,36,24.985939989180178,24.985939989180178,85.15766934584826,85.15766934584826
admission_scaled_036,278060357,37,25.957995042003883,25.957995042003883,62.60333059541881,62.60333059541881
admission_scaled_036,278060357,38,33.58895157858791,15.813258305745,87.01846349984407,27.669753205031157
admission_scaled_036,278060357,39,23.227133819594524,23.227133819594524,48.67328077694401,48.67328077694401
admission_scaled_036,278060357,40,18.396509796152746,18.396509796152746,42.37100760638714,42.37100760638714
admission_scaled_036,278060357,41,22.324891495400266,22.324891495400266,92.8579028127715,92.8579028127715
admission_scaled_036,278060357,42,19.078066211868904,7.233635855134385,59.90290192887187,18.000467490404844
admission_scaled_036,278060357,43,30.337439897012715,30.337439897012715,76.84170077554882,76.84170077554882
admission_scaled_036,278060357,44,28.21719518676468,28.21719518676468,76.65995943918824,76.65995943918824
admission_scaled_036,278060357,45,23.432311837059334,23.432311837059334,51.06313398480415,51.06313398480415
admission_scaled_036,278060357,46,17.16902576234277,17.16902576234277,35.939377311617136,35.939377311617136
admission_scaled_036,278060357,47,33.265965250013416,33.265965250013416,98.94517430802807,98.94517430802807
admission_scaled_036,278060357,48,28.112902815570685,28.112902815570685,61.96694118529558,61.96694118529558
admission_scaled_036,278060357,49,22.24833100235066,22.24833100235066,66.31634410843253,66.31634410843253
admission_scaled_036,278060357,50,27.3600584301077,27.3600584301077,54.04058504104614,54.04058504104614
admission_scaled_036,278060357,51,20.272922332315225,20.272922332315225,47.339355036616325,47.339355036616325
admission_scaled_036,278060357,52,25.21895803865229,25.21895803865229,63.887827664613724,63.887827664613724
admission_scaled_036,278060357,53,30.01113322263545,30.01113322263545,83.6311814847868,83.6311814847868
admission_scaled_036,278060357,54,19.2391075054896,19.2391075054896,52.127632037736475,52.127632037736475
admission_scaled_036,278060357,55,20.718664578100242,20.718664578100242,54.9113425463438,54.9113425463438
admission_scaled_036,278060357,56,27.084848916847008,27.084848916847008,59.86029401794076,59.86029401794076
admission_scaled_036,278060357,57,24.55051352526831,24.55051352526831,72.8961872458458,72.8961872458458
admission_scaled_036,278060357,58,20.12671938970271,20.12671938970271,36.22026093117893,36.22026093117893
admission_scaled_036,278060357,59,18.913294093789077,18.913294093789077,60.33565405011177,60.33565405011177
admission_scaled_036,278060357,60,25.630885935206223,25.630885935206223,63.72922848537564,63.72922848537564
admission_scaled_036,278060357,61,18.263627668858014,18.263627668858014,51.233204424381256,51.233204424381256
admission_scaled_036,278060357,62,23.432425398228894,23.432425398228894,58.14522601664066,58.14522601664066
admission_scaled_036,278060357,63,30.32707506114819,30.32707506114819,78.20601600408554,78.20601600408554
joint_reference,278060357,0,11.43171228641814,11.43171228641814,49.09908569790423,49.09908569790423
joint_reference,278060357,1,16.91713844801434,16.91713844801434,62.66283687390387,62.66283687390387
joint_reference,278060357,2,14.747710265489442,14.747710265489442,60.07681549154222,60.07681549154222
joint_reference,278060357,3,17.144124164921145,17.144124164921145,60.70794832799584,60.70794832799584
joint_reference,278060357,4,13.115840070402202,13.115840070402202,39.913717322051525,39.913717322051525
joint_reference,278060357,5,15.443365467001177,15.443365467001177,62.588334411382675,62.588334411382675
joint_reference,278060357,6,16.203496601793148,16.203496601793148,56.989165887236595,56.989165887236595
joint_reference,278060357,7,17.548691814994605,17.548691814994605,55.487273509847,55.487273509847
joint_reference,278060357,8,11.22588831326516,11.22588831326516,37.91285051498562,37.91285051498562
joint_reference,278060357,9,19.15393677665282,19.15393677665282,60.480118326842785,60.480118326842785
joint_reference,278060357,10,15.677352089464506,15.677352089464506,37.68672498315573,37.68672498315573
joint_reference,278060357,11,15.02222922268609,15.02222922268609,39.74825222417712,39.74825222417712
joint_reference,278060357,12,15.170883945123798,3.4277278587316538,53.6451029330492,7.574650913476944
joint_reference,278060357,13,17.54450592786733,17.54450592786733,54.39313560840674,54.39313560840674
joint_reference,278060357,14,15.485058447308885,15.485058447308885,58.99758463911712,58.99758463911712
joint_reference,278060357,15,13.091718594881177,13.091718594881177,29.63379044109024,29.63379044109024
joint_reference,278060357,16,15.122281337359395,15.122281337359395,46.4664422115311,46.4664422115311
joint_reference,278060357,17,16.31692671710313,16.31692671710313,44.48407598212361,44.48407598212361
joint_reference,278060357,18,18.702130951032537,18.702130951032537,65.58193131536245,65.58193131536245
joint_reference,278060357,19,18.80311017706961,18.80311017706961,58.78814613074064,58.78814613074064
joint_reference,278060357,20,16.939355290229752,16.939355290229752,51.848941443488,51.848941443488
joint_reference,278060357,21,13.48759299979857,13.032581895355271,40.534199972171336,36.258624820038676
joint_reference,278060357,22,18.805168856106125,18.805168856106125,65.39581539388746,65.39581539388746
joint_reference,278060357,23,16.843576245619502,16.843576245619502,65.92237838909205,65.92237838909205
joint_reference,278060357,24,17.72049509418409,17.72049509418409,62.27664100844413,62.27664100844413
joint_reference,278060357,25,19.89445610127965,19.89445610127965,68.95761048793793,68.95761048793793
joint_reference,278060357,26,15.814282849087613,15.814282849087613,63.30491644889116,63.30491644889116
joint_reference,278060357,27,18.231628126163983,18.231628126163983,49.024104866199195,49.024104866199195
joint_reference,278060357,28,12.415842680011464,12.415842680011464,33.75070824846625,33.75070824846625
joint_reference,278060357,29,16.02723298028493,16.02723298028493,52.99449415039271,52.99449415039271
joint_reference,278060357,30,11.754463337374768,11.754463337374768,34.823839612305164,34.823839612305164
joint_reference,278060357,31,16.690411582845755,16.690411582845755,55.30295881908387,55.30295881908387
joint_reference,278060357,32,16.775056488388042,5.300118768420457,60.10617619007826,14.150963377207518
joint_reference,278060357,33,17.156948740485845,17.156948740485845,40.3908628821373,40.3908628821373
joint_reference,278060357,34,16.431010951857324,15.794642217954166,58.31952959578484,56.18686604592949
joint_reference,278060357,35,14.539104209351288,14.539104209351288,38.54352384060621,38.54352384060621
joint_reference,278060357,36,17.30863540294899,17.171672265492624,55.13323036301881,53.03449481073767
joint_reference,278060357,37,18.09483994166325,18.09483994166325,47.410236133262515,47.410236133262515
joint_reference,278060357,38,14.562813521026438,1.944262566444399,52.54450464062393,3.5319479815661907
joint_reference,278060357,39,15.580000714539574,15.580000714539574,43.67385979555547,43.67385979555547
joint_reference,278060357,40,13.124183863221003,13.124183863221003,39.276796869933605,39.276796869933605
joint_reference,278060357,41,15.130714563820682,15.130714563820682,46.523945021326654,46.523945021326654
joint_reference,278060357,42,17.265790418505297,17.265790418505297,60.538570776581764,60.538570776581764
joint_reference,278060357,43,19.41883078796131,19.41883078796131,53.83703609928489,53.83703609928489
joint_reference,278060357,44,15.804854953374678,15.804854953374678,53.3888566782698,53.3888566782698
joint_reference,278060357,45,13.942597272586477,13.942597272586477,33.481945167761296,33.481945167761296
joint_reference,278060357,46,18.580556079617907,18.580556079617907,42.34914886020124,42.34914886020124
joint_reference,278060357,47,19.217305659473347,2.9832904087733367,66.1772987768054,6.255908887833357
joint_reference,278060357,48,12.99416505689677,12.99416505689677,41.2002943828702,41.2002943828702
joint_reference,278060357,49,12.444229305850756,12.444229305850756,50.287459917366505,50.287459917366505
joint_reference,278060357,50,15.290948566204815,15.290948566204815,41.094193464145064,41.094193464145064
joint_reference,278060357,51,13.82040089714133,13.82040089714133,41.4978999402374,41.4978999402374
joint_reference,278060357,52,15.787565874106146,15.787565874106146,44.221827410161495,44.221827410161495
joint_reference,278060357,53,17.35090090829134,17.35090090829134,61.66279161721468,61.66279161721468
joint_reference,278060357,54,14.007836244605137,14.007836244605137,54.65589948464185,54.65589948464185
joint_reference,278060357,55,15.803215784755823,15.803215784755823,54.68199269473553,54.68199269473553
joint_reference,278060357,56,16.547731537795116,16.547731537795116,45.61495794868097,45.61495794868097
joint_reference,278060357,57,15.830961360701195,15.830961360701195,58.40494070574641,58.40494070574641
joint_reference,278060357,58,12.514501076876202,12.514501076876202,27.223318700678647,27.223318700678647
joint_reference,278060357,59,11.254163327727579,11.254163327727579,41.25988630950451,41.25988630950451
joint_reference,278060357,60,13.797147441549862,8.505532389672664,43.256084144697525,20.488199767656624
joint_reference,278060357,61,13.5084035604798,13.5084035604798,44.711240250617266,44.711240250617266
joint_reference,278060357,62,15.880841186312015,15.880841186312015,44.22498781234026,44.22498781234026
joint_reference,278060357,63,17.45262180876335,5.751036228336099,53.15866204351187,10.9265695810318
joint_repair,278060357,0,11.379575325609467,11.379575325609467,49.226465275511146,49.226465275511146
joint_repair,278060357,1,16.91680213245656,16.91680213245656,62.662213096395135,62.662213096395135
joint_repair,278060357,2,14.487571211078269,14.487571211078269,57.5039089191705,57.5039089191705
joint_repair,278060357,3,17.144124164921145,17.144124164921145,60.70794832799584,60.70794832799584
joint_repair,278060357,4,13.067942895861654,13.067942895861654,39.26248439401388,39.26248439401388
joint_repair,278060357,5,15.387269243647655,15.387269243647655,61.830866342410445,61.830866342410445
joint_repair,278060357,6,16.203584087302097,16.203584087302097,56.989531859755516,56.989531859755516
joint_repair,278060357,7,17.581566900284574,17.581566900284574,56.2757568533998,56.2757568533998
joint_repair,278060357,8,7.983106906597065,7.983106906597065,28.100854940712452,28.100854940712452
joint_repair,278060357,9,19.180465605578128,19.180465605578128,60.6313516581431,60.6313516581431
joint_repair,278060357,10,15.876852311639192,15.876852311639192,38.63799746148288,38.63799746148288
joint_repair,278060357,11,15.111129930068323,15.111129930068323,39.84727964363992,39.84727964363992
joint_repair,278060357,12,15.293760306992002,3.3980688118182028,55.802438193466514,7.668436869978905
joint_repair,278060357,13,17.544513047083182,17.544513047083182,54.39318474053289,54.39318474053289
joint_repair,278060357,14,15.491544259568983,15.491544259568983,59.10328525863588,59.10328525863588
joint_repair,278060357,15,13.091903779839337,13.091903779839337,29.634688802296296,29.634688802296296
joint_repair,278060357,16,15.146684665625218,15.146684665625218,46.39602280780673,46.39602280780673
joint_repair,278060357,17,15.842824986928722,4.147312418168,44.757846634835005,8.081630159169436
joint_repair,278060357,18,18.69975548099367,18.69975548099367,65.57017897814512,65.57017897814512
joint_repair,278060357,19,19.543412685610488,8.993058752743641,60.933563482016325,22.457011342048645
joint_repair,278060357,20,15.414206782028225,15.414206782028225,48.30059598572552,48.30059598572552
joint_repair,278060357,21,14.78906281104902,14.78906281104902,47.32819744152948,47.32819744152948
joint_repair,278060357,22,18.812473530232843,18.812473530232843,65.5893814144656,65.5893814144656
joint_repair,278060357,23,16.842712214855567,16.842712214855567,65.93456657037314,65.93456657037314
joint_repair,278060357,24,17.57845403028041,17.57845403028041,63.55251609534025,63.55251609534025
joint_repair,278060357,25,19.880454478394643,19.880454478394643,68.99958908557892,68.99958908557892
joint_repair,278060357,26,15.813441750377613,15.813441750377613,63.29324969276786,63.29324969276786
joint_repair,278060357,27,18.352392129342302,18.352392129342302,49.46690736990422,49.46690736990422
joint_repair,278060357,28,12.174588357806876,12.174588357806876,34.247729724273086,34.247729724273086
joint_repair,278060357,29,16.126586745172418,16.126586745172418,51.97564096748829,51.97564096748829
joint_repair,278060357,30,11.75947271277206,11.75947271277206,34.87586531043053,34.87586531043053
joint_repair,278060357,31,16.671638715875112,16.671638715875112,55.41063587088138,55.41063587088138
joint_repair,278060357,32,16.575786798391427,4.7671880946966665,57.09967178944498,13.32088155951351
joint_repair,278060357,33,16.89792637316617,16.89792637316617,40.51413522101939,40.51413522101939
joint_repair,278060357,34,16.08888935364419,15.48469590414954,54.10992586193606,51.985026116948575
joint_repair,278060357,35,14.539108377882759,14.539108377882759,38.543551079928875,38.543551079928875
joint_repair,278060357,36,16.790531715142887,16.790531715142887,55.40909261442721,55.40909261442721
joint_repair,278060357,37,18.09483994166325,18.09483994166325,47.410236133262515,47.410236133262515
joint_repair,278060357,38,14.503226195916127,2.000670885178742,52.85601327102631,3.909899551421404
joint_repair,278060357,39,15.710509477402528,15.710509477402528,44.64247667230666,44.64247667230666
joint_repair,278060357,40,12.67447165817753,12.67447165817753,37.86389283835888,37.86389283835888
joint_repair,278060357,41,15.938773880696019,15.938773880696019,58.96123351727147,58.96123351727147
joint_repair,278060357,42,17.095331702224204,17.095331702224204,60.226454524323344,60.226454524323344
joint_repair,278060357,43,19.673277157268547,19.649699911044767,58.12444930523634,57.98065749555826
joint_repair,278060357,44,15.834846277578418,15.834846277578418,53.66661147214472,53.66661147214472
joint_repair,278060357,45,14.247842238828893,14.247842238828893,33.61526844277978,33.61526844277978
joint_repair,278060357,46,18.580587210771736,18.580587210771736,42.34910928271711,42.34910928271711
joint_repair,278060357,47,19.131685937875837,2.939678745400591,66.9561862219125,6.173681512475014
joint_repair,278060357,48,12.663951245270729,12.663951245270729,40.30670727044344,40.30670727044344
joint_repair,278060357,49,12.674134895399714,12.674134895399714,51.72313793748617,51.72313793748617
joint_repair,278060357,50,15.291955148691397,15.291955148691397,41.09599141590297,41.09599141590297
joint_repair,278060357,51,15.034793122945226,15.034793122945226,44.58254015445709,44.58254015445709
joint_repair,278060357,52,15.776886990391374,15.776886990391374,44.26854684203863,44.26854684203863
joint_repair,278060357,53,17.42280435455076,17.42280435455076,61.87482725456357,61.87482725456357
joint_repair,278060357,54,14.02734263798074,14.02734263798074,54.67094388976693,54.67094388976693
joint_repair,278060357,55,15.784817511207155,15.784817511207155,54.7375373095274,54.7375373095274
joint_repair,278060357,56,16.547731537795116,16.547731537795116,45.61495794868097,45.61495794868097
joint_repair,278060357,57,15.857522884322467,15.857522884322467,58.42492758855224,58.42492758855224
joint_repair,278060357,58,12.523113803837035,12.523113803837035,27.33817228768021,27.33817228768021
joint_repair,278060357,59,11.253608301900853,11.253608301900853,41.26324109733105,41.26324109733105
joint_repair,278060357,60,13.960165886440265,8.505254001094047,42.898734484100714,20.49321481306106
joint_repair,278060357,61,13.419061770690297,13.419061770690297,44.0162639208138,44.0162639208138
joint_repair,278060357,62,15.815333987398908,15.815333987398908,44.1062892600894,44.1062892600894
joint_repair,278060357,63,18.856198774031473,5.628031111884047,64.56554571539164,11.250727787613869
admission_full,973625877,0,46.98093707299261,46.98093707299261,170.7137454673648,170.7137454673648
admission_full,973625877,1,47.5934658123465,28.74215608913351,168.61995291896164,70.00588354840875
admission_full,973625877,2,47.75261640749492,47.75261640749492,144.30259858979844,144.30259858979844
admission_full,973625877,3,46.36365875473539,38.93915389175659,143.85934868454933,109.85020852088928
admission_full,973625877,4,40.89296768347317,40.89296768347317,127.4732305854559,127.4732305854559
admission_full,973625877,5,45.32262149116267,25.733415051870768,166.72757541574538,56.51696020178497
admission_full,973625877,6,40.35766221483772,25.11751132543757,161.26742853224277,62.63551311939955
admission_full,973625877,7,50.279767270783736,50.279767270783736,157.6391306873411,157.6391306873411
admission_full,973625877,8,48.75555316704597,48.75555316704597,149.51408172398806,149.51408172398806
admission_full,973625877,9,52.0978942158288,52.0978942158288,197.39989531040192,197.39989531040192
admission_full,973625877,10,37.883447742183755,36.79081345592001,129.18380202166736,122.52410153858364
admission_full,973625877,11,37.829145433712405,37.829145433712405,119.06631460785866,119.06631460785866
admission_full,973625877,12,40.66834858641076,40.66834858641076,138.45425155200064,138.45425155200064
admission_full,973625877,13,46.78409459588386,37.82534568559254,163.11285990301985,106.6056416091742
admission_full,973625877,14,28.061262706852748,28.061262706852748,106.46003624331206,106.46003624331206
admission_full,973625877,15,48.270936630387254,48.270936630387254,145.57849127799273,145.57849127799273
admission_full,973625877,16,47.08096760977837,47.08096760977837,129.63659525010735,129.63659525010735
admission_full,973625877,17,40.36275474289536,3.5857338183016383,137.22512961551547,8.382542736828327
admission_full,973625877,18,41.53297210796234,10.571832823272796,131.32834324240685,15.70121394842863
admission_full,973625877,19,41.12555081323675,41.12555081323675,125.35787777230144,125.35787777230144
admission_full,973625877,20,44.927861273204954,5.9636647076764335,136.09684897959232,11.541637048125267
admission_full,973625877,21,42.179080751658454,42.179080751658454,137.09641464462038,137.09641464462038
admission_full,973625877,22,40.16242179517987,35.036323362545716,137.27221386879683,96.78757381811738
admission_full,973625877,23,39.55522906315091,39.55522906315091,111.4812997491099,111.4812997491099
admission_full,973625877,24,43.82704239473581,43.82704239473581,137.18061334639788,137.18061334639788
admission_full,973625877,25,43.864126246766325,43.864126246766325,159.61771851265803,159.61771851265803
admission_full,973625877,26,31.839162563757274,31.839162563757274,104.87975861877203,104.87975861877203
admission_full,973625877,27,39.218343515037155,12.483018327184766,127.31699533760548,21.11594943702221
admission_full,973625877,28,38.95681192560876,38.95681192560876,120.7622688235715,120.7622688235715
admission_full,973625877,29,48.722744328680456,48.722744328680456,160.33746895659715,160.33746895659715
admission_full,973625877,30,29.43465490800095,3.299780183364963,77.13577572628856,7.9586859084665775
admission_full,973625877,31,38.7461337547348,38.7461337547348,100.51557408832014,100.51557408832014
admission_full,973625877,32,36.589948522242196,36.589948522242196,126.25160745717585,126.25160745717585
admission_full,973625877,33,37.6760452942869,37.6760452942869,108.6692010127008,108.6692010127008
admission_full,973625877,34,43.53681250142864,43.53681250142864,140.17689964175224,140.17689964175224
admission_full,973625877,35,39.07423165103117,39.07423165103117,127.39881772734225,127.39881772734225
admission_full,973625877,36,36.0779193725862,36.0779193725862,115.36404307512566,115.36404307512566
admission_full,973625877,37,41.45226469735703,33.10259303081733,139.5790859684348,92.83492060750723
admission_full,973625877,38,47.601978535623836,47.601978535623836,161.8211036878638,161.8211036878638
admission_full,973625877,39,45.15001064018573,5.3705395993771585,148.25313217751682,8.714983558049425
admission_full,973625877,40,37.59943469517038,10.840324414610631,108.94748485204764,14.48425543680787
admission_full,973625877,41,46.6496001924037,46.6496001924037,138.6240265518427,138.6240265518427
admission_full,973625877,42,37.935681261377205,37.935681261377205,113.1728787664324,113.1728787664324
admission_full,973625877,43,45.12839936191236,45.12839936191236,146.4889796031639,146.4889796031639
admission_full,973625877,44,44.251286526632654,44.251286526632654,142.0091074258089,142.0091074258089
admission_full,973625877,45,42.13110522416847,35.67951682872403,133.36210326105356,94.31445034593344
admission_full,973625877,46,40.418524458951005,40.418524458951005,128.65284653380513,128.65284653380513
admission_full,973625877,47,34.79658574539201,34.79658574539201,116.66371669492219,116.66371669492219
admission_full,973625877,48,29.305624973266436,12.236434251029959,76.63061235845089,21.876027837395668
admission_full,973625877,49,26.35830618505363,26.35830618505363,67.8596152216196,67.8596152216196
admission_full,973625877,50,40.09467345673664,35.041500960114874,130.81127257086337,80.68247985839844
admission_full,973625877,51,43.13171810136108,43.13171810136108,137.0450883996673,137.0450883996673
admission_full,973625877,52,28.778690571139453,28.778690571139453,87.39154469966888,87.39154469966888
admission_full,973625877,53,34.61786130038455,34.61786130038455,84.41808804869652,84.41808804869652
admission_full,973625877,54,51.001760984043365,41.83934067316057,168.11290872097015,117.09867638349533
admission_full,973625877,55,39.745017364722614,39.745017364722614,122.14968922920525,122.14968922920525
admission_full,973625877,56,26.528955331973336,26.528955331973336,68.59395924210548,68.59395924210548
admission_full,973625877,57,35.265330314537124,35.265330314537124,101.63793584704399,101.63793584704399
admission_full,973625877,58,34.051996761995476,34.051996761995476,98.56094236392528,98.56094236392528
admission_full,973625877,59,39.630359110588046,5.007114165030592,108.84946258366108,9.338451040908694
admission_full,973625877,60,41.79021676159715,41.79021676159715,131.142452403903,131.142452403903
admission_full,973625877,61,39.04420641923636,39.04420641923636,99.82142081204802,99.82142081204802
admission_full,973625877,62,43.34342334652634,43.34342334652634,119.04285006970167,119.04285006970167
admission_full,973625877,63,38.152297320920596,34.83363900370208,137.22818522900343,100.17800302058458
admission_scaled_036,973625877,0,31.949151186520698,31.11241449433037,92.69839970953763,83.89878953434527
admission_scaled_036,973625877,1,33.669806433864366,33.669806433864366,97.37158134952188,97.37158134952188
admission_scaled_036,973625877,2,18.625750187591898,18.625750187591898,55.09413830935955,55.09413830935955
admission_scaled_036,973625877,3,32.8415614653872,31.41959466210572,82.66988561721519,74.0146518764086
admission_scaled_036,973625877,4,20.508916900773492,20.508916900773492,61.84245137125254,61.84245137125254
admission_scaled_036,973625877,5,24.202254862168164,24.202254862168164,72.81870229914784,72.81870229914784
admission_scaled_036,973625877,6,25.60861805409337,25.60861805409337,84.31681792065501,84.31681792065501
admission_scaled_036,973625877,7,23.996883825054518,23.996883825054518,65.25046991556883,65.25046991556883
admission_scaled_036,973625877,8,32.68623176649322,32.68623176649322,73.62674312386662,73.62674312386662
admission_scaled_036,973625877,9,29.34409859582606,29.34409859582606,89.81812502164394,89.81812502164394
admission_scaled_036,973625877,10,22.031096530055184,22.031096530055184,65.54192623123527,65.54192623123527
admission_scaled_036,973625877,11,19.97308975885404,19.97308975885404,47.14221401698887,47.14221401698887
admission_scaled_036,973625877,12,26.414567269441235,26.414567269441235,70.8294882811606,70.8294882811606
admission_scaled_036,973625877,13,28.94322197923359,28.94322197923359,87.35419653728604,87.35419653728604
admission_scaled_036,973625877,14,16.56707122484508,16.56707122484508,53.29470461513847,53.29470461513847
admission_scaled_036,973625877,15,26.36656521902215,26.36656521902215,66.5407957052812,66.5407957052812
admission_scaled_036,973625877,16,28.925310238768926,28.925310238768926,70.48762953002006,70.48762953002006
admission_scaled_036,973625877,17,23.076244147145307,4.545416887280898,69.05028364062309,9.567538730800152
admission_scaled_036,973625877,18,25.489484935339807,25.489484935339807,66.98025635629892,66.98025635629892
admission_scaled_036,973625877,19,27.162240209669662,27.162240209669662,75.01719203591347,75.01719203591347
admission_scaled_036,973625877,20,26.452897352219868,26.452897352219868,74.297766815871,74.297766815871
admission_scaled_036,973625877,21,26.62935623100942,26.62935623100942,75.23012157948688,75.23012157948688
admission_scaled_036,973625877,22,26.871885914548432,26.871885914548432,82.45213814638555,82.45213814638555
admission_scaled_036,973625877,23,27.8348271115794,27.8348271115794,65.53654277697206,65.53654277697206
admission_scaled_036,973625877,24,29.93968200650382,29.93968200650382,85.03310657292604,85.03310657292604
admission_scaled_036,973625877,25,27.675482244621296,27.675482244621296,77.81561324745417,77.81561324745417
admission_scaled_036,973625877,26,21.549436730042647,21.549436730042647,67.72328608110547,67.72328608110547
admission_scaled_036,973625877,27,28.01717565536047,28.01717565536047,80.69878576509655,80.69878576509655
admission_scaled_036,973625877,28,26.514312617651996,26.514312617651996,66.46702620535507,66.46702620535507
admission_scaled_036,973625877,29,29.627688703592337,29.627688703592337,82.55540460068733,82.55540460068733
admission_scaled_036,973625877,30,17.222740733746814,3.00052293159068,48.74483644962311,8.114212902262807
admission_scaled_036,973625877,31,22.403450755522357,22.403450755522357,46.973848146386445,46.973848146386445
admission_scaled_036,973625877,32,21.59023266675895,21.59023266675895,57.2818616356235,57.2818616356235
admission_scaled_036,973625877,33,26.132035380278314,26.132035380278314,60.729839116334915,60.729839116334915
admission_scaled_036,973625877,34,24.492635681998095,24.492635681998095,74.12380016577663,74.12380016577663
admission_scaled_036,973625877,35,22.362665859665867,22.362665859665867,58.95136951288441,58.95136951288441
admission_scaled_036,973625877,36,21.226594752962328,21.226594752962328,63.601179068908095,63.601179068908095
admission_scaled_036,973625877,37,28.22348530421438,28.22348530421438,77.35152853652835,77.35152853652835
admission_scaled_036,973625877,38,27.848193745535404,27.848193745535404,80.81924732588232,80.81924732588232
admission_scaled_036,973625877,39,28.647756927563528,19.882389924152548,80.76474880054593,46.01945587992668
admission_scaled_036,973625877,40,27.07142189994923,27.07142189994923,64.75927106384188,64.75927106384188
admission_scaled_036,973625877,41,25.202665662030483,25.202665662030483,67.27024143468589,67.27024143468589
admission_scaled_036,973625877,42,25.40230697026558,25.40230697026558,63.48436726722866,63.48436726722866
admission_scaled_036,973625877,43,21.37384772012212,21.37384772012212,64.58433572761714,64.58433572761714
admission_scaled_036,973625877,44,24.144754683403317,24.144754683403317,71.08114749845117,71.08114749845117
admission_scaled_036,973625877,45,28.502865762766934,28.502865762766934,71.91505551338196,71.91505551338196
admission_scaled_036,973625877,46,20.40518573456246,20.40518573456246,59.74852908030152,59.74852908030152
admission_scaled_036,973625877,47,25.40379671078664,25.40379671078664,75.04379572963808,75.04379572963808
admission_scaled_036,973625877,48,20.531120771164062,20.531120771164062,47.9016350582242,47.9016350582242
admission_scaled_036,973625877,49,19.533962493571593,19.533962493571593,42.35171760991216,42.35171760991216
admission_scaled_036,973625877,50,23.579185335660583,23.579185335660583,68.25599643588066,68.25599643588066
admission_scaled_036,973625877,51,24.47344839313631,24.47344839313631,67.91484155878425,67.91484155878425
admission_scaled_036,973625877,52,15.986236026991033,15.986236026991033,43.53164530545473,43.53164530545473
admission_scaled_036,973625877,53,21.75697053497045,21.75697053497045,48.31505189649761,48.31505189649761
admission_scaled_036,973625877,54,31.039664651024996,31.039664651024996,83.88703073293436,83.88703073293436
admission_scaled_036,973625877,55,21.63926351756143,21.63926351756143,59.27386529557407,59.27386529557407
admission_scaled_036,973625877,56,16.82140502564083,16.82140502564083,49.99721156805754,49.99721156805754
admission_scaled_036,973625877,57,24.074647347012945,24.074647347012945,61.255544520914555,61.255544520914555
admission_scaled_036,973625877,58,20.73499412093754,20.73499412093754,50.386102721095085,50.386102721095085
admission_scaled_036,973625877,59,26.61175620283472,26.61175620283472,56.86853615567088,56.86853615567088
admission_scaled_036,973625877,60,26.87315241412892,26.87315241412892,71.03683713078499,71.03683713078499
admission_scaled_036,973625877,61,25.716839178322793,25.716839178322793,60.274447188246995,60.274447188246995
admission_scaled_036,973625877,62,27.715196711926733,27.715196711926733,65.31229780730791,65.31229780730791
admission_scaled_036,973625877,63,23.241041822566615,23.241041822566615,67.10666574910283,67.10666574910283
joint_reference,973625877,0,15.824758703018665,15.824758703018665,51.57761410344392,51.57761410344392
joint_reference,973625877,1,18.452147189056152,17.692598198944715,68.42988384421915,63.97636754065752
joint_reference,973625877,2,17.40867548173676,17.40867548173676,60.76407645829022,60.76407645829022
joint_reference,973625877,3,20.121871019944802,20.121871019944802,66.30545226484537,66.30545226484537
joint_reference,973625877,4,15.540738097213499,15.540738097213499,54.393680709414184,54.393680709414184
joint_reference,973625877,5,15.710853601853339,15.710853601853339,60.43356857053004,60.43356857053004
joint_reference,973625877,6,17.17819512204291,17.17819512204291,63.26740411110222,63.26740411110222
joint_reference,973625877,7,15.194630584318155,15.194630584318155,47.302767030894756,47.302767030894756
joint_reference,973625877,8,16.21949939010007,16.21949939010007,46.39189017796889,46.39189017796889
joint_reference,973625877,9,18.008320495824197,18.008320495824197,65.5981421340257,65.5981421340257
joint_reference,973625877,10,17.239312446480717,17.239312446480717,59.96872293576598,59.96872293576598
joint_reference,973625877,11,12.938903016421918,12.938903016421918,37.256384525448084,37.256384525448084
joint_reference,973625877,12,18.18224989025892,18.18224989025892,62.15475055389106,62.15475055389106
joint_reference,973625877,13,15.522270397842378,10.808275359983847,56.89059905172326,31.02647483185865
joint_reference,973625877,14,12.914189371675599,12.914189371675599,47.04025482200086,47.04025482200086
joint_reference,973625877,15,15.997508227051288,15.997508227051288,48.387249185703695,48.387249185703695
joint_reference,973625877,16,19.104300617991544,19.104300617991544,58.18895030859858,58.18895030859858
joint_reference,973625877,17,15.005788254450755,2.0567845994852725,52.84991772915237,4.5359476283192635
joint_reference,973625877,18,14.469369884083527,14.469369884083527,46.21589775849134,46.21589775849134
joint_reference,973625877,19,15.912258030827338,15.912258030827338,53.12870786420535,53.12870786420535
joint_reference,973625877,20,18.856980078553143,3.213604270101047,56.56582736503333,7.220527354627848
joint_reference,973625877,21,17.70205485797019,17.70205485797019,55.53368287999183,55.53368287999183
joint_reference,973625877,22,14.409173149048248,14.409173149048248,49.78368043527007,49.78368043527007
joint_reference,973625877,23,18.50908245538294,18.50908245538294,54.68417649785988,54.68417649785988
joint_reference,973625877,24,18.33792098627926,18.33792098627926,62.437770169228315,62.437770169228315
joint_reference,973625877,25,17.233830676312444,17.233830676312444,59.007663258351386,59.007663258351386
joint_reference,973625877,26,17.919065493449697,17.919065493449697,63.5795786883682,63.5795786883682
joint_reference,973625877,27,15.761272333130483,15.761272333130483,55.709081660956144,55.709081660956144
joint_reference,973625877,28,17.85566991023604,17.85566991023604,56.473811116069555,56.473811116069555
joint_reference,973625877,29,16.65154838361709,8.684411935794605,64.1541687110439,21.926712819375098
joint_reference,973625877,30,13.540494158618433,13.540494158618433,37.95306318625808,37.95306318625808
joint_reference,973625877,31,14.210900802988618,14.210900802988618,37.89700587745756,37.89700587745756
joint_reference,973625877,32,16.410698355409256,16.410698355409256,49.07554828096181,49.07554828096181
joint_reference,973625877,33,17.014026510423818,17.014026510423818,49.4889955483377,49.4889955483377
joint_reference,973625877,34,14.798493160276943,14.798493160276943,54.46676095807925,54.46676095807925
joint_reference,973625877,35,15.76403977498368,15.76403977498368,47.584340493078344,47.584340493078344
joint_reference,973625877,36,17.229763355722774,17.229763355722774,54.94965373992454,54.94965373992454
joint_reference,973625877,37,19.2681188859914,8.137170306308828,60.091915297321975,17.39057806879282
joint_reference,973625877,38,17.763302088500367,17.763302088500367,66.22550163604319,66.22550163604319
joint_reference,973625877,39,14.57400475579046,1.6033161331632881,49.44941383972764,3.5084875550237484
joint_reference,973625877,40,16.064740482105595,16.064740482105595,42.44229385629296,42.44229385629296
joint_reference,973625877,41,19.50402312046262,19.50402312046262,51.04172916326206,51.04172916326206
joint_reference,973625877,42,14.688140771942315,14.231067184899636,51.36812956817448,48.22227724082768
joint_reference,973625877,43,16.647221226732032,16.647221226732032,58.30809779372066,58.30809779372066
joint_reference,973625877,44,19.110790672005066,19.110790672005066,68.15790680237114,68.15790680237114
joint_reference,973625877,45,15.800331156208175,15.800331156208175,50.69046741724014,50.69046741724014
joint_reference,973625877,46,16.205799109425236,16.205799109425236,50.82739043235779,50.82739043235779
joint_reference,973625877,47,16.112036261648026,16.112036261648026,59.8431533400435,59.8431533400435
joint_reference,973625877,48,9.218168493857446,9.218168493857446,27.429817654192448,27.429817654192448
joint_reference,973625877,49,12.720930946526387,12.720930946526387,37.83674517273903,37.83674517273903
joint_reference,973625877,50,17.12023338715469,17.12023338715469,53.04676235280931,53.04676235280931
joint_reference,973625877,51,17.150255938326616,17.150255938326616,61.89713017316535,61.89713017316535
joint_reference,973625877,52,14.63161797906451,14.63161797906451,41.54970634356141,41.54970634356141
joint_reference,973625877,53,15.865620374090842,15.865620374090842,45.65712048113346,45.65712048113346
joint_reference,973625877,54,18.682687160365276,18.682687160365276,62.9464207761921,62.9464207761921
joint_reference,973625877,55,14.711270145302805,14.711270145302805,49.58718754258007,49.58718754258007
joint_reference,973625877,56,13.69422372019741,13.69422372019741,47.72524594888091,47.72524594888091
joint_reference,973625877,57,13.984185109714767,13.984185109714767,41.15628761053085,41.15628761053085
joint_reference,973625877,58,13.58011996576688,13.58011996576688,37.693332102149725,37.693332102149725
joint_reference,973625877,59,16.85393900628533,16.85393900628533,44.050982020795345,44.050982020795345
joint_reference,973625877,60,18.734960164739757,18.734960164739757,62.277784490957856,62.277784490957856
joint_reference,973625877,61,16.37945212358366,16.37945212358366,45.536325505468994,45.536325505468994
joint_reference,973625877,62,14.685097530306845,14.685097530306845,47.11256322264671,47.11256322264671
joint_reference,973625877,63,16.989613522116453,16.989613522116453,54.98188527673483,54.98188527673483
joint_repair,973625877,0,15.850159098629904,15.850159098629904,59.45294929854572,59.45294929854572
joint_repair,973625877,1,18.521978709073945,17.760224047277184,68.19577508233488,63.6439309399575
joint_repair,973625877,2,17.361168121147973,17.361168121147973,60.70042056404054,60.70042056404054
joint_repair,973625877,3,20.12533396596931,20.12533396596931,66.27523289807141,66.27523289807141
joint_repair,973625877,4,15.536367806997308,15.536367806997308,54.78719199006446,54.78719199006446
joint_repair,973625877,5,15.659935720996165,15.659935720996165,60.756530752405524,60.756530752405524
joint_repair,973625877,6,17.14943746044231,17.14943746044231,63.5804875093163,63.5804875093163
joint_repair,973625877,7,15.22790284170316,15.22790284170316,50.32549757510424,50.32549757510424
joint_repair,973625877,8,16.220646956478813,16.220646956478813,46.40607782499865,46.40607782499865
joint_repair,973625877,9,17.99379360580264,17.99379360580264,65.61474868282676,65.61474868282676
joint_repair,973625877,10,16.92834230367753,16.92834230367753,60.875642873346806,60.875642873346806
joint_repair,973625877,11,12.929819840485546,12.929819840485546,37.46576041728258,37.46576041728258
joint_repair,973625877,12,18.432419424903877,18.432419424903877,62.996494717895985,62.996494717895985
joint_repair,973625877,13,15.28480547503947,10.862541182488702,56.17532940907404,31.272310991305858
joint_repair,973625877,14,12.914189371675599,12.914189371675599,47.04025482200086,47.04025482200086
joint_repair,973625877,15,14.779307367817568,14.779307367817568,46.33911086525768,46.33911086525768
joint_repair,973625877,16,19.11164769069463,19.11164769069463,58.21562146861106,58.21562146861106
joint_repair,973625877,17,14.554536615522975,2.0775313532409347,55.07319159992039,4.60825601965189
joint_repair,973625877,18,14.459650965682066,12.44126165783474,47.21013378520729,35.21959173848154
joint_repair,973625877,19,16.764119250006583,16.764119250006583,60.970503525808454,60.970503525808454
joint_repair,973625877,20,18.80927804853249,3.2233498449871516,56.6468463073179,7.236987738870084
joint_repair,973625877,21,17.716495072141687,17.716495072141687,55.57767905667424,55.57767905667424
joint_repair,973625877,22,14.408763521226497,14.408763521226497,49.78252306766808,49.78252306766808
joint_repair,973625877,23,18.441001006470838,18.441001006470838,55.124393708480056,55.124393708480056
joint_repair,973625877,24,18.349973785934463,18.349973785934463,62.419146586209536,62.419146586209536
joint_repair,973625877,25,17.234621345474846,17.234621345474846,59.00263881031424,59.00263881031424
joint_repair,973625877,26,17.934364697175173,17.934364697175173,63.7184251844883,63.7184251844883
joint_repair,973625877,27,15.888474595555701,3.594571216916308,56.63301630318165,10.248709362000227
joint_repair,973625877,28,17.94229156630049,17.94229156630049,56.49339341558516,56.49339341558516
joint_repair,973625877,29,16.817558250273617,15.234409849987191,65.74139720294625,57.85777498129755
joint_repair,973625877,30,13.579909630943698,13.579909630943698,38.11771694757044,38.11771694757044
joint_repair,973625877,31,14.210916639270406,14.210916639270406,37.89718034025282,37.89718034025282
joint_repair,973625877,32,18.163429350251192,18.163429350251192,57.12952395435423,57.12952395435423
joint_repair,973625877,33,17.01482518535592,17.01482518535592,49.48921004682779,49.48921004682779
joint_repair,973625877,34,15.047716923429208,15.047716923429208,55.06355801271275,55.06355801271275
joint_repair,973625877,35,15.76403977498368,15.76403977498368,47.584340493078344,47.584340493078344
joint_repair,973625877,36,16.801963533096576,16.801963533096576,54.47970627923496,54.47970627923496
joint_repair,973625877,37,19.29847185192355,8.552827156109691,60.32098723389208,19.072243608534336
joint_repair,973625877,38,17.831935224586324,17.831935224586324,66.59082235209644,66.59082235209644
joint_repair,973625877,39,12.319246528795563,1.5982634274935694,50.081542860367335,4.1372338607907295
joint_repair,973625877,40,16.083469659796535,16.083469659796535,42.46490903571248,42.46490903571248
joint_repair,973625877,41,19.493244327032112,19.493244327032112,51.34935296047479,51.34935296047479
joint_repair,973625877,42,14.599781457016908,14.599781457016908,51.56022890098393,51.56022890098393
joint_repair,973625877,43,16.64274482253384,16.64274482253384,58.32045923080295,58.32045923080295
joint_repair,973625877,44,19.11330521547319,19.11330521547319,68.10129628144205,68.10129628144205
joint_repair,973625877,45,15.832473768608631,15.832473768608631,51.096931889653206,51.096931889653206
joint_repair,973625877,46,16.06880424884067,4.152626271223769,52.60127664357424,9.141893550753593
joint_repair,973625877,47,15.290586973892278,15.290586973892278,61.16164913226385,61.16164913226385
joint_repair,973625877,48,9.556650560920335,9.556650560920335,29.999699478037655,29.999699478037655
joint_repair,973625877,49,12.718389821636855,12.718389821636855,37.83138305321336,37.83138305321336
joint_repair,973625877,50,17.12653104395912,17.12653104395912,53.108110254630446,53.108110254630446
joint_repair,973625877,51,17.15802979671503,17.15802979671503,61.89715906372294,61.89715906372294
joint_repair,973625877,52,14.58297245278867,14.58297245278867,41.51365042850375,41.51365042850375
joint_repair,973625877,53,15.86562124975609,15.86562124975609,45.65759362280369,45.65759362280369
joint_repair,973625877,54,18.952231121970573,18.952231121970573,64.21992100169882,64.21992100169882
joint_repair,973625877,55,15.007717164838045,15.007717164838045,50.24674657359719,50.24674657359719
joint_repair,973625877,56,11.36035096377769,11.36035096377769,40.16378362476826,40.16378362476826
joint_repair,973625877,57,13.970925800406144,13.970925800406144,41.28130519390106,41.28130519390106
joint_repair,973625877,58,13.58717526258608,13.58717526258608,37.65586016699672,37.65586016699672
joint_repair,973625877,59,16.88360382231375,16.88360382231375,44.16948965191841,44.16948965191841
joint_repair,973625877,60,18.742094206586792,18.742094206586792,62.29329121019691,62.29329121019691
joint_repair,973625877,61,16.37951806183778,16.37951806183778,45.536222300026566,45.536222300026566
joint_repair,973625877,62,14.682177517219369,14.682177517219369,47.11672225408256,47.11672225408256
joint_repair,973625877,63,16.989613522116453,16.989613522116453,54.98188527673483,54.98188527673483
admission_full,517962307,0,45.423291549649335,37.755696917240286,150.52354373782873,106.65832214802504
admission_full,517962307,1,40.629947118621075,35.77918723635228,154.81165731325746,100.83870356157422
admission_full,517962307,2,47.564878235447,47.564878235447,147.4128358028829,147.4128358028829
admission_full,517962307,3,49.080985950883985,49.080985950883985,150.37082067131996,150.37082067131996
admission_full,517962307,4,40.33646917732199,40.33646917732199,110.63124134764075,110.63124134764075
admission_full,517962307,5,38.58512635364193,38.58512635364193,117.76659096591175,117.76659096591175
admission_full,517962307,6,44.72781823143344,42.18601900320923,135.24826939566992,109.10584503854625
admission_full,517962307,7,45.42366364105521,45.42366364105521,140.27297449111938,140.27297449111938
admission_full,517962307,8,41.14285697901839,41.14285697901839,141.44533206522465,141.44533206522465
admission_full,517962307,9,41.93302729685608,41.93302729685608,133.08164815232158,133.08164815232158
admission_full,517962307,10,41.496625784477494,41.496625784477494,139.80753694474697,139.80753694474697
admission_full,517962307,11,41.177470634237324,41.177470634237324,128.6481011719443,128.6481011719443
admission_full,517962307,12,42.79680647913717,14.937868640714907,142.13771375454962,27.878881439566612
admission_full,517962307,13,36.951614227864226,36.951614227864226,100.75591646297835,100.75591646297835
admission_full,517962307,14,29.299855641077983,29.299855641077983,72.48533304594457,72.48533304594457
admission_full,517962307,15,30.890907243807668,30.890907243807668,103.80078846216202,103.80078846216202
admission_full,517962307,16,48.092774634462025,48.092774634462025,142.2364440485835,142.2364440485835
admission_full,517962307,17,41.39733612542938,36.56124569885794,141.42975022736937,111.62221459764987
admission_full,517962307,18,39.97705829400739,39.97705829400739,126.92800733074546,126.92800733074546
admission_full,517962307,19,44.1787008549181,31.606526312488615,131.74005813524127,67.91493603214622
admission_full,517962307,20,45.83010090785393,45.83010090785393,146.79257227946073,146.79257227946073
admission_full,517962307,21,46.81038139102479,46.81038139102479,174.162082567811,174.162082567811
admission_full,517962307,22,43.0008324684579,7.65049107678596,140.10660975356586,12.48364872043021
admission_full,517962307,23,34.25965564202277,34.25965564202277,81.1175361732021,81.1175361732021
admission_full,517962307,24,43.183021493992285,43.183021493992285,170.87232595589012,170.87232595589012
admission_full,517962307,25,43.243998214222344,43.243998214222344,115.73714821506292,115.73714821506292
admission_full,517962307,26,43.53213407711155,40.97219355355053,139.34727915003896,98.78751294314861
admission_full,517962307,27,39.388351951169646,39.388351951169646,96.6761449277401,96.6761449277401
admission_full,517962307,28,41.76351050960745,38.52091758020843,129.98232705518603,94.08711447566748
admission_full,517962307,29,34.87619523013302,27.947056542908616,103.91386248543859,51.017155084759
admission_full,517962307,30,33.23360860074941,33.23360860074941,97.19758375734091,97.19758375734091
admission_full,517962307,31,38.066943062753374,38.066943062753374,111.50805145688355,111.50805145688355
admission_full,517962307,32,41.22437882939774,41.22437882939774,129.53863694984466,129.53863694984466
admission_full,517962307,33,40.646706312624254,40.646706312624254,129.63602967374027,129.63602967374027
admission_full,517962307,34,37.584178727799426,37.584178727799426,114.279006912373,114.279006912373
admission_full,517962307,35,36.22768831183813,36.22768831183813,123.60539596807212,123.60539596807212
admission_full,517962307,36,39.6740992741256,39.6740992741256,122.93177456362173,122.93177456362173
admission_full,517962307,37,33.787435579838714,33.787435579838714,101.13843145221472,101.13843145221472
admission_full,517962307,38,39.57128060709693,39.57128060709693,115.00194349139929,115.00194349139929
admission_full,517962307,39,44.677793736273166,44.677793736273166,157.57325044739991,157.57325044739991
admission_full,517962307,40,40.206737698085135,40.206737698085135,118.92525649489835,118.92525649489835
admission_full,517962307,41,35.00902650533494,35.00902650533494,89.59740115143359,89.59740115143359
admission_full,517962307,42,39.48397339490724,39.38923483207365,137.6492808398325,135.3437110420782
admission_full,517962307,43,31.65966431781655,20.108251235755855,91.10556717123836,43.949704016558826
admission_full,517962307,44,48.98479501990277,48.98479501990277,156.63086918741465,156.63086918741465
admission_full,517962307,45,36.76760218915585,36.76760218915585,96.62711416184902,96.62711416184902
admission_full,517962307,46,39.956850331218696,39.956850331218696,125.44789072358981,125.44789072358981
admission_full,517962307,47,45.3638030066178,45.3638030066178,144.03691560216248,144.03691560216248
admission_full,517962307,48,46.103657258824875,46.103657258824875,135.56471975147724,135.56471975147724
admission_full,517962307,49,28.833379773339697,28.833379773339697,73.79439729452133,73.79439729452133
admission_full,517962307,50,32.498744506303254,32.498744506303254,92.9594802102074,92.9594802102074
admission_full,517962307,51,28.489745724499656,28.489745724499656,71.95594195835292,71.95594195835292
admission_full,517962307,52,31.39171922420451,14.955592870383866,102.87578450888395,34.49846614152193
admission_full,517962307,53,36.829255031982115,36.829255031982115,128.54883403889835,128.54883403889835
admission_full,517962307,54,21.91048388234922,21.91048388234922,72.39976681023836,72.39976681023836
admission_full,517962307,55,49.30577543393373,49.30577543393373,181.63588175037876,181.63588175037876
admission_full,517962307,56,34.96696314461083,34.96696314461083,119.01667149364948,119.01667149364948
admission_full,517962307,57,42.13360540764629,42.13360540764629,144.29766063950956,144.29766063950956
admission_full,517962307,58,42.845523188029844,42.845523188029844,108.4020821005106,108.4020821005106
admission_full,517962307,59,25.334526175217963,25.334526175217963,85.60089018940926,85.60089018940926
admission_full,517962307,60,42.041552648872305,42.041552648872305,101.32231847941875,101.32231847941875
admission_full,517962307,61,38.58384360466754,38.58384360466754,101.86690205149353,101.86690205149353
admission_full,517962307,62,36.600594616404855,36.600594616404855,114.25627978146076,114.25627978146076
admission_full,517962307,63,41.1903722958163,41.1903722958163,140.96129743009806,140.96129743009806
admission_scaled_036,517962307,0,32.85487496945778,32.85487496945778,91.07228109240532,91.07228109240532
admission_scaled_036,517962307,1,23.015415701686962,23.015415701686962,69.09536255338753,69.09536255338753
admission_scaled_036,517962307,2,26.43625513232196,26.43625513232196,71.02994840865722,71.02994840865722
admission_scaled_036,517962307,3,19.416351178819845,19.416351178819845,48.320718701928854,48.320718701928854
admission_scaled_036,517962307,4,28.058386634428288,28.058386634428288,73.26222142577171,73.26222142577171
admission_scaled_036,517962307,5,24.38917966752375,24.38917966752375,60.55396115034819,60.55396115034819
admission_scaled_036,517962307,6,26.046823804545618,26.046823804545618,64.91207334399223,64.91207334399223
admission_scaled_036,517962307,7,29.4891951970405,27.913691176267406,80.33768853824586,65.46478755306453
admission_scaled_036,517962307,8,24.679628047300678,24.679628047300678,70.09083291143179,70.09083291143179
admission_scaled_036,517962307,9,20.030073636693775,20.030073636693775,54.91839613346383,54.91839613346383
admission_scaled_036,517962307,10,29.402013061740302,26.24292329844595,79.61096308380365,57.498102240264416
admission_scaled_036,517962307,11,28.45055725254478,28.45055725254478,75.9260540381074,75.9260540381074
admission_scaled_036,517962307,12,22.590583788596717,8.306883814330776,68.02483493089676,17.739251784980297
admission_scaled_036,517962307,13,29.544680544049818,29.544680544049818,73.6402673998382,73.6402673998382
admission_scaled_036,517962307,14,22.33365616821113,22.33365616821113,50.477897549048066,50.477897549048066
admission_scaled_036,517962307,15,13.451557747700548,13.451557747700548,44.134516838938,44.134516838938
admission_scaled_036,517962307,16,34.817507434968526,34.817507434968526,87.11640607565641,87.11640607565641
admission_scaled_036,517962307,17,24.763278279527864,24.763278279527864,75.32944286428392,75.32944286428392
admission_scaled_036,517962307,18,22.570218158774818,22.570218158774818,62.383914824575186,62.383914824575186
admission_scaled_036,517962307,19,28.32714597199475,28.32714597199475,72.19927424192429,72.19927424192429
admission_scaled_036,517962307,20,21.364520525474052,21.364520525474052,68.76543632429093,68.76543632429093
admission_scaled_036,517962307,21,27.850395749990405,27.850395749990405,84.27582559315488,84.27582559315488
admission_scaled_036,517962307,22,28.18046686944975,28.18046686944975,78.66937977541238,78.66937977541238
admission_scaled_036,517962307,23,33.1623362639033,33.1623362639033,75.67589668370783,75.67589668370783
admission_scaled_036,517962307,24,28.298912661703824,25.496319690008885,88.66730925673619,63.10009682178497
admission_scaled_036,517962307,25,27.58154221809559,27.58154221809559,59.05182874388993,59.05182874388993
admission_scaled_036,517962307,26,15.066339972152024,15.066339972152024,41.591895673424006,41.591895673424006
admission_scaled_036,517962307,27,22.513533748529298,22.513533748529298,48.89987291023135,48.89987291023135
admission_scaled_036,517962307,28,28.538835745153886,28.538835745153886,74.01164891151711,74.01164891151711
admission_scaled_036,517962307,29,19.620121003061495,15.24568431624829,55.28867327608168,31.393620909191668
admission_scaled_036,517962307,30,18.802590090546527,18.802590090546527,51.76285485550761,51.76285485550761
admission_scaled_036,517962307,31,23.59595827798315,23.59595827798315,54.214077811688185,54.214077811688185
admission_scaled_036,517962307,32,26.178721592345894,26.178721592345894,68.76375017222017,68.76375017222017
admission_scaled_036,517962307,33,27.085309554878663,27.085309554878663,71.9651243253611,71.9651243253611
admission_scaled_036,517962307,34,23.815536488787377,23.815536488787377,55.12381577305496,55.12381577305496
admission_scaled_036,517962307,35,24.17085364229699,24.17085364229699,62.62726395204663,62.62726395204663
admission_scaled_036,517962307,36,21.062944909834574,21.062944909834574,57.12520745024085,57.12520745024085
admission_scaled_036,517962307,37,22.930667644182087,22.930667644182087,52.18002077937126,52.18002077937126
admission_scaled_036,517962307,38,18.553357636313986,18.553357636313986,51.76106506586075,51.76106506586075
admission_scaled_036,517962307,39,24.109550963193723,24.109550963193723,73.0534786991775,73.0534786991775
admission_scaled_036,517962307,40,22.456549335797863,22.456549335797863,51.48599156725686,51.48599156725686
admission_scaled_036,517962307,41,24.4522844427959,24.4522844427959,51.57640805328265,51.57640805328265
admission_scaled_036,517962307,42,26.020427223586694,22.686351968221658,85.80067560449243,66.51549929194152
admission_scaled_036,517962307,43,25.52949895528392,14.47892968446289,61.60475845634937,31.300154455006123
admission_scaled_036,517962307,44,32.17038172917627,32.17038172917627,89.12271951511502,89.12271951511502
admission_scaled_036,517962307,45,23.637989090530706,23.637989090530706,62.20796163007617,62.20796163007617
admission_scaled_036,517962307,46,30.15537588071988,30.15537588071988,72.19443497806787,72.19443497806787
admission_scaled_036,517962307,47,24.473892004111654,24.473892004111654,64.68603805080056,64.68603805080056
admission_scaled_036,517962307,48,21.27248841919019,21.27248841919019,59.18102966807783,59.18102966807783
admission_scaled_036,517962307,49,18.393096543202038,18.393096543202038,36.38881363719702,36.38881363719702
admission_scaled_036,517962307,50,20.489987109168695,20.489987109168695,47.670704731950536,47.670704731950536
admission_scaled_036,517962307,51,19.66337943334677,19.66337943334677,46.63482808787376,46.63482808787376
admission_scaled_036,517962307,52,20.061351285313858,20.061351285313858,59.76400456484407,59.76400456484407
admission_scaled_036,517962307,53,19.724940469164956,15.337085173083087,62.52556871250272,40.65229243133217
admission_scaled_036,517962307,54,26.002724958283025,26.002724958283025,63.086693704128265,63.086693704128265
admission_scaled_036,517962307,55,29.074411196304972,29.074411196304972,85.22282769531012,85.22282769531012
admission_scaled_036,517962307,56,23.029115335558238,23.029115335558238,66.95620411634445,66.95620411634445
admission_scaled_036,517962307,57,24.12542302629299,24.12542302629299,71.37613973021507,71.37613973021507
admission_scaled_036,517962307,58,28.5702429779913,28.5702429779913,61.76520016789436,61.76520016789436
admission_scaled_036,517962307,59,15.997797364081567,15.997797364081567,42.35219604708254,42.35219604708254
admission_scaled_036,517962307,60,25.841270955272744,25.841270955272744,60.32883267104626,60.32883267104626
admission_scaled_036,517962307,61,20.722009235366304,20.722009235366304,59.315398870036006,59.315398870036006
admission_scaled_036,517962307,62,22.791091802294027,22.791091802294027,69.666572782211,69.666572782211
admission_scaled_036,517962307,63,24.910602628618562,24.910602628618562,66.32626328617334,66.32626328617334
joint_reference,517962307,0,16.430474899256424,16.430474899256424,50.660103265196085,50.660103265196085
joint_reference,517962307,1,15.600979828534783,15.600979828534783,56.09150007367134,56.09150007367134
joint_reference,517962307,2,17.031799304957957,17.031799304957957,64.25669565657154,64.25669565657154
joint_reference,517962307,3,15.764447989069774,15.764447989069774,57.3685504666646,57.3685504666646
joint_reference,517962307,4,18.437119429457695,18.437119429457695,58.14320005849004,58.14320005849004
joint_reference,517962307,5,18.10675783227906,18.10675783227906,55.7284615021199,55.7284615021199
joint_reference,517962307,6,18.740028977697197,18.740028977697197,54.9002336608246,54.9002336608246
joint_reference,517962307,7,18.28007886150054,18.28007886150054,59.64211285836063,59.64211285836063
joint_reference,517962307,8,14.988591030665063,5.332775510194692,52.93419486284256,11.695625312626362
joint_reference,517962307,9,13.28135491280745,13.28135491280745,40.606212021782994,40.606212021782994
joint_reference,517962307,10,17.613021662231947,13.74865726311809,56.681856313254684,37.460874364944175
joint_reference,517962307,11,17.999864974256724,17.999864974256724,56.31367140589282,56.31367140589282
joint_reference,517962307,12,19.116530534849517,5.548283517013405,60.539142697060015,11.560973853804171
joint_reference,517962307,13,16.69314973508853,16.69314973508853,52.12827416602522,52.12827416602522
joint_reference,517962307,14,16.411777551930477,16.411777551930477,38.36051470786333,38.36051470786333
joint_reference,517962307,15,12.366224905809748,12.366224905809748,43.415604155045,43.415604155045
joint_reference,517962307,16,18.567402383913905,18.567402383913905,50.81321186572313,50.81321186572313
joint_reference,517962307,17,16.58656358142198,16.58656358142198,55.489971979055554,55.489971979055554
joint_reference,517962307,18,15.191429387703476,15.191429387703476,49.76259381545242,49.76259381545242
joint_reference,517962307,19,15.837071218087914,15.837071218087914,56.81268486753106,56.81268486753106
joint_reference,517962307,20,15.836545862148425,15.836545862148425,66.0945704607293,66.0945704607293
joint_reference,517962307,21,15.201751850807785,13.2466151775955,53.027267127879895,44.94847891572863
joint_reference,517962307,22,16.874844609962274,3.2913193493078983,57.553840544307604,6.81206110236235
joint_reference,517962307,23,12.39116186374083,12.39116186374083,32.78600188810378,32.78600188810378
joint_reference,517962307,24,18.177436312074164,18.177436312074164,65.07223732536659,65.07223732536659
joint_reference,517962307,25,17.916423249000506,17.916423249000506,47.521778860129416,47.521778860129416
joint_reference,517962307,26,9.843197437339493,9.843197437339493,26.239045970141888,26.239045970141888
joint_reference,517962307,27,15.766352821456783,15.766352821456783,42.27033993927762,42.27033993927762
joint_reference,517962307,28,17.397705854527427,17.397705854527427,57.35753967612982,57.35753967612982
joint_reference,517962307,29,15.838771983592881,10.845667273647058,52.233896385878325,26.362799495458603
joint_reference,517962307,30,17.014840330603338,17.014840330603338,55.37530153430998,55.37530153430998
joint_reference,517962307,31,14.770875713072698,14.770875713072698,39.15243336930871,39.15243336930871
joint_reference,517962307,32,16.298134607349088,16.298134607349088,57.81252787448466,57.81252787448466
joint_reference,517962307,33,17.491059265373003,17.491059265373003,52.18256946653128,52.18256946653128
joint_reference,517962307,34,13.97084194700395,13.97084194700395,36.44467716384679,36.44467716384679
joint_reference,517962307,35,18.08569592094672,18.08569592094672,53.75408335402608,53.75408335402608
joint_reference,517962307,36,17.068219529813312,17.068219529813312,59.94678437989205,59.94678437989205
joint_reference,517962307,37,15.126180890147664,15.126180890147664,47.64091907837428,47.64091907837428
joint_reference,517962307,38,11.583879039164149,11.525635543258558,32.947829661890864,32.69785379618406
joint_reference,517962307,39,15.23840141405343,15.23840141405343,50.66054732352495,50.66054732352495
joint_reference,517962307,40,15.993134287480448,15.993134287480448,54.32670770492405,54.32670770492405
joint_reference,517962307,41,18.039784117727933,18.039784117727933,40.52407915517688,40.52407915517688
joint_reference,517962307,42,18.552241935431233,18.552241935431233,68.45047859381884,68.45047859381884
joint_reference,517962307,43,11.610994088976643,11.610994088976643,36.80523704364896,36.80523704364896
joint_reference,517962307,44,18.636255841794185,9.6973415560178,58.25060135126114,26.54169882205315
joint_reference,517962307,45,15.568978148187302,15.568978148187302,53.38159481436014,53.38159481436014
joint_reference,517962307,46,16.515092837562012,16.515092837562012,49.802136212121695,49.802136212121695
joint_reference,517962307,47,16.216836011316886,16.216836011316886,42.96866300608963,42.96866300608963
joint_reference,517962307,48,16.643830473089455,16.643830473089455,53.885109153576195,53.885109153576195
joint_reference,517962307,49,12.920113323759304,12.920113323759304,34.756882071495056,34.756882071495056
joint_reference,517962307,50,15.93061482980837,15.93061482980837,48.77590313833207,48.77590313833207
joint_reference,517962307,51,14.29643881297595,14.29643881297595,40.92334692366421,40.92334692366421
joint_reference,517962307,52,10.429524634518629,10.429524634518629,37.22614785656333,37.22614785656333
joint_reference,517962307,53,12.422811234650235,12.422811234650235,50.25719300843775,50.25719300843775
joint_reference,517962307,54,15.449467904053988,15.449467904053988,50.94280855357647,50.94280855357647
joint_reference,517962307,55,18.334472902647622,18.334472902647622,60.401423359289765,60.401423359289765
joint_reference,517962307,56,19.181633331914043,19.181633331914043,60.816786888986826,60.816786888986826
joint_reference,517962307,57,16.516484895061364,16.516484895061364,52.05961186438799,52.05961186438799
joint_reference,517962307,58,15.766433184830312,15.766433184830312,44.33791306614876,44.33791306614876
joint_reference,517962307,59,12.494333432094784,12.494333432094784,33.90539313852787,33.90539313852787
joint_reference,517962307,60,15.62174977593999,15.62174977593999,44.61428488790989,44.61428488790989
joint_reference,517962307,61,13.161947547641132,13.161947547641132,50.8204357502982,50.8204357502982
joint_reference,517962307,62,16.99277854826575,16.99277854826575,44.64647208340466,44.64647208340466
joint_reference,517962307,63,14.790165130624239,14.790165130624239,50.96183754131198,50.96183754131198
joint_repair,517962307,0,16.38924771990377,16.38924771990377,50.59300912171602,50.59300912171602
joint_repair,517962307,1,15.598081351077736,15.598081351077736,56.09032937884331,56.09032937884331
joint_repair,517962307,2,17.11267672475802,17.11267672475802,64.33304497832432,64.33304497832432
joint_repair,517962307,3,15.748890449706417,15.748890449706417,57.394225219031796,57.394225219031796
joint_repair,517962307,4,18.385050593629185,18.385050593629185,58.20885904505849,58.20885904505849
joint_repair,517962307,5,18.144412187524665,18.144412187524665,58.7964867381379,58.7964867381379
joint_repair,517962307,6,18.7079778190096,18.7079778190096,54.97090477775782,54.97090477775782
joint_repair,517962307,7,18.287567058189666,18.287567058189666,59.90938352863304,59.90938352863304
joint_repair,517962307,8,15.621764043080077,5.303111382840505,57.55542608629912,11.77956784516573
joint_repair,517962307,9,12.017939976667572,12.017939976667572,35.7634230973199,35.7634230973199
joint_repair,517962307,10,17.66292796583187,13.69215515801856,56.66897214250639,37.32352635310963
joint_repair,517962307,11,18.255739300727853,18.255739300727853,57.28942252788693,57.28942252788693
joint_repair,517962307,12,15.932990234500796,5.551428519923112,53.154599882662296,11.721792500466108
joint_repair,517962307,13,16.891578280747378,16.891578280747378,55.35331098199822,55.35331098199822
joint_repair,517962307,14,16.419846183935938,16.419846183935938,38.3813884370029,38.3813884370029
joint_repair,517962307,15,10.90857953717577,10.90857953717577,42.270993751473725,42.270993751473725
joint_repair,517962307,16,18.873561387623724,18.873561387623724,54.51376751810312,54.51376751810312
joint_repair,517962307,17,16.59169589109533,16.59169589109533,55.48867118358612,55.48867118358612
joint_repair,517962307,18,15.391796868528854,15.391796868528854,50.41672913020011,50.41672913020011
joint_repair,517962307,19,15.81089424385789,15.81089424385789,57.499459732323885,57.499459732323885
joint_repair,517962307,20,14.70946948657557,14.70946948657557,57.741279602982104,57.741279602982104
joint_repair,517962307,21,15.34106319141642,13.078786505034465,53.12152314931154,44.087680814787745
joint_repair,517962307,22,17.04845462708648,3.2947992925119935,59.58103622077033,6.883905783644877
joint_repair,517962307,23,12.668314047737331,12.668314047737331,34.260525334626436,34.260525334626436
joint_repair,517962307,24,18.141826037840236,18.141826037840236,65.33965551387519,65.33965551387519
joint_repair,517962307,25,17.916423249000506,17.916423249000506,47.521778860129416,47.521778860129416
joint_repair,517962307,26,9.843197437339493,9.843197437339493,26.239045970141888,26.239045970141888
joint_repair,517962307,27,16.91724204541093,16.91724204541093,45.624752453994006,45.624752453994006
joint_repair,517962307,28,17.364421020979908,17.364421020979908,57.55666621401906,57.55666621401906
joint_repair,517962307,29,15.998566472060002,10.940360623176705,59.210349323228,28.678884150460362
joint_repair,517962307,30,17.316140789323942,4.141479400055407,56.26062101917341,8.909530573058873
joint_repair,517962307,31,14.765316872541668,14.765316872541668,39.18000325746834,39.18000325746834
joint_repair,517962307,32,16.673543741041875,16.673543741041875,59.864131486043334,59.864131486043334
joint_repair,517962307,33,17.552614856932,17.552614856932,53.043068051338196,53.043068051338196
joint_repair,517962307,34,13.960981672876468,13.960981672876468,36.43224271479994,36.43224271479994
joint_repair,517962307,35,17.866821860851523,17.866821860851523,53.42234684243158,53.42234684243158
joint_repair,517962307,36,17.08631905328197,17.08631905328197,59.97642037272453,59.97642037272453
joint_repair,517962307,37,15.116655487201081,15.116655487201081,48.54560330603272,48.54560330603272
joint_repair,517962307,38,14.743608374539763,14.743608374539763,39.39236072730273,39.39236072730273
joint_repair,517962307,39,16.205233168578395,10.259170396166379,55.514336090534925,27.95822426304221
joint_repair,517962307,40,16.041390854196344,16.041390854196344,55.29925551917404,55.29925551917404
joint_repair,517962307,41,19.373301401202486,19.212629640761183,54.39541294798255,53.63498464599252
joint_repair,517962307,42,18.54611069892231,18.54611069892231,68.508061719127,68.508061719127
joint_repair,517962307,43,13.200935612392398,13.200935612392398,40.48349020071328,40.48349020071328
joint_repair,517962307,44,18.63761951711829,9.511160001564928,61.300309509038925,26.76319814939052
joint_repair,517962307,45,15.27866828309239,15.27866828309239,52.10702025704086,52.10702025704086
joint_repair,517962307,46,16.520580805016575,16.520580805016575,50.20053601032123,50.20053601032123
joint_repair,517962307,47,16.213688505534066,16.213688505534066,42.96649506594986,42.96649506594986
joint_repair,517962307,48,16.65895888318779,16.65895888318779,53.81389357056469,53.81389357056469
joint_repair,517962307,49,12.920113323759304,12.920113323759304,34.756882071495056,34.756882071495056
joint_repair,517962307,50,15.935960018218987,15.935960018218987,48.852588954381645,48.852588954381645
joint_repair,517962307,51,14.29643881297595,14.29643881297595,40.92334692366421,40.92334692366421
joint_repair,517962307,52,10.763483861926025,10.763483861926025,38.44256589561701,38.44256589561701
joint_repair,517962307,53,12.743242171110708,12.743242171110708,51.0127620853018,51.0127620853018
joint_repair,517962307,54,15.312445446821032,15.312445446821032,52.401774533092976,52.401774533092976
joint_repair,517962307,55,18.33547833064445,18.33547833064445,61.52067841775715,61.52067841775715
joint_repair,517962307,56,19.2085786048998,19.2085786048998,61.23374102637172,61.23374102637172
joint_repair,517962307,57,16.762357448255617,16.762357448255617,55.39121689647436,55.39121689647436
joint_repair,517962307,58,15.766433184830312,15.766433184830312,44.33791306614876,44.33791306614876
joint_repair,517962307,59,12.494333432094784,12.494333432094784,33.90539313852787,33.90539313852787
joint_repair,517962307,60,15.62174977593999,15.62174977593999,44.61428488790989,44.61428488790989
joint_repair,517962307,61,13.17234318592894,13.17234318592894,50.840184840373695,50.840184840373695
joint_repair,517962307,62,16.990768116618817,16.990768116618817,44.649941416457295,44.649941416457295
joint_repair,517962307,63,14.851358103575842,14.851358103575842,51.529254373162985,51.529254373162985
