mode,pair_index,joint_a,joint_b,cross_arm,initial_percent,full_percent,prefix_percent,added_full_percent,added_prefix_percent
admission_full,0,F_L:J1,F_L:J2,False,62,100,100,38,38
admission_full,1,F_L:J1,F_L:J3,False,63,100,100,37,37
admission_full,2,F_L:J1,F_L:J4,False,63,100,100,37,37
admission_full,3,F_L:J1,F_L:J5,False,63,100,100,37,37
admission_full,4,F_L:J1,F_L:J6,False,63,100,100,37,37
admission_full,5,F_L:J1,F_L:J7,False,65,100,100,35,35
admission_full,6,F_L:J1,F_R:J1,True,53,100,100,47,47
admission_full,7,F_L:J1,F_R:J2,True,56,100,100,44,44
admission_full,8,F_L:J1,F_R:J3,True,58,100,100,42,42
admission_full,9,F_L:J1,F_R:J4,True,62,100,100,38,38
admission_full,10,F_L:J1,F_R:J5,True,63,100,100,37,37
admission_full,11,F_L:J1,F_R:J6,True,56,100,100,44,44
admission_full,12,F_L:J1,F_R:J7,True,58,100,100,42,42
admission_full,13,F_L:J1,U_L:J1,True,53,100,100,47,47
admission_full,14,F_L:J1,U_L:J2,True,40,60,60,20,20
admission_full,15,F_L:J1,U_L:J3,True,56,100,100,44,44
admission_full,16,F_L:J1,U_L:J4,True,52,99,99,47,47
admission_full,17,F_L:J1,U_L:J5,True,49,80,80,31,31
admission_full,18,F_L:J1,U_L:J6,True,61,100,100,39,39
admission_full,19,F_L:J1,U_R:J1,True,52,100,100,48,48
admission_full,20,F_L:J1,U_R:J2,True,44,60,60,16,16
admission_full,21,F_L:J1,U_R:J3,True,54,100,100,46,46
admission_full,22,F_L:J1,U_R:J4,True,56,98,93,42,37
admission_full,23,F_L:J1,U_R:J5,True,48,81,79,33,31
admission_full,24,F_L:J1,U_R:J6,True,56,100,100,44,44
admission_full,25,F_L:J2,F_L:J3,False,61,100,100,39,39
admission_full,26,F_L:J2,F_L:J4,False,67,100,100,33,33
admission_full,27,F_L:J2,F_L:J5,False,64,100,100,36,36
admission_full,28,F_L:J2,F_L:J6,False,58,100,100,42,42
admission_full,29,F_L:J2,F_L:J7,False,64,100,100,36,36
admission_full,30,F_L:J2,F_R:J1,True,58,100,100,42,42
admission_full,31,F_L:J2,F_R:J2,True,58,100,100,42,42
admission_full,32,F_L:J2,F_R:J3,True,56,100,100,44,44
admission_full,33,F_L:J2,F_R:J4,True,63,100,100,37,37
admission_full,34,F_L:J2,F_R:J5,True,71,100,100,29,29
admission_full,35,F_L:J2,F_R:J6,True,62,100,100,38,38
admission_full,36,F_L:J2,F_R:J7,True,56,100,100,44,44
admission_full,37,F_L:J2,U_L:J1,True,61,100,100,39,39
admission_full,38,F_L:J2,U_L:J2,True,47,60,60,13,13
admission_full,39,F_L:J2,U_L:J3,True,55,100,100,45,45
admission_full,40,F_L:J2,U_L:J4,True,58,100,98,42,40
admission_full,41,F_L:J2,U_L:J5,True,51,80,79,29,28
admission_full,42,F_L:J2,U_L:J6,True,59,100,100,41,41
admission_full,43,F_L:J2,U_R:J1,True,56,100,100,44,44
admission_full,44,F_L:J2,U_R:J2,True,47,60,60,13,13
admission_full,45,F_L:J2,U_R:J3,True,57,100,100,43,43
admission_full,46,F_L:J2,U_R:J4,True,57,99,96,42,39
admission_full,47,F_L:J2,U_R:J5,True,47,81,80,34,33
admission_full,48,F_L:J2,U_R:J6,True,60,100,100,40,40
admission_full,49,F_L:J3,F_L:J4,False,65,100,100,35,35
admission_full,50,F_L:J3,F_L:J5,False,60,100,100,40,40
admission_full,51,F_L:J3,F_L:J6,False,63,100,100,37,37
admission_full,52,F_L:J3,F_L:J7,False,57,100,100,43,43
admission_full,53,F_L:J3,F_R:J1,True,58,100,100,42,42
admission_full,54,F_L:J3,F_R:J2,True,55,100,100,45,45
admission_full,55,F_L:J3,F_R:J3,True,56,100,100,44,44
admission_full,56,F_L:J3,F_R:J4,True,60,100,100,40,40
admission_full,57,F_L:J3,F_R:J5,True,68,100,100,32,32
admission_full,58,F_L:J3,F_R:J6,True,56,100,100,44,44
admission_full,59,F_L:J3,F_R:J7,True,61,100,100,39,39
admission_full,60,F_L:J3,U_L:J1,True,51,100,100,49,49
admission_full,61,F_L:J3,U_L:J2,True,42,60,60,18,18
admission_full,62,F_L:J3,U_L:J3,True,53,100,100,47,47
admission_full,63,F_L:J3,U_L:J4,True,50,98,98,48,48
admission_full,64,F_L:J3,U_L:J5,True,47,80,80,33,33
admission_full,65,F_L:J3,U_L:J6,True,60,100,100,40,40
admission_full,66,F_L:J3,U_R:J1,True,54,100,100,46,46
admission_full,67,F_L:J3,U_R:J2,True,42,60,60,18,18
admission_full,68,F_L:J3,U_R:J3,True,52,100,100,48,48
admission_full,69,F_L:J3,U_R:J4,True,53,96,95,43,42
admission_full,70,F_L:J3,U_R:J5,True,46,79,76,33,30
admission_full,71,F_L:J3,U_R:J6,True,60,100,100,40,40
admission_full,72,F_L:J4,F_L:J5,False,68,100,100,32,32
admission_full,73,F_L:J4,F_L:J6,False,59,100,100,41,41
admission_full,74,F_L:J4,F_L:J7,False,70,100,100,30,30
admission_full,75,F_L:J4,F_R:J1,True,64,100,100,36,36
admission_full,76,F_L:J4,F_R:J2,True,64,100,100,36,36
admission_full,77,F_L:J4,F_R:J3,True,63,100,100,37,37
admission_full,78,F_L:J4,F_R:J4,True,67,100,100,33,33
admission_full,79,F_L:J4,F_R:J5,True,68,100,100,32,32
admission_full,80,F_L:J4,F_R:J6,True,63,100,100,37,37
admission_full,81,F_L:J4,F_R:J7,True,63,100,100,37,37
admission_full,82,F_L:J4,U_L:J1,True,58,100,100,42,42
admission_full,83,F_L:J4,U_L:J2,True,45,60,60,15,15
admission_full,84,F_L:J4,U_L:J3,True,62,100,100,38,38
admission_full,85,F_L:J4,U_L:J4,True,58,100,100,42,42
admission_full,86,F_L:J4,U_L:J5,True,53,80,80,27,27
admission_full,87,F_L:J4,U_L:J6,True,62,100,100,38,38
admission_full,88,F_L:J4,U_R:J1,True,56,100,100,44,44
admission_full,89,F_L:J4,U_R:J2,True,48,60,60,12,12
admission_full,90,F_L:J4,U_R:J3,True,66,100,100,34,34
admission_full,91,F_L:J4,U_R:J4,True,59,98,96,39,37
admission_full,92,F_L:J4,U_R:J5,True,49,81,80,32,31
admission_full,93,F_L:J4,U_R:J6,True,65,100,100,35,35
admission_full,94,F_L:J5,F_L:J6,False,60,100,100,40,40
admission_full,95,F_L:J5,F_L:J7,False,67,100,100,33,33
admission_full,96,F_L:J5,F_R:J1,True,60,100,100,40,40
admission_full,97,F_L:J5,F_R:J2,True,60,100,100,40,40
admission_full,98,F_L:J5,F_R:J3,True,56,100,100,44,44
admission_full,99,F_L:J5,F_R:J4,True,61,100,100,39,39
admission_full,100,F_L:J5,F_R:J5,True,67,100,100,33,33
admission_full,101,F_L:J5,F_R:J6,True,57,100,100,43,43
admission_full,102,F_L:J5,F_R:J7,True,62,100,100,38,38
admission_full,103,F_L:J5,U_L:J1,True,58,100,100,42,42
admission_full,104,F_L:J5,U_L:J2,True,46,60,60,14,14
admission_full,105,F_L:J5,U_L:J3,True,55,100,100,45,45
admission_full,106,F_L:J5,U_L:J4,True,55,97,97,42,42
admission_full,107,F_L:J5,U_L:J5,True,54,79,78,25,24
admission_full,108,F_L:J5,U_L:J6,True,60,100,100,40,40
admission_full,109,F_L:J5,U_R:J1,True,54,100,100,46,46
admission_full,110,F_L:J5,U_R:J2,True,46,60,60,14,14
admission_full,111,F_L:J5,U_R:J3,True,57,100,100,43,43
admission_full,112,F_L:J5,U_R:J4,True,56,96,96,40,40
admission_full,113,F_L:J5,U_R:J5,True,47,82,80,35,33
admission_full,114,F_L:J5,U_R:J6,True,56,100,100,44,44
admission_full,115,F_L:J6,F_L:J7,False,65,100,100,35,35
admission_full,116,F_L:J6,F_R:J1,True,56,100,100,44,44
admission_full,117,F_L:J6,F_R:J2,True,60,100,100,40,40
admission_full,118,F_L:J6,F_R:J3,True,60,100,100,40,40
admission_full,119,F_L:J6,F_R:J4,True,62,100,100,38,38
admission_full,120,F_L:J6,F_R:J5,True,64,100,100,36,36
admission_full,121,F_L:J6,F_R:J6,True,62,100,100,38,38
admission_full,122,F_L:J6,F_R:J7,True,61,100,100,39,39
admission_full,123,F_L:J6,U_L:J1,True,58,100,100,42,42
admission_full,124,F_L:J6,U_L:J2,True,44,60,60,16,16
admission_full,125,F_L:J6,U_L:J3,True,56,100,100,44,44
admission_full,126,F_L:J6,U_L:J4,True,55,97,97,42,42
admission_full,127,F_L:J6,U_L:J5,True,49,80,80,31,31
admission_full,128,F_L:J6,U_L:J6,True,61,100,100,39,39
admission_full,129,F_L:J6,U_R:J1,True,56,100,100,44,44
admission_full,130,F_L:J6,U_R:J2,True,45,60,60,15,15
admission_full,131,F_L:J6,U_R:J3,True,52,100,100,48,48
admission_full,132,F_L:J6,U_R:J4,True,56,98,95,42,39
admission_full,133,F_L:J6,U_R:J5,True,46,81,80,35,34
admission_full,134,F_L:J6,U_R:J6,True,56,100,100,44,44
admission_full,135,F_L:J7,F_R:J1,True,61,100,100,39,39
admission_full,136,F_L:J7,F_R:J2,True,61,100,100,39,39
admission_full,137,F_L:J7,F_R:J3,True,61,100,100,39,39
admission_full,138,F_L:J7,F_R:J4,True,62,100,100,38,38
admission_full,139,F_L:J7,F_R:J5,True,64,100,100,36,36
admission_full,140,F_L:J7,F_R:J6,True,57,100,100,43,43
admission_full,141,F_L:J7,F_R:J7,True,61,100,100,39,39
admission_full,142,F_L:J7,U_L:J1,True,59,100,100,41,41
admission_full,143,F_L:J7,U_L:J2,True,44,60,60,16,16
admission_full,144,F_L:J7,U_L:J3,True,57,100,99,43,42
admission_full,145,F_L:J7,U_L:J4,True,56,98,98,42,42
admission_full,146,F_L:J7,U_L:J5,True,53,80,79,27,26
admission_full,147,F_L:J7,U_L:J6,True,69,100,100,31,31
admission_full,148,F_L:J7,U_R:J1,True,56,100,100,44,44
admission_full,149,F_L:J7,U_R:J2,True,42,60,60,18,18
admission_full,150,F_L:J7,U_R:J3,True,53,100,100,47,47
admission_full,151,F_L:J7,U_R:J4,True,60,97,95,37,35
admission_full,152,F_L:J7,U_R:J5,True,47,81,77,34,30
admission_full,153,F_L:J7,U_R:J6,True,61,100,100,39,39
admission_full,154,F_R:J1,F_R:J2,False,58,100,100,42,42
admission_full,155,F_R:J1,F_R:J3,False,55,100,100,45,45
admission_full,156,F_R:J1,F_R:J4,False,56,100,100,44,44
admission_full,157,F_R:J1,F_R:J5,False,59,100,100,41,41
admission_full,158,F_R:J1,F_R:J6,False,60,100,100,40,40
admission_full,159,F_R:J1,F_R:J7,False,64,100,100,36,36
admission_full,160,F_R:J1,U_L:J1,True,56,100,100,44,44
admission_full,161,F_R:J1,U_L:J2,True,37,60,60,23,23
admission_full,162,F_R:J1,U_L:J3,True,52,100,100,48,48
admission_full,163,F_R:J1,U_L:J4,True,52,97,97,45,45
admission_full,164,F_R:J1,U_L:J5,True,48,80,79,32,31
admission_full,165,F_R:J1,U_L:J6,True,60,100,100,40,40
admission_full,166,F_R:J1,U_R:J1,True,50,100,100,50,50
admission_full,167,F_R:J1,U_R:J2,True,45,58,58,13,13
admission_full,168,F_R:J1,U_R:J3,True,51,100,100,49,49
admission_full,169,F_R:J1,U_R:J4,True,59,96,96,37,37
admission_full,170,F_R:J1,U_R:J5,True,47,79,75,32,28
admission_full,171,F_R:J1,U_R:J6,True,57,100,100,43,43
admission_full,172,F_R:J2,F_R:J3,False,57,100,100,43,43
admission_full,173,F_R:J2,F_R:J4,False,55,100,100,45,45
admission_full,174,F_R:J2,F_R:J5,False,66,100,100,34,34
admission_full,175,F_R:J2,F_R:J6,False,53,100,100,47,47
admission_full,176,F_R:J2,F_R:J7,False,61,100,100,39,39
admission_full,177,F_R:J2,U_L:J1,True,53,100,100,47,47
admission_full,178,F_R:J2,U_L:J2,True,41,60,60,19,19
admission_full,179,F_R:J2,U_L:J3,True,59,100,100,41,41
admission_full,180,F_R:J2,U_L:J4,True,59,100,98,41,39
admission_full,181,F_R:J2,U_L:J5,True,50,80,80,30,30
admission_full,182,F_R:J2,U_L:J6,True,59,100,100,41,41
admission_full,183,F_R:J2,U_R:J1,True,53,100,100,47,47
admission_full,184,F_R:J2,U_R:J2,True,44,60,60,16,16
admission_full,185,F_R:J2,U_R:J3,True,56,100,100,44,44
admission_full,186,F_R:J2,U_R:J4,True,58,100,96,42,38
admission_full,187,F_R:J2,U_R:J5,True,44,82,80,38,36
admission_full,188,F_R:J2,U_R:J6,True,58,100,100,42,42
admission_full,189,F_R:J3,F_R:J4,False,60,100,100,40,40
admission_full,190,F_R:J3,F_R:J5,False,61,100,100,39,39
admission_full,191,F_R:J3,F_R:J6,False,57,100,100,43,43
admission_full,192,F_R:J3,F_R:J7,False,67,100,100,33,33
admission_full,193,F_R:J3,U_L:J1,True,58,100,100,42,42
admission_full,194,F_R:J3,U_L:J2,True,43,60,60,17,17
admission_full,195,F_R:J3,U_L:J3,True,53,100,100,47,47
admission_full,196,F_R:J3,U_L:J4,True,53,99,99,46,46
admission_full,197,F_R:J3,U_L:J5,True,45,80,78,35,33
admission_full,198,F_R:J3,U_L:J6,True,61,100,100,39,39
admission_full,199,F_R:J3,U_R:J1,True,55,100,100,45,45
admission_full,200,F_R:J3,U_R:J2,True,42,60,60,18,18
admission_full,201,F_R:J3,U_R:J3,True,55,100,100,45,45
admission_full,202,F_R:J3,U_R:J4,True,59,100,96,41,37
admission_full,203,F_R:J3,U_R:J5,True,44,82,77,38,33
admission_full,204,F_R:J3,U_R:J6,True,65,100,100,35,35
admission_full,205,F_R:J4,F_R:J5,False,65,99,99,34,34
admission_full,206,F_R:J4,F_R:J6,False,63,100,100,37,37
admission_full,207,F_R:J4,F_R:J7,False,60,100,100,40,40
admission_full,208,F_R:J4,U_L:J1,True,61,100,100,39,39
admission_full,209,F_R:J4,U_L:J2,True,45,60,60,15,15
admission_full,210,F_R:J4,U_L:J3,True,57,100,100,43,43
admission_full,211,F_R:J4,U_L:J4,True,58,100,100,42,42
admission_full,212,F_R:J4,U_L:J5,True,51,79,79,28,28
admission_full,213,F_R:J4,U_L:J6,True,67,100,100,33,33
admission_full,214,F_R:J4,U_R:J1,True,59,100,100,41,41
admission_full,215,F_R:J4,U_R:J2,True,45,59,59,14,14
admission_full,216,F_R:J4,U_R:J3,True,57,100,100,43,43
admission_full,217,F_R:J4,U_R:J4,True,58,100,99,42,41
admission_full,218,F_R:J4,U_R:J5,True,49,82,79,33,30
admission_full,219,F_R:J4,U_R:J6,True,68,100,100,32,32
admission_full,220,F_R:J5,F_R:J6,False,66,100,100,34,34
admission_full,221,F_R:J5,F_R:J7,False,68,100,100,32,32
admission_full,222,F_R:J5,U_L:J1,True,57,100,100,43,43
admission_full,223,F_R:J5,U_L:J2,True,45,60,60,15,15
admission_full,224,F_R:J5,U_L:J3,True,61,100,100,39,39
admission_full,225,F_R:J5,U_L:J4,True,58,96,96,38,38
admission_full,226,F_R:J5,U_L:J5,True,49,80,80,31,31
admission_full,227,F_R:J5,U_L:J6,True,63,100,100,37,37
admission_full,228,F_R:J5,U_R:J1,True,52,100,100,48,48
admission_full,229,F_R:J5,U_R:J2,True,45,60,60,15,15
admission_full,230,F_R:J5,U_R:J3,True,58,100,100,42,42
admission_full,231,F_R:J5,U_R:J4,True,57,100,98,43,41
admission_full,232,F_R:J5,U_R:J5,True,47,80,79,33,32
admission_full,233,F_R:J5,U_R:J6,True,61,100,100,39,39
admission_full,234,F_R:J6,F_R:J7,False,60,100,100,40,40
admission_full,235,F_R:J6,U_L:J1,True,59,100,100,41,41
admission_full,236,F_R:J6,U_L:J2,True,44,60,60,16,16
admission_full,237,F_R:J6,U_L:J3,True,54,100,100,46,46
admission_full,238,F_R:J6,U_L:J4,True,52,100,100,48,48
admission_full,239,F_R:J6,U_L:J5,True,51,80,80,29,29
admission_full,240,F_R:J6,U_L:J6,True,61,100,100,39,39
admission_full,241,F_R:J6,U_R:J1,True,48,100,100,52,52
admission_full,242,F_R:J6,U_R:J2,True,43,60,60,17,17
admission_full,243,F_R:J6,U_R:J3,True,54,100,100,46,46
admission_full,244,F_R:J6,U_R:J4,True,56,99,97,43,41
admission_full,245,F_R:J6,U_R:J5,True,47,80,77,33,30
admission_full,246,F_R:J6,U_R:J6,True,60,100,100,40,40
admission_full,247,F_R:J7,U_L:J1,True,54,100,100,46,46
admission_full,248,F_R:J7,U_L:J2,True,45,60,60,15,15
admission_full,249,F_R:J7,U_L:J3,True,60,100,100,40,40
admission_full,250,F_R:J7,U_L:J4,True,55,98,98,43,43
admission_full,251,F_R:J7,U_L:J5,True,47,80,80,33,33
admission_full,252,F_R:J7,U_L:J6,True,58,100,100,42,42
admission_full,253,F_R:J7,U_R:J1,True,51,100,100,49,49
admission_full,254,F_R:J7,U_R:J2,True,43,60,60,17,17
admission_full,255,F_R:J7,U_R:J3,True,58,100,100,42,42
admission_full,256,F_R:J7,U_R:J4,True,58,100,97,42,39
admission_full,257,F_R:J7,U_R:J5,True,46,81,79,35,33
admission_full,258,F_R:J7,U_R:J6,True,64,100,100,36,36
admission_full,259,U_L:J1,U_L:J2,False,44,60,59,16,15
admission_full,260,U_L:J1,U_L:J3,False,55,99,99,44,44
admission_full,261,U_L:J1,U_L:J4,False,55,93,93,38,38
admission_full,262,U_L:J1,U_L:J5,False,51,76,75,25,24
admission_full,263,U_L:J1,U_L:J6,False,64,100,99,36,35
admission_full,264,U_L:J1,U_R:J1,True,52,98,98,46,46
admission_full,265,U_L:J1,U_R:J2,True,43,58,58,15,15
admission_full,266,U_L:J1,U_R:J3,True,58,100,100,42,42
admission_full,267,U_L:J1,U_R:J4,True,57,95,94,38,37
admission_full,268,U_L:J1,U_R:J5,True,50,75,73,25,23
admission_full,269,U_L:J1,U_R:J6,True,64,100,100,36,36
admission_full,270,U_L:J2,U_L:J3,False,36,54,54,18,18
admission_full,271,U_L:J2,U_L:J4,False,41,56,56,15,15
admission_full,272,U_L:J2,U_L:J5,False,32,45,45,13,13
admission_full,273,U_L:J2,U_L:J6,False,47,60,59,13,12
admission_full,274,U_L:J2,U_R:J1,True,40,59,59,19,19
admission_full,275,U_L:J2,U_R:J2,True,27,36,36,9,9
admission_full,276,U_L:J2,U_R:J3,True,39,58,57,19,18
admission_full,277,U_L:J2,U_R:J4,True,38,55,54,17,16
admission_full,278,U_L:J2,U_R:J5,True,32,48,46,16,14
admission_full,279,U_L:J2,U_R:J6,True,47,59,59,12,12
admission_full,280,U_L:J3,U_L:J4,False,50,90,90,40,40
admission_full,281,U_L:J3,U_L:J5,False,42,79,79,37,37
admission_full,282,U_L:J3,U_L:J6,False,52,99,99,47,47
admission_full,283,U_L:J3,U_R:J1,True,51,99,99,48,48
admission_full,284,U_L:J3,U_R:J2,True,42,59,59,17,17
admission_full,285,U_L:J3,U_R:J3,True,51,100,100,49,49
admission_full,286,U_L:J3,U_R:J4,True,55,92,90,37,35
admission_full,287,U_L:J3,U_R:J5,True,43,77,74,34,31
admission_full,288,U_L:J3,U_R:J6,True,57,100,100,43,43
admission_full,289,U_L:J4,U_L:J5,False,44,67,66,23,22
admission_full,290,U_L:J4,U_L:J6,False,60,92,92,32,32
admission_full,291,U_L:J4,U_R:J1,True,47,90,89,43,42
admission_full,292,U_L:J4,U_R:J2,True,40,55,55,15,15
admission_full,293,U_L:J4,U_R:J3,True,54,92,92,38,38
admission_full,294,U_L:J4,U_R:J4,True,51,85,83,34,32
admission_full,295,U_L:J4,U_R:J5,True,41,74,68,33,27
admission_full,296,U_L:J4,U_R:J6,True,55,95,95,40,40
admission_full,297,U_L:J5,U_L:J6,False,53,75,74,22,21
admission_full,298,U_L:J5,U_R:J1,True,47,78,75,31,28
admission_full,299,U_L:J5,U_R:J2,True,35,48,48,13,13
admission_full,300,U_L:J5,U_R:J3,True,45,75,75,30,30
admission_full,301,U_L:J5,U_R:J4,True,49,67,66,18,17
admission_full,302,U_L:J5,U_R:J5,True,41,61,58,20,17
admission_full,303,U_L:J5,U_R:J6,True,51,74,74,23,23
admission_full,304,U_L:J6,U_R:J1,True,53,100,99,47,46
admission_full,305,U_L:J6,U_R:J2,True,45,58,58,13,13
admission_full,306,U_L:J6,U_R:J3,True,56,99,99,43,43
admission_full,307,U_L:J6,U_R:J4,True,59,95,92,36,33
admission_full,308,U_L:J6,U_R:J5,True,46,78,72,32,26
admission_full,309,U_L:J6,U_R:J6,True,62,99,99,37,37
admission_full,310,U_R:J1,U_R:J2,False,42,57,57,15,15
admission_full,311,U_R:J1,U_R:J3,False,48,100,100,52,52
admission_full,312,U_R:J1,U_R:J4,False,56,94,91,38,35
admission_full,313,U_R:J1,U_R:J5,False,44,75,71,31,27
admission_full,314,U_R:J1,U_R:J6,False,64,100,100,36,36
admission_full,315,U_R:J2,U_R:J3,False,37,54,53,17,16
admission_full,316,U_R:J2,U_R:J4,False,43,54,53,11,10
admission_full,317,U_R:J2,U_R:J5,False,35,45,43,10,8
admission_full,318,U_R:J2,U_R:J6,False,44,59,59,15,15
admission_full,319,U_R:J3,U_R:J4,False,54,92,89,38,35
admission_full,320,U_R:J3,U_R:J5,False,44,76,71,32,27
admission_full,321,U_R:J3,U_R:J6,False,54,100,100,46,46
admission_full,322,U_R:J4,U_R:J5,False,43,72,66,29,23
admission_full,323,U_R:J4,U_R:J6,False,56,96,93,40,37
admission_full,324,U_R:J5,U_R:J6,False,47,78,74,31,27
admission_scaled_036,0,F_L:J1,F_L:J2,False,62,100,100,38,38
admission_scaled_036,1,F_L:J1,F_L:J3,False,63,100,100,37,37
admission_scaled_036,2,F_L:J1,F_L:J4,False,63,100,100,37,37
admission_scaled_036,3,F_L:J1,F_L:J5,False,63,100,100,37,37
admission_scaled_036,4,F_L:J1,F_L:J6,False,63,100,100,37,37
admission_scaled_036,5,F_L:J1,F_L:J7,False,65,100,100,35,35
admission_scaled_036,6,F_L:J1,F_R:J1,True,53,100,100,47,47
admission_scaled_036,7,F_L:J1,F_R:J2,True,56,100,100,44,44
admission_scaled_036,8,F_L:J1,F_R:J3,True,58,99,99,41,41
admission_scaled_036,9,F_L:J1,F_R:J4,True,62,100,100,38,38
admission_scaled_036,10,F_L:J1,F_R:J5,True,63,100,100,37,37
admission_scaled_036,11,F_L:J1,F_R:J6,True,56,100,100,44,44
admission_scaled_036,12,F_L:J1,F_R:J7,True,58,100,100,42,42
admission_scaled_036,13,F_L:J1,U_L:J1,True,53,99,99,46,46
admission_scaled_036,14,F_L:J1,U_L:J2,True,40,60,60,20,20
admission_scaled_036,15,F_L:J1,U_L:J3,True,56,96,96,40,40
admission_scaled_036,16,F_L:J1,U_L:J4,True,52,94,94,42,42
admission_scaled_036,17,F_L:J1,U_L:J5,True,49,79,79,30,30
admission_scaled_036,18,F_L:J1,U_L:J6,True,61,98,98,37,37
admission_scaled_036,19,F_L:J1,U_R:J1,True,52,100,100,48,48
admission_scaled_036,20,F_L:J1,U_R:J2,True,44,56,56,12,12
admission_scaled_036,21,F_L:J1,U_R:J3,True,54,99,99,45,45
admission_scaled_036,22,F_L:J1,U_R:J4,True,56,95,95,39,39
admission_scaled_036,23,F_L:J1,U_R:J5,True,48,76,76,28,28
admission_scaled_036,24,F_L:J1,U_R:J6,True,56,100,100,44,44
admission_scaled_036,25,F_L:J2,F_L:J3,False,61,100,100,39,39
admission_scaled_036,26,F_L:J2,F_L:J4,False,67,100,100,33,33
admission_scaled_036,27,F_L:J2,F_L:J5,False,64,100,100,36,36
admission_scaled_036,28,F_L:J2,F_L:J6,False,58,100,100,42,42
admission_scaled_036,29,F_L:J2,F_L:J7,False,64,100,100,36,36
admission_scaled_036,30,F_L:J2,F_R:J1,True,58,100,100,42,42
admission_scaled_036,31,F_L:J2,F_R:J2,True,58,100,100,42,42
admission_scaled_036,32,F_L:J2,F_R:J3,True,56,100,100,44,44
admission_scaled_036,33,F_L:J2,F_R:J4,True,63,100,100,37,37
admission_scaled_036,34,F_L:J2,F_R:J5,True,71,100,100,29,29
admission_scaled_036,35,F_L:J2,F_R:J6,True,62,100,100,38,38
admission_scaled_036,36,F_L:J2,F_R:J7,True,56,100,100,44,44
admission_scaled_036,37,F_L:J2,U_L:J1,True,61,97,97,36,36
admission_scaled_036,38,F_L:J2,U_L:J2,True,47,60,60,13,13
admission_scaled_036,39,F_L:J2,U_L:J3,True,55,97,97,42,42
admission_scaled_036,40,F_L:J2,U_L:J4,True,58,100,100,42,42
admission_scaled_036,41,F_L:J2,U_L:J5,True,51,80,80,29,29
admission_scaled_036,42,F_L:J2,U_L:J6,True,59,100,100,41,41
admission_scaled_036,43,F_L:J2,U_R:J1,True,56,98,98,42,42
admission_scaled_036,44,F_L:J2,U_R:J2,True,47,59,59,12,12
admission_scaled_036,45,F_L:J2,U_R:J3,True,57,100,100,43,43
admission_scaled_036,46,F_L:J2,U_R:J4,True,57,98,98,41,41
admission_scaled_036,47,F_L:J2,U_R:J5,True,47,79,79,32,32
admission_scaled_036,48,F_L:J2,U_R:J6,True,60,99,99,39,39
admission_scaled_036,49,F_L:J3,F_L:J4,False,65,99,99,34,34
admission_scaled_036,50,F_L:J3,F_L:J5,False,60,100,100,40,40
admission_scaled_036,51,F_L:J3,F_L:J6,False,63,100,100,37,37
admission_scaled_036,52,F_L:J3,F_L:J7,False,57,100,100,43,43
admission_scaled_036,53,F_L:J3,F_R:J1,True,58,100,100,42,42
admission_scaled_036,54,F_L:J3,F_R:J2,True,55,100,100,45,45
admission_scaled_036,55,F_L:J3,F_R:J3,True,56,99,99,43,43
admission_scaled_036,56,F_L:J3,F_R:J4,True,60,100,100,40,40
admission_scaled_036,57,F_L:J3,F_R:J5,True,68,100,100,32,32
admission_scaled_036,58,F_L:J3,F_R:J6,True,56,100,100,44,44
admission_scaled_036,59,F_L:J3,F_R:J7,True,61,100,100,39,39
admission_scaled_036,60,F_L:J3,U_L:J1,True,51,97,97,46,46
admission_scaled_036,61,F_L:J3,U_L:J2,True,42,60,60,18,18
admission_scaled_036,62,F_L:J3,U_L:J3,True,53,99,98,46,45
admission_scaled_036,63,F_L:J3,U_L:J4,True,50,94,94,44,44
admission_scaled_036,64,F_L:J3,U_L:J5,True,47,80,80,33,33
admission_scaled_036,65,F_L:J3,U_L:J6,True,60,99,99,39,39
admission_scaled_036,66,F_L:J3,U_R:J1,True,54,98,98,44,44
admission_scaled_036,67,F_L:J3,U_R:J2,True,42,59,59,17,17
admission_scaled_036,68,F_L:J3,U_R:J3,True,52,97,97,45,45
admission_scaled_036,69,F_L:J3,U_R:J4,True,53,95,94,42,41
admission_scaled_036,70,F_L:J3,U_R:J5,True,46,78,78,32,32
admission_scaled_036,71,F_L:J3,U_R:J6,True,60,99,99,39,39
admission_scaled_036,72,F_L:J4,F_L:J5,False,68,100,100,32,32
admission_scaled_036,73,F_L:J4,F_L:J6,False,59,100,100,41,41
admission_scaled_036,74,F_L:J4,F_L:J7,False,70,100,100,30,30
admission_scaled_036,75,F_L:J4,F_R:J1,True,64,100,100,36,36
admission_scaled_036,76,F_L:J4,F_R:J2,True,64,100,100,36,36
admission_scaled_036,77,F_L:J4,F_R:J3,True,63,100,100,37,37
admission_scaled_036,78,F_L:J4,F_R:J4,True,67,100,100,33,33
admission_scaled_036,79,F_L:J4,F_R:J5,True,68,100,100,32,32
admission_scaled_036,80,F_L:J4,F_R:J6,True,63,100,100,37,37
admission_scaled_036,81,F_L:J4,F_R:J7,True,63,100,100,37,37
admission_scaled_036,82,F_L:J4,U_L:J1,True,58,100,100,42,42
admission_scaled_036,83,F_L:J4,U_L:J2,True,45,60,60,15,15
admission_scaled_036,84,F_L:J4,U_L:J3,True,62,97,97,35,35
admission_scaled_036,85,F_L:J4,U_L:J4,True,58,100,100,42,42
admission_scaled_036,86,F_L:J4,U_L:J5,True,53,80,80,27,27
admission_scaled_036,87,F_L:J4,U_L:J6,True,62,100,100,38,38
admission_scaled_036,88,F_L:J4,U_R:J1,True,56,98,98,42,42
admission_scaled_036,89,F_L:J4,U_R:J2,True,48,60,60,12,12
admission_scaled_036,90,F_L:J4,U_R:J3,True,66,100,100,34,34
admission_scaled_036,91,F_L:J4,U_R:J4,True,59,98,98,39,39
admission_scaled_036,92,F_L:J4,U_R:J5,True,49,80,80,31,31
admission_scaled_036,93,F_L:J4,U_R:J6,True,65,100,100,35,35
admission_scaled_036,94,F_L:J5,F_L:J6,False,60,100,100,40,40
admission_scaled_036,95,F_L:J5,F_L:J7,False,67,100,100,33,33
admission_scaled_036,96,F_L:J5,F_R:J1,True,60,100,100,40,40
admission_scaled_036,97,F_L:J5,F_R:J2,True,60,100,100,40,40
admission_scaled_036,98,F_L:J5,F_R:J3,True,56,100,100,44,44
admission_scaled_036,99,F_L:J5,F_R:J4,True,61,100,100,39,39
admission_scaled_036,100,F_L:J5,F_R:J5,True,67,100,100,33,33
admission_scaled_036,101,F_L:J5,F_R:J6,True,57,100,100,43,43
admission_scaled_036,102,F_L:J5,F_R:J7,True,62,100,100,38,38
admission_scaled_036,103,F_L:J5,U_L:J1,True,58,99,99,41,41
admission_scaled_036,104,F_L:J5,U_L:J2,True,46,60,60,14,14
admission_scaled_036,105,F_L:J5,U_L:J3,True,55,97,95,42,40
admission_scaled_036,106,F_L:J5,U_L:J4,True,55,95,94,40,39
admission_scaled_036,107,F_L:J5,U_L:J5,True,54,76,76,22,22
admission_scaled_036,108,F_L:J5,U_L:J6,True,60,96,96,36,36
admission_scaled_036,109,F_L:J5,U_R:J1,True,54,100,100,46,46
admission_scaled_036,110,F_L:J5,U_R:J2,True,46,58,58,12,12
admission_scaled_036,111,F_L:J5,U_R:J3,True,57,98,98,41,41
admission_scaled_036,112,F_L:J5,U_R:J4,True,56,90,90,34,34
admission_scaled_036,113,F_L:J5,U_R:J5,True,47,78,78,31,31
admission_scaled_036,114,F_L:J5,U_R:J6,True,56,100,100,44,44
admission_scaled_036,115,F_L:J6,F_L:J7,False,65,100,100,35,35
admission_scaled_036,116,F_L:J6,F_R:J1,True,56,100,100,44,44
admission_scaled_036,117,F_L:J6,F_R:J2,True,60,100,100,40,40
admission_scaled_036,118,F_L:J6,F_R:J3,True,60,100,100,40,40
admission_scaled_036,119,F_L:J6,F_R:J4,True,62,100,100,38,38
admission_scaled_036,120,F_L:J6,F_R:J5,True,64,100,100,36,36
admission_scaled_036,121,F_L:J6,F_R:J6,True,62,100,100,38,38
admission_scaled_036,122,F_L:J6,F_R:J7,True,61,100,100,39,39
admission_scaled_036,123,F_L:J6,U_L:J1,True,58,100,100,42,42
admission_scaled_036,124,F_L:J6,U_L:J2,True,44,60,60,16,16
admission_scaled_036,125,F_L:J6,U_L:J3,True,56,98,97,42,41
admission_scaled_036,126,F_L:J6,U_L:J4,True,55,97,97,42,42
admission_scaled_036,127,F_L:J6,U_L:J5,True,49,79,79,30,30
admission_scaled_036,128,F_L:J6,U_L:J6,True,61,99,99,38,38
admission_scaled_036,129,F_L:J6,U_R:J1,True,56,100,100,44,44
admission_scaled_036,130,F_L:J6,U_R:J2,True,45,58,58,13,13
admission_scaled_036,131,F_L:J6,U_R:J3,True,52,100,100,48,48
admission_scaled_036,132,F_L:J6,U_R:J4,True,56,98,98,42,42
admission_scaled_036,133,F_L:J6,U_R:J5,True,46,79,79,33,33
admission_scaled_036,134,F_L:J6,U_R:J6,True,56,100,100,44,44
admission_scaled_036,135,F_L:J7,F_R:J1,True,61,100,100,39,39
admission_scaled_036,136,F_L:J7,F_R:J2,True,61,100,100,39,39
admission_scaled_036,137,F_L:J7,F_R:J3,True,61,100,100,39,39
admission_scaled_036,138,F_L:J7,F_R:J4,True,62,100,100,38,38
admission_scaled_036,139,F_L:J7,F_R:J5,True,64,100,100,36,36
admission_scaled_036,140,F_L:J7,F_R:J6,True,57,100,100,43,43
admission_scaled_036,141,F_L:J7,F_R:J7,True,61,100,100,39,39
admission_scaled_036,142,F_L:J7,U_L:J1,True,59,100,100,41,41
admission_scaled_036,143,F_L:J7,U_L:J2,True,44,60,60,16,16
admission_scaled_036,144,F_L:J7,U_L:J3,True,57,96,95,39,38
admission_scaled_036,145,F_L:J7,U_L:J4,True,56,94,94,38,38
admission_scaled_036,146,F_L:J7,U_L:J5,True,53,78,78,25,25
admission_scaled_036,147,F_L:J7,U_L:J6,True,69,98,98,29,29
admission_scaled_036,148,F_L:J7,U_R:J1,True,56,98,98,42,42
admission_scaled_036,149,F_L:J7,U_R:J2,True,42,58,58,16,16
admission_scaled_036,150,F_L:J7,U_R:J3,True,53,100,100,47,47
admission_scaled_036,151,F_L:J7,U_R:J4,True,60,91,91,31,31
admission_scaled_036,152,F_L:J7,U_R:J5,True,47,75,75,28,28
admission_scaled_036,153,F_L:J7,U_R:J6,True,61,100,100,39,39
admission_scaled_036,154,F_R:J1,F_R:J2,False,58,100,100,42,42
admission_scaled_036,155,F_R:J1,F_R:J3,False,55,100,100,45,45
admission_scaled_036,156,F_R:J1,F_R:J4,False,56,100,100,44,44
admission_scaled_036,157,F_R:J1,F_R:J5,False,59,100,100,41,41
admission_scaled_036,158,F_R:J1,F_R:J6,False,60,100,100,40,40
admission_scaled_036,159,F_R:J1,F_R:J7,False,64,100,100,36,36
admission_scaled_036,160,F_R:J1,U_L:J1,True,56,99,98,43,42
admission_scaled_036,161,F_R:J1,U_L:J2,True,37,60,58,23,21
admission_scaled_036,162,F_R:J1,U_L:J3,True,52,95,95,43,43
admission_scaled_036,163,F_R:J1,U_L:J4,True,52,96,96,44,44
admission_scaled_036,164,F_R:J1,U_L:J5,True,48,77,76,29,28
admission_scaled_036,165,F_R:J1,U_L:J6,True,60,100,100,40,40
admission_scaled_036,166,F_R:J1,U_R:J1,True,50,97,97,47,47
admission_scaled_036,167,F_R:J1,U_R:J2,True,45,57,57,12,12
admission_scaled_036,168,F_R:J1,U_R:J3,True,51,97,97,46,46
admission_scaled_036,169,F_R:J1,U_R:J4,True,59,95,95,36,36
admission_scaled_036,170,F_R:J1,U_R:J5,True,47,74,74,27,27
admission_scaled_036,171,F_R:J1,U_R:J6,True,57,98,97,41,40
admission_scaled_036,172,F_R:J2,F_R:J3,False,57,100,100,43,43
admission_scaled_036,173,F_R:J2,F_R:J4,False,55,100,100,45,45
admission_scaled_036,174,F_R:J2,F_R:J5,False,66,100,100,34,34
admission_scaled_036,175,F_R:J2,F_R:J6,False,53,100,100,47,47
admission_scaled_036,176,F_R:J2,F_R:J7,False,61,100,100,39,39
admission_scaled_036,177,F_R:J2,U_L:J1,True,53,99,99,46,46
admission_scaled_036,178,F_R:J2,U_L:J2,True,41,59,59,18,18
admission_scaled_036,179,F_R:J2,U_L:J3,True,59,100,100,41,41
admission_scaled_036,180,F_R:J2,U_L:J4,True,59,97,97,38,38
admission_scaled_036,181,F_R:J2,U_L:J5,True,50,80,79,30,29
admission_scaled_036,182,F_R:J2,U_L:J6,True,59,97,97,38,38
admission_scaled_036,183,F_R:J2,U_R:J1,True,53,97,97,44,44
admission_scaled_036,184,F_R:J2,U_R:J2,True,44,60,60,16,16
admission_scaled_036,185,F_R:J2,U_R:J3,True,56,99,99,43,43
admission_scaled_036,186,F_R:J2,U_R:J4,True,58,98,98,40,40
admission_scaled_036,187,F_R:J2,U_R:J5,True,44,78,78,34,34
admission_scaled_036,188,F_R:J2,U_R:J6,True,58,100,99,42,41
admission_scaled_036,189,F_R:J3,F_R:J4,False,60,100,100,40,40
admission_scaled_036,190,F_R:J3,F_R:J5,False,61,100,100,39,39
admission_scaled_036,191,F_R:J3,F_R:J6,False,57,100,100,43,43
admission_scaled_036,192,F_R:J3,F_R:J7,False,67,100,100,33,33
admission_scaled_036,193,F_R:J3,U_L:J1,True,58,97,97,39,39
admission_scaled_036,194,F_R:J3,U_L:J2,True,43,60,60,17,17
admission_scaled_036,195,F_R:J3,U_L:J3,True,53,96,95,43,42
admission_scaled_036,196,F_R:J3,U_L:J4,True,53,96,96,43,43
admission_scaled_036,197,F_R:J3,U_L:J5,True,45,79,79,34,34
admission_scaled_036,198,F_R:J3,U_L:J6,True,61,97,97,36,36
admission_scaled_036,199,F_R:J3,U_R:J1,True,55,98,98,43,43
admission_scaled_036,200,F_R:J3,U_R:J2,True,42,57,57,15,15
admission_scaled_036,201,F_R:J3,U_R:J3,True,55,97,97,42,42
admission_scaled_036,202,F_R:J3,U_R:J4,True,59,95,95,36,36
admission_scaled_036,203,F_R:J3,U_R:J5,True,44,73,73,29,29
admission_scaled_036,204,F_R:J3,U_R:J6,True,65,99,99,34,34
admission_scaled_036,205,F_R:J4,F_R:J5,False,65,100,100,35,35
admission_scaled_036,206,F_R:J4,F_R:J6,False,63,100,100,37,37
admission_scaled_036,207,F_R:J4,F_R:J7,False,60,100,100,40,40
admission_scaled_036,208,F_R:J4,U_L:J1,True,61,100,100,39,39
admission_scaled_036,209,F_R:J4,U_L:J2,True,45,60,60,15,15
admission_scaled_036,210,F_R:J4,U_L:J3,True,57,98,98,41,41
admission_scaled_036,211,F_R:J4,U_L:J4,True,58,96,96,38,38
admission_scaled_036,212,F_R:J4,U_L:J5,True,51,79,79,28,28
admission_scaled_036,213,F_R:J4,U_L:J6,True,67,100,100,33,33
admission_scaled_036,214,F_R:J4,U_R:J1,True,59,98,98,39,39
admission_scaled_036,215,F_R:J4,U_R:J2,True,45,59,59,14,14
admission_scaled_036,216,F_R:J4,U_R:J3,True,57,100,100,43,43
admission_scaled_036,217,F_R:J4,U_R:J4,True,58,98,98,40,40
admission_scaled_036,218,F_R:J4,U_R:J5,True,49,78,78,29,29
admission_scaled_036,219,F_R:J4,U_R:J6,True,68,100,100,32,32
admission_scaled_036,220,F_R:J5,F_R:J6,False,66,100,100,34,34
admission_scaled_036,221,F_R:J5,F_R:J7,False,68,100,100,32,32
admission_scaled_036,222,F_R:J5,U_L:J1,True,57,99,99,42,42
admission_scaled_036,223,F_R:J5,U_L:J2,True,45,60,60,15,15
admission_scaled_036,224,F_R:J5,U_L:J3,True,61,95,95,34,34
admission_scaled_036,225,F_R:J5,U_L:J4,True,58,93,93,35,35
admission_scaled_036,226,F_R:J5,U_L:J5,True,49,77,77,28,28
admission_scaled_036,227,F_R:J5,U_L:J6,True,63,99,99,36,36
admission_scaled_036,228,F_R:J5,U_R:J1,True,52,96,96,44,44
admission_scaled_036,229,F_R:J5,U_R:J2,True,45,59,59,14,14
admission_scaled_036,230,F_R:J5,U_R:J3,True,58,97,97,39,39
admission_scaled_036,231,F_R:J5,U_R:J4,True,57,99,99,42,42
admission_scaled_036,232,F_R:J5,U_R:J5,True,47,75,75,28,28
admission_scaled_036,233,F_R:J5,U_R:J6,True,61,100,100,39,39
admission_scaled_036,234,F_R:J6,F_R:J7,False,60,100,100,40,40
admission_scaled_036,235,F_R:J6,U_L:J1,True,59,100,100,41,41
admission_scaled_036,236,F_R:J6,U_L:J2,True,44,60,60,16,16
admission_scaled_036,237,F_R:J6,U_L:J3,True,54,95,95,41,41
admission_scaled_036,238,F_R:J6,U_L:J4,True,52,100,100,48,48
admission_scaled_036,239,F_R:J6,U_L:J5,True,51,78,78,27,27
admission_scaled_036,240,F_R:J6,U_L:J6,True,61,98,98,37,37
admission_scaled_036,241,F_R:J6,U_R:J1,True,48,100,100,52,52
admission_scaled_036,242,F_R:J6,U_R:J2,True,43,60,60,17,17
admission_scaled_036,243,F_R:J6,U_R:J3,True,54,100,100,46,46
admission_scaled_036,244,F_R:J6,U_R:J4,True,56,92,92,36,36
admission_scaled_036,245,F_R:J6,U_R:J5,True,47,75,75,28,28
admission_scaled_036,246,F_R:J6,U_R:J6,True,60,100,100,40,40
admission_scaled_036,247,F_R:J7,U_L:J1,True,54,99,99,45,45
admission_scaled_036,248,F_R:J7,U_L:J2,True,45,60,60,15,15
admission_scaled_036,249,F_R:J7,U_L:J3,True,60,97,95,37,35
admission_scaled_036,250,F_R:J7,U_L:J4,True,55,97,97,42,42
admission_scaled_036,251,F_R:J7,U_L:J5,True,47,76,76,29,29
admission_scaled_036,252,F_R:J7,U_L:J6,True,58,100,100,42,42
admission_scaled_036,253,F_R:J7,U_R:J1,True,51,93,93,42,42
admission_scaled_036,254,F_R:J7,U_R:J2,True,43,59,59,16,16
admission_scaled_036,255,F_R:J7,U_R:J3,True,58,97,97,39,39
admission_scaled_036,256,F_R:J7,U_R:J4,True,58,98,98,40,40
admission_scaled_036,257,F_R:J7,U_R:J5,True,46,75,75,29,29
admission_scaled_036,258,F_R:J7,U_R:J6,True,64,98,98,34,34
admission_scaled_036,259,U_L:J1,U_L:J2,False,44,58,58,14,14
admission_scaled_036,260,U_L:J1,U_L:J3,False,55,91,91,36,36
admission_scaled_036,261,U_L:J1,U_L:J4,False,55,89,88,34,33
admission_scaled_036,262,U_L:J1,U_L:J5,False,51,75,75,24,24
admission_scaled_036,263,U_L:J1,U_L:J6,False,64,98,98,34,34
admission_scaled_036,264,U_L:J1,U_R:J1,True,52,89,88,37,36
admission_scaled_036,265,U_L:J1,U_R:J2,True,43,55,55,12,12
admission_scaled_036,266,U_L:J1,U_R:J3,True,58,95,95,37,37
admission_scaled_036,267,U_L:J1,U_R:J4,True,57,91,90,34,33
admission_scaled_036,268,U_L:J1,U_R:J5,True,50,70,70,20,20
admission_scaled_036,269,U_L:J1,U_R:J6,True,64,93,93,29,29
admission_scaled_036,270,U_L:J2,U_L:J3,False,36,53,53,17,17
admission_scaled_036,271,U_L:J2,U_L:J4,False,41,51,51,10,10
admission_scaled_036,272,U_L:J2,U_L:J5,False,32,46,46,14,14
admission_scaled_036,273,U_L:J2,U_L:J6,False,47,60,60,13,13
admission_scaled_036,274,U_L:J2,U_R:J1,True,40,54,54,14,14
admission_scaled_036,275,U_L:J2,U_R:J2,True,27,35,35,8,8
admission_scaled_036,276,U_L:J2,U_R:J3,True,39,58,58,19,19
admission_scaled_036,277,U_L:J2,U_R:J4,True,38,54,53,16,15
admission_scaled_036,278,U_L:J2,U_R:J5,True,32,45,45,13,13
admission_scaled_036,279,U_L:J2,U_R:J6,True,47,58,58,11,11
admission_scaled_036,280,U_L:J3,U_L:J4,False,50,83,82,33,32
admission_scaled_036,281,U_L:J3,U_L:J5,False,42,75,74,33,32
admission_scaled_036,282,U_L:J3,U_L:J6,False,52,94,92,42,40
admission_scaled_036,283,U_L:J3,U_R:J1,True,51,93,92,42,41
admission_scaled_036,284,U_L:J3,U_R:J2,True,42,58,58,16,16
admission_scaled_036,285,U_L:J3,U_R:J3,True,51,93,92,42,41
admission_scaled_036,286,U_L:J3,U_R:J4,True,55,86,85,31,30
admission_scaled_036,287,U_L:J3,U_R:J5,True,43,71,71,28,28
admission_scaled_036,288,U_L:J3,U_R:J6,True,57,89,89,32,32
admission_scaled_036,289,U_L:J4,U_L:J5,False,44,63,63,19,19
admission_scaled_036,290,U_L:J4,U_L:J6,False,60,86,86,26,26
admission_scaled_036,291,U_L:J4,U_R:J1,True,47,83,82,36,35
admission_scaled_036,292,U_L:J4,U_R:J2,True,40,53,52,13,12
admission_scaled_036,293,U_L:J4,U_R:J3,True,54,88,87,34,33
admission_scaled_036,294,U_L:J4,U_R:J4,True,51,72,70,21,19
admission_scaled_036,295,U_L:J4,U_R:J5,True,41,65,65,24,24
admission_scaled_036,296,U_L:J4,U_R:J6,True,55,89,89,34,34
admission_scaled_036,297,U_L:J5,U_L:J6,False,53,73,73,20,20
admission_scaled_036,298,U_L:J5,U_R:J1,True,47,70,70,23,23
admission_scaled_036,299,U_L:J5,U_R:J2,True,35,46,46,11,11
admission_scaled_036,300,U_L:J5,U_R:J3,True,45,69,69,24,24
admission_scaled_036,301,U_L:J5,U_R:J4,True,49,62,62,13,13
admission_scaled_036,302,U_L:J5,U_R:J5,True,41,56,56,15,15
admission_scaled_036,303,U_L:J5,U_R:J6,True,51,69,69,18,18
admission_scaled_036,304,U_L:J6,U_R:J1,True,53,85,85,32,32
admission_scaled_036,305,U_L:J6,U_R:J2,True,45,57,57,12,12
admission_scaled_036,306,U_L:J6,U_R:J3,True,56,97,97,41,41
admission_scaled_036,307,U_L:J6,U_R:J4,True,59,82,82,23,23
admission_scaled_036,308,U_L:J6,U_R:J5,True,46,68,68,22,22
admission_scaled_036,309,U_L:J6,U_R:J6,True,62,96,96,34,34
admission_scaled_036,310,U_R:J1,U_R:J2,False,42,55,55,13,13
admission_scaled_036,311,U_R:J1,U_R:J3,False,48,93,93,45,45
admission_scaled_036,312,U_R:J1,U_R:J4,False,56,79,79,23,23
admission_scaled_036,313,U_R:J1,U_R:J5,False,44,71,71,27,27
admission_scaled_036,314,U_R:J1,U_R:J6,False,64,92,92,28,28
admission_scaled_036,315,U_R:J2,U_R:J3,False,37,52,52,15,15
admission_scaled_036,316,U_R:J2,U_R:J4,False,43,52,52,9,9
admission_scaled_036,317,U_R:J2,U_R:J5,False,35,40,40,5,5
admission_scaled_036,318,U_R:J2,U_R:J6,False,44,56,56,12,12
admission_scaled_036,319,U_R:J3,U_R:J4,False,54,89,89,35,35
admission_scaled_036,320,U_R:J3,U_R:J5,False,44,74,74,30,30
admission_scaled_036,321,U_R:J3,U_R:J6,False,54,95,95,41,41
admission_scaled_036,322,U_R:J4,U_R:J5,False,43,58,58,15,15
admission_scaled_036,323,U_R:J4,U_R:J6,False,56,89,89,33,33
admission_scaled_036,324,U_R:J5,U_R:J6,False,47,69,69,22,22
joint_reference,0,F_L:J1,F_L:J2,False,62,100,100,38,38
joint_reference,1,F_L:J1,F_L:J3,False,63,95,94,32,31
joint_reference,2,F_L:J1,F_L:J4,False,63,99,97,36,34
joint_reference,3,F_L:J1,F_L:J5,False,63,96,96,33,33
joint_reference,4,F_L:J1,F_L:J6,False,63,100,100,37,37
joint_reference,5,F_L:J1,F_L:J7,False,65,98,97,33,32
joint_reference,6,F_L:J1,F_R:J1,True,53,95,95,42,42
joint_reference,7,F_L:J1,F_R:J2,True,56,99,98,43,42
joint_reference,8,F_L:J1,F_R:J3,True,58,94,93,36,35
joint_reference,9,F_L:J1,F_R:J4,True,62,97,97,35,35
joint_reference,10,F_L:J1,F_R:J5,True,63,98,98,35,35
joint_reference,11,F_L:J1,F_R:J6,True,56,99,99,43,43
joint_reference,12,F_L:J1,F_R:J7,True,58,92,91,34,33
joint_reference,13,F_L:J1,U_L:J1,True,53,93,93,40,40
joint_reference,14,F_L:J1,U_L:J2,True,40,60,60,20,20
joint_reference,15,F_L:J1,U_L:J3,True,56,93,93,37,37
joint_reference,16,F_L:J1,U_L:J4,True,52,86,85,34,33
joint_reference,17,F_L:J1,U_L:J5,True,49,74,74,25,25
joint_reference,18,F_L:J1,U_L:J6,True,61,94,94,33,33
joint_reference,19,F_L:J1,U_R:J1,True,52,96,95,44,43
joint_reference,20,F_L:J1,U_R:J2,True,44,56,56,12,12
joint_reference,21,F_L:J1,U_R:J3,True,54,95,95,41,41
joint_reference,22,F_L:J1,U_R:J4,True,56,87,87,31,31
joint_reference,23,F_L:J1,U_R:J5,True,48,72,72,24,24
joint_reference,24,F_L:J1,U_R:J6,True,56,94,93,38,37
joint_reference,25,F_L:J2,F_L:J3,False,61,98,98,37,37
joint_reference,26,F_L:J2,F_L:J4,False,67,98,98,31,31
joint_reference,27,F_L:J2,F_L:J5,False,64,100,100,36,36
joint_reference,28,F_L:J2,F_L:J6,False,58,100,100,42,42
joint_reference,29,F_L:J2,F_L:J7,False,64,98,98,34,34
joint_reference,30,F_L:J2,F_R:J1,True,58,99,99,41,41
joint_reference,31,F_L:J2,F_R:J2,True,58,100,100,42,42
joint_reference,32,F_L:J2,F_R:J3,True,56,98,98,42,42
joint_reference,33,F_L:J2,F_R:J4,True,63,100,100,37,37
joint_reference,34,F_L:J2,F_R:J5,True,71,98,98,27,27
joint_reference,35,F_L:J2,F_R:J6,True,62,100,100,38,38
joint_reference,36,F_L:J2,F_R:J7,True,56,100,100,44,44
joint_reference,37,F_L:J2,U_L:J1,True,61,97,97,36,36
joint_reference,38,F_L:J2,U_L:J2,True,47,60,60,13,13
joint_reference,39,F_L:J2,U_L:J3,True,55,96,96,41,41
joint_reference,40,F_L:J2,U_L:J4,True,58,90,90,32,32
joint_reference,41,F_L:J2,U_L:J5,True,51,74,74,23,23
joint_reference,42,F_L:J2,U_L:J6,True,59,96,96,37,37
joint_reference,43,F_L:J2,U_R:J1,True,56,98,96,42,40
joint_reference,44,F_L:J2,U_R:J2,True,47,60,60,13,13
joint_reference,45,F_L:J2,U_R:J3,True,57,99,99,42,42
joint_reference,46,F_L:J2,U_R:J4,True,57,96,96,39,39
joint_reference,47,F_L:J2,U_R:J5,True,47,74,74,27,27
joint_reference,48,F_L:J2,U_R:J6,True,60,97,97,37,37
joint_reference,49,F_L:J3,F_L:J4,False,65,97,97,32,32
joint_reference,50,F_L:J3,F_L:J5,False,60,98,98,38,38
joint_reference,51,F_L:J3,F_L:J6,False,63,96,96,33,33
joint_reference,52,F_L:J3,F_L:J7,False,57,95,95,38,38
joint_reference,53,F_L:J3,F_R:J1,True,58,94,94,36,36
joint_reference,54,F_L:J3,F_R:J2,True,55,97,97,42,42
joint_reference,55,F_L:J3,F_R:J3,True,56,92,92,36,36
joint_reference,56,F_L:J3,F_R:J4,True,60,98,98,38,38
joint_reference,57,F_L:J3,F_R:J5,True,68,97,97,29,29
joint_reference,58,F_L:J3,F_R:J6,True,56,93,93,37,37
joint_reference,59,F_L:J3,F_R:J7,True,61,99,98,38,37
joint_reference,60,F_L:J3,U_L:J1,True,51,89,89,38,38
joint_reference,61,F_L:J3,U_L:J2,True,42,54,54,12,12
joint_reference,62,F_L:J3,U_L:J3,True,53,93,93,40,40
joint_reference,63,F_L:J3,U_L:J4,True,50,82,82,32,32
joint_reference,64,F_L:J3,U_L:J5,True,47,74,74,27,27
joint_reference,65,F_L:J3,U_L:J6,True,60,92,92,32,32
joint_reference,66,F_L:J3,U_R:J1,True,54,91,91,37,37
joint_reference,67,F_L:J3,U_R:J2,True,42,57,57,15,15
joint_reference,68,F_L:J3,U_R:J3,True,52,98,98,46,46
joint_reference,69,F_L:J3,U_R:J4,True,53,83,83,30,30
joint_reference,70,F_L:J3,U_R:J5,True,46,69,69,23,23
joint_reference,71,F_L:J3,U_R:J6,True,60,94,94,34,34
joint_reference,72,F_L:J4,F_L:J5,False,68,98,98,30,30
joint_reference,73,F_L:J4,F_L:J6,False,59,100,100,41,41
joint_reference,74,F_L:J4,F_L:J7,False,70,99,99,29,29
joint_reference,75,F_L:J4,F_R:J1,True,64,98,98,34,34
joint_reference,76,F_L:J4,F_R:J2,True,64,100,100,36,36
joint_reference,77,F_L:J4,F_R:J3,True,63,97,97,34,34
joint_reference,78,F_L:J4,F_R:J4,True,67,100,100,33,33
joint_reference,79,F_L:J4,F_R:J5,True,68,100,100,32,32
joint_reference,80,F_L:J4,F_R:J6,True,63,100,100,37,37
joint_reference,81,F_L:J4,F_R:J7,True,63,99,99,36,36
joint_reference,82,F_L:J4,U_L:J1,True,58,100,100,42,42
joint_reference,83,F_L:J4,U_L:J2,True,45,60,60,15,15
joint_reference,84,F_L:J4,U_L:J3,True,62,97,97,35,35
joint_reference,85,F_L:J4,U_L:J4,True,58,91,89,33,31
joint_reference,86,F_L:J4,U_L:J5,True,53,80,80,27,27
joint_reference,87,F_L:J4,U_L:J6,True,62,99,99,37,37
joint_reference,88,F_L:J4,U_R:J1,True,56,95,94,39,38
joint_reference,89,F_L:J4,U_R:J2,True,48,62,62,14,14
joint_reference,90,F_L:J4,U_R:J3,True,66,100,100,34,34
joint_reference,91,F_L:J4,U_R:J4,True,59,96,96,37,37
joint_reference,92,F_L:J4,U_R:J5,True,49,76,76,27,27
joint_reference,93,F_L:J4,U_R:J6,True,65,100,100,35,35
joint_reference,94,F_L:J5,F_L:J6,False,60,99,99,39,39
joint_reference,95,F_L:J5,F_L:J7,False,67,99,99,32,32
joint_reference,96,F_L:J5,F_R:J1,True,60,98,98,38,38
joint_reference,97,F_L:J5,F_R:J2,True,60,100,100,40,40
joint_reference,98,F_L:J5,F_R:J3,True,56,98,98,42,42
joint_reference,99,F_L:J5,F_R:J4,True,61,100,100,39,39
joint_reference,100,F_L:J5,F_R:J5,True,67,99,99,32,32
joint_reference,101,F_L:J5,F_R:J6,True,57,99,99,42,42
joint_reference,102,F_L:J5,F_R:J7,True,62,100,100,38,38
joint_reference,103,F_L:J5,U_L:J1,True,58,98,98,40,40
joint_reference,104,F_L:J5,U_L:J2,True,46,60,60,14,14
joint_reference,105,F_L:J5,U_L:J3,True,55,96,96,41,41
joint_reference,106,F_L:J5,U_L:J4,True,55,89,88,34,33
joint_reference,107,F_L:J5,U_L:J5,True,54,76,76,22,22
joint_reference,108,F_L:J5,U_L:J6,True,60,92,92,32,32
joint_reference,109,F_L:J5,U_R:J1,True,54,91,90,37,36
joint_reference,110,F_L:J5,U_R:J2,True,46,57,57,11,11
joint_reference,111,F_L:J5,U_R:J3,True,57,96,96,39,39
joint_reference,112,F_L:J5,U_R:J4,True,56,84,83,28,27
joint_reference,113,F_L:J5,U_R:J5,True,47,70,68,23,21
joint_reference,114,F_L:J5,U_R:J6,True,56,92,92,36,36
joint_reference,115,F_L:J6,F_L:J7,False,65,100,100,35,35
joint_reference,116,F_L:J6,F_R:J1,True,56,98,98,42,42
joint_reference,117,F_L:J6,F_R:J2,True,60,100,100,40,40
joint_reference,118,F_L:J6,F_R:J3,True,60,97,97,37,37
joint_reference,119,F_L:J6,F_R:J4,True,62,100,100,38,38
joint_reference,120,F_L:J6,F_R:J5,True,64,99,99,35,35
joint_reference,121,F_L:J6,F_R:J6,True,62,100,100,38,38
joint_reference,122,F_L:J6,F_R:J7,True,61,100,100,39,39
joint_reference,123,F_L:J6,U_L:J1,True,58,96,96,38,38
joint_reference,124,F_L:J6,U_L:J2,True,44,60,60,16,16
joint_reference,125,F_L:J6,U_L:J3,True,56,94,94,38,38
joint_reference,126,F_L:J6,U_L:J4,True,55,90,90,35,35
joint_reference,127,F_L:J6,U_L:J5,True,49,74,74,25,25
joint_reference,128,F_L:J6,U_L:J6,True,61,98,98,37,37
joint_reference,129,F_L:J6,U_R:J1,True,56,97,97,41,41
joint_reference,130,F_L:J6,U_R:J2,True,45,62,62,17,17
joint_reference,131,F_L:J6,U_R:J3,True,52,98,98,46,46
joint_reference,132,F_L:J6,U_R:J4,True,56,93,93,37,37
joint_reference,133,F_L:J6,U_R:J5,True,46,74,74,28,28
joint_reference,134,F_L:J6,U_R:J6,True,56,100,100,44,44
joint_reference,135,F_L:J7,F_R:J1,True,61,96,96,35,35
joint_reference,136,F_L:J7,F_R:J2,True,61,99,99,38,38
joint_reference,137,F_L:J7,F_R:J3,True,61,99,99,38,38
joint_reference,138,F_L:J7,F_R:J4,True,62,100,100,38,38
joint_reference,139,F_L:J7,F_R:J5,True,64,99,99,35,35
joint_reference,140,F_L:J7,F_R:J6,True,57,100,100,43,43
joint_reference,141,F_L:J7,F_R:J7,True,61,97,96,36,35
joint_reference,142,F_L:J7,U_L:J1,True,59,94,94,35,35
joint_reference,143,F_L:J7,U_L:J2,True,44,59,59,15,15
joint_reference,144,F_L:J7,U_L:J3,True,57,93,93,36,36
joint_reference,145,F_L:J7,U_L:J4,True,56,86,85,30,29
joint_reference,146,F_L:J7,U_L:J5,True,53,72,72,19,19
joint_reference,147,F_L:J7,U_L:J6,True,69,93,93,24,24
joint_reference,148,F_L:J7,U_R:J1,True,56,92,92,36,36
joint_reference,149,F_L:J7,U_R:J2,True,42,59,59,17,17
joint_reference,150,F_L:J7,U_R:J3,True,53,98,97,45,44
joint_reference,151,F_L:J7,U_R:J4,True,60,85,85,25,25
joint_reference,152,F_L:J7,U_R:J5,True,47,78,78,31,31
joint_reference,153,F_L:J7,U_R:J6,True,61,96,96,35,35
joint_reference,154,F_R:J1,F_R:J2,False,58,97,97,39,39
joint_reference,155,F_R:J1,F_R:J3,False,55,93,93,38,38
joint_reference,156,F_R:J1,F_R:J4,False,56,98,96,42,40
joint_reference,157,F_R:J1,F_R:J5,False,59,94,94,35,35
joint_reference,158,F_R:J1,F_R:J6,False,60,96,96,36,36
joint_reference,159,F_R:J1,F_R:J7,False,64,95,95,31,31
joint_reference,160,F_R:J1,U_L:J1,True,56,93,93,37,37
joint_reference,161,F_R:J1,U_L:J2,True,37,56,56,19,19
joint_reference,162,F_R:J1,U_L:J3,True,52,91,90,39,38
joint_reference,163,F_R:J1,U_L:J4,True,52,88,87,36,35
joint_reference,164,F_R:J1,U_L:J5,True,48,73,73,25,25
joint_reference,165,F_R:J1,U_L:J6,True,60,97,96,37,36
joint_reference,166,F_R:J1,U_R:J1,True,50,90,89,40,39
joint_reference,167,F_R:J1,U_R:J2,True,45,58,57,13,12
joint_reference,168,F_R:J1,U_R:J3,True,51,94,94,43,43
joint_reference,169,F_R:J1,U_R:J4,True,59,89,89,30,30
joint_reference,170,F_R:J1,U_R:J5,True,47,71,70,24,23
joint_reference,171,F_R:J1,U_R:J6,True,57,88,87,31,30
joint_reference,172,F_R:J2,F_R:J3,False,57,98,98,41,41
joint_reference,173,F_R:J2,F_R:J4,False,55,99,99,44,44
joint_reference,174,F_R:J2,F_R:J5,False,66,99,99,33,33
joint_reference,175,F_R:J2,F_R:J6,False,53,99,99,46,46
joint_reference,176,F_R:J2,F_R:J7,False,61,98,98,37,37
joint_reference,177,F_R:J2,U_L:J1,True,53,97,97,44,44
joint_reference,178,F_R:J2,U_L:J2,True,41,59,59,18,18
joint_reference,179,F_R:J2,U_L:J3,True,59,96,96,37,37
joint_reference,180,F_R:J2,U_L:J4,True,59,95,95,36,36
joint_reference,181,F_R:J2,U_L:J5,True,50,75,75,25,25
joint_reference,182,F_R:J2,U_L:J6,True,59,94,93,35,34
joint_reference,183,F_R:J2,U_R:J1,True,53,93,91,40,38
joint_reference,184,F_R:J2,U_R:J2,True,44,59,59,15,15
joint_reference,185,F_R:J2,U_R:J3,True,56,98,98,42,42
joint_reference,186,F_R:J2,U_R:J4,True,58,93,93,35,35
joint_reference,187,F_R:J2,U_R:J5,True,44,77,77,33,33
joint_reference,188,F_R:J2,U_R:J6,True,58,96,95,38,37
joint_reference,189,F_R:J3,F_R:J4,False,60,98,98,38,38
joint_reference,190,F_R:J3,F_R:J5,False,61,96,95,35,34
joint_reference,191,F_R:J3,F_R:J6,False,57,97,97,40,40
joint_reference,192,F_R:J3,F_R:J7,False,67,93,93,26,26
joint_reference,193,F_R:J3,U_L:J1,True,58,91,91,33,33
joint_reference,194,F_R:J3,U_L:J2,True,43,59,59,16,16
joint_reference,195,F_R:J3,U_L:J3,True,53,95,95,42,42
joint_reference,196,F_R:J3,U_L:J4,True,53,85,85,32,32
joint_reference,197,F_R:J3,U_L:J5,True,45,71,71,26,26
joint_reference,198,F_R:J3,U_L:J6,True,61,95,95,34,34
joint_reference,199,F_R:J3,U_R:J1,True,55,91,91,36,36
joint_reference,200,F_R:J3,U_R:J2,True,42,56,56,14,14
joint_reference,201,F_R:J3,U_R:J3,True,55,93,93,38,38
joint_reference,202,F_R:J3,U_R:J4,True,59,86,86,27,27
joint_reference,203,F_R:J3,U_R:J5,True,44,65,65,21,21
joint_reference,204,F_R:J3,U_R:J6,True,65,91,91,26,26
joint_reference,205,F_R:J4,F_R:J5,False,65,96,96,31,31
joint_reference,206,F_R:J4,F_R:J6,False,63,100,100,37,37
joint_reference,207,F_R:J4,F_R:J7,False,60,100,100,40,40
joint_reference,208,F_R:J4,U_L:J1,True,61,100,100,39,39
joint_reference,209,F_R:J4,U_L:J2,True,45,60,60,15,15
joint_reference,210,F_R:J4,U_L:J3,True,57,95,95,38,38
joint_reference,211,F_R:J4,U_L:J4,True,58,89,89,31,31
joint_reference,212,F_R:J4,U_L:J5,True,51,76,76,25,25
joint_reference,213,F_R:J4,U_L:J6,True,67,100,100,33,33
joint_reference,214,F_R:J4,U_R:J1,True,59,96,96,37,37
joint_reference,215,F_R:J4,U_R:J2,True,45,60,60,15,15
joint_reference,216,F_R:J4,U_R:J3,True,57,98,98,41,41
joint_reference,217,F_R:J4,U_R:J4,True,58,97,97,39,39
joint_reference,218,F_R:J4,U_R:J5,True,49,76,76,27,27
joint_reference,219,F_R:J4,U_R:J6,True,68,98,98,30,30
joint_reference,220,F_R:J5,F_R:J6,False,66,100,100,34,34
joint_reference,221,F_R:J5,F_R:J7,False,68,97,97,29,29
joint_reference,222,F_R:J5,U_L:J1,True,57,97,97,40,40
joint_reference,223,F_R:J5,U_L:J2,True,45,60,60,15,15
joint_reference,224,F_R:J5,U_L:J3,True,61,94,94,33,33
joint_reference,225,F_R:J5,U_L:J4,True,58,83,83,25,25
joint_reference,226,F_R:J5,U_L:J5,True,49,76,76,27,27
joint_reference,227,F_R:J5,U_L:J6,True,63,97,97,34,34
joint_reference,228,F_R:J5,U_R:J1,True,52,89,88,37,36
joint_reference,229,F_R:J5,U_R:J2,True,45,58,58,13,13
joint_reference,230,F_R:J5,U_R:J3,True,58,97,97,39,39
joint_reference,231,F_R:J5,U_R:J4,True,57,94,94,37,37
joint_reference,232,F_R:J5,U_R:J5,True,47,74,74,27,27
joint_reference,233,F_R:J5,U_R:J6,True,61,94,94,33,33
joint_reference,234,F_R:J6,F_R:J7,False,60,99,99,39,39
joint_reference,235,F_R:J6,U_L:J1,True,59,100,100,41,41
joint_reference,236,F_R:J6,U_L:J2,True,44,57,57,13,13
joint_reference,237,F_R:J6,U_L:J3,True,54,95,95,41,41
joint_reference,238,F_R:J6,U_L:J4,True,52,95,95,43,43
joint_reference,239,F_R:J6,U_L:J5,True,51,77,77,26,26
joint_reference,240,F_R:J6,U_L:J6,True,61,97,97,36,36
joint_reference,241,F_R:J6,U_R:J1,True,48,94,94,46,46
joint_reference,242,F_R:J6,U_R:J2,True,43,58,58,15,15
joint_reference,243,F_R:J6,U_R:J3,True,54,100,100,46,46
joint_reference,244,F_R:J6,U_R:J4,True,56,88,88,32,32
joint_reference,245,F_R:J6,U_R:J5,True,47,71,71,24,24
joint_reference,246,F_R:J6,U_R:J6,True,60,97,97,37,37
joint_reference,247,F_R:J7,U_L:J1,True,54,95,95,41,41
joint_reference,248,F_R:J7,U_L:J2,True,45,58,58,13,13
joint_reference,249,F_R:J7,U_L:J3,True,60,95,95,35,35
joint_reference,250,F_R:J7,U_L:J4,True,55,88,86,33,31
joint_reference,251,F_R:J7,U_L:J5,True,47,75,75,28,28
joint_reference,252,F_R:J7,U_L:J6,True,58,90,89,32,31
joint_reference,253,F_R:J7,U_R:J1,True,51,86,85,35,34
joint_reference,254,F_R:J7,U_R:J2,True,43,59,59,16,16
joint_reference,255,F_R:J7,U_R:J3,True,58,95,95,37,37
joint_reference,256,F_R:J7,U_R:J4,True,58,91,91,33,33
joint_reference,257,F_R:J7,U_R:J5,True,46,71,71,25,25
joint_reference,258,F_R:J7,U_R:J6,True,64,98,98,34,34
joint_reference,259,U_L:J1,U_L:J2,False,44,58,58,14,14
joint_reference,260,U_L:J1,U_L:J3,False,55,91,91,36,36
joint_reference,261,U_L:J1,U_L:J4,False,55,81,81,26,26
joint_reference,262,U_L:J1,U_L:J5,False,51,71,71,20,20
joint_reference,263,U_L:J1,U_L:J6,False,64,97,97,33,33
joint_reference,264,U_L:J1,U_R:J1,True,52,89,89,37,37
joint_reference,265,U_L:J1,U_R:J2,True,43,57,57,14,14
joint_reference,266,U_L:J1,U_R:J3,True,58,91,91,33,33
joint_reference,267,U_L:J1,U_R:J4,True,57,86,85,29,28
joint_reference,268,U_L:J1,U_R:J5,True,50,73,73,23,23
joint_reference,269,U_L:J1,U_R:J6,True,64,89,89,25,25
joint_reference,270,U_L:J2,U_L:J3,False,36,54,54,18,18
joint_reference,271,U_L:J2,U_L:J4,False,41,53,53,12,12
joint_reference,272,U_L:J2,U_L:J5,False,32,46,46,14,14
joint_reference,273,U_L:J2,U_L:J6,False,47,58,58,11,11
joint_reference,274,U_L:J2,U_R:J1,True,40,53,53,13,13
joint_reference,275,U_L:J2,U_R:J2,True,27,36,36,9,9
joint_reference,276,U_L:J2,U_R:J3,True,39,57,57,18,18
joint_reference,277,U_L:J2,U_R:J4,True,38,55,55,17,17
joint_reference,278,U_L:J2,U_R:J5,True,32,45,45,13,13
joint_reference,279,U_L:J2,U_R:J6,True,47,57,57,10,10
joint_reference,280,U_L:J3,U_L:J4,False,50,83,83,33,33
joint_reference,281,U_L:J3,U_L:J5,False,42,74,74,32,32
joint_reference,282,U_L:J3,U_L:J6,False,52,84,84,32,32
joint_reference,283,U_L:J3,U_R:J1,True,51,91,89,40,38
joint_reference,284,U_L:J3,U_R:J2,True,42,56,56,14,14
joint_reference,285,U_L:J3,U_R:J3,True,51,92,92,41,41
joint_reference,286,U_L:J3,U_R:J4,True,55,83,83,28,28
joint_reference,287,U_L:J3,U_R:J5,True,43,69,69,26,26
joint_reference,288,U_L:J3,U_R:J6,True,57,90,90,33,33
joint_reference,289,U_L:J4,U_L:J5,False,44,63,63,19,19
joint_reference,290,U_L:J4,U_L:J6,False,60,83,82,23,22
joint_reference,291,U_L:J4,U_R:J1,True,47,80,80,33,33
joint_reference,292,U_L:J4,U_R:J2,True,40,53,53,13,13
joint_reference,293,U_L:J4,U_R:J3,True,54,83,83,29,29
joint_reference,294,U_L:J4,U_R:J4,True,51,73,73,22,22
joint_reference,295,U_L:J4,U_R:J5,True,41,67,67,26,26
joint_reference,296,U_L:J4,U_R:J6,True,55,86,86,31,31
joint_reference,297,U_L:J5,U_L:J6,False,53,68,68,15,15
joint_reference,298,U_L:J5,U_R:J1,True,47,69,68,22,21
joint_reference,299,U_L:J5,U_R:J2,True,35,47,47,12,12
joint_reference,300,U_L:J5,U_R:J3,True,45,69,69,24,24
joint_reference,301,U_L:J5,U_R:J4,True,49,60,60,11,11
joint_reference,302,U_L:J5,U_R:J5,True,41,57,57,16,16
joint_reference,303,U_L:J5,U_R:J6,True,51,71,71,20,20
joint_reference,304,U_L:J6,U_R:J1,True,53,83,82,30,29
joint_reference,305,U_L:J6,U_R:J2,True,45,56,56,11,11
joint_reference,306,U_L:J6,U_R:J3,True,56,95,95,39,39
joint_reference,307,U_L:J6,U_R:J4,True,59,84,84,25,25
joint_reference,308,U_L:J6,U_R:J5,True,46,68,68,22,22
joint_reference,309,U_L:J6,U_R:J6,True,62,94,94,32,32
joint_reference,310,U_R:J1,U_R:J2,False,42,58,58,16,16
joint_reference,311,U_R:J1,U_R:J3,False,48,91,91,43,43
joint_reference,312,U_R:J1,U_R:J4,False,56,76,76,20,20
joint_reference,313,U_R:J1,U_R:J5,False,44,67,67,23,23
joint_reference,314,U_R:J1,U_R:J6,False,64,85,85,21,21
joint_reference,315,U_R:J2,U_R:J3,False,37,52,52,15,15
joint_reference,316,U_R:J2,U_R:J4,False,43,51,51,8,8
joint_reference,317,U_R:J2,U_R:J5,False,35,40,40,5,5
joint_reference,318,U_R:J2,U_R:J6,False,44,58,58,14,14
joint_reference,319,U_R:J3,U_R:J4,False,54,84,84,30,30
joint_reference,320,U_R:J3,U_R:J5,False,44,69,69,25,25
joint_reference,321,U_R:J3,U_R:J6,False,54,89,89,35,35
joint_reference,322,U_R:J4,U_R:J5,False,43,63,62,20,19
joint_reference,323,U_R:J4,U_R:J6,False,56,86,86,30,30
joint_reference,324,U_R:J5,U_R:J6,False,47,69,69,22,22
joint_repair,0,F_L:J1,F_L:J2,False,62,100,100,38,38
joint_repair,1,F_L:J1,F_L:J3,False,63,95,94,32,31
joint_repair,2,F_L:J1,F_L:J4,False,63,99,96,36,33
joint_repair,3,F_L:J1,F_L:J5,False,63,96,96,33,33
joint_repair,4,F_L:J1,F_L:J6,False,63,100,100,37,37
joint_repair,5,F_L:J1,F_L:J7,False,65,98,97,33,32
joint_repair,6,F_L:J1,F_R:J1,True,53,95,95,42,42
joint_repair,7,F_L:J1,F_R:J2,True,56,99,98,43,42
joint_repair,8,F_L:J1,F_R:J3,True,58,95,94,37,36
joint_repair,9,F_L:J1,F_R:J4,True,62,99,99,37,37
joint_repair,10,F_L:J1,F_R:J5,True,63,98,98,35,35
joint_repair,11,F_L:J1,F_R:J6,True,56,99,98,43,42
joint_repair,12,F_L:J1,F_R:J7,True,58,93,92,35,34
joint_repair,13,F_L:J1,U_L:J1,True,53,94,94,41,41
joint_repair,14,F_L:J1,U_L:J2,True,40,60,60,20,20
joint_repair,15,F_L:J1,U_L:J3,True,56,94,94,38,38
joint_repair,16,F_L:J1,U_L:J4,True,52,86,85,34,33
joint_repair,17,F_L:J1,U_L:J5,True,49,74,74,25,25
joint_repair,18,F_L:J1,U_L:J6,True,61,94,94,33,33
joint_repair,19,F_L:J1,U_R:J1,True,52,95,94,43,42
joint_repair,20,F_L:J1,U_R:J2,True,44,57,55,13,11
joint_repair,21,F_L:J1,U_R:J3,True,54,95,95,41,41
joint_repair,22,F_L:J1,U_R:J4,True,56,88,88,32,32
joint_repair,23,F_L:J1,U_R:J5,True,48,73,73,25,25
joint_repair,24,F_L:J1,U_R:J6,True,56,94,93,38,37
joint_repair,25,F_L:J2,F_L:J3,False,61,98,98,37,37
joint_repair,26,F_L:J2,F_L:J4,False,67,98,98,31,31
joint_repair,27,F_L:J2,F_L:J5,False,64,100,100,36,36
joint_repair,28,F_L:J2,F_L:J6,False,58,100,100,42,42
joint_repair,29,F_L:J2,F_L:J7,False,64,98,98,34,34
joint_repair,30,F_L:J2,F_R:J1,True,58,98,98,40,40
joint_repair,31,F_L:J2,F_R:J2,True,58,100,100,42,42
joint_repair,32,F_L:J2,F_R:J3,True,56,98,98,42,42
joint_repair,33,F_L:J2,F_R:J4,True,63,100,100,37,37
joint_repair,34,F_L:J2,F_R:J5,True,71,98,98,27,27
joint_repair,35,F_L:J2,F_R:J6,True,62,100,100,38,38
joint_repair,36,F_L:J2,F_R:J7,True,56,99,99,43,43
joint_repair,37,F_L:J2,U_L:J1,True,61,97,97,36,36
joint_repair,38,F_L:J2,U_L:J2,True,47,60,60,13,13
joint_repair,39,F_L:J2,U_L:J3,True,55,96,96,41,41
joint_repair,40,F_L:J2,U_L:J4,True,58,90,90,32,32
joint_repair,41,F_L:J2,U_L:J5,True,51,74,74,23,23
joint_repair,42,F_L:J2,U_L:J6,True,59,96,96,37,37
joint_repair,43,F_L:J2,U_R:J1,True,56,98,98,42,42
joint_repair,44,F_L:J2,U_R:J2,True,47,61,60,14,13
joint_repair,45,F_L:J2,U_R:J3,True,57,99,99,42,42
joint_repair,46,F_L:J2,U_R:J4,True,57,96,96,39,39
joint_repair,47,F_L:J2,U_R:J5,True,47,74,74,27,27
joint_repair,48,F_L:J2,U_R:J6,True,60,98,98,38,38
joint_repair,49,F_L:J3,F_L:J4,False,65,97,97,32,32
joint_repair,50,F_L:J3,F_L:J5,False,60,98,98,38,38
joint_repair,51,F_L:J3,F_L:J6,False,63,96,96,33,33
joint_repair,52,F_L:J3,F_L:J7,False,57,95,95,38,38
joint_repair,53,F_L:J3,F_R:J1,True,58,93,93,35,35
joint_repair,54,F_L:J3,F_R:J2,True,55,97,97,42,42
joint_repair,55,F_L:J3,F_R:J3,True,56,93,93,37,37
joint_repair,56,F_L:J3,F_R:J4,True,60,98,98,38,38
joint_repair,57,F_L:J3,F_R:J5,True,68,97,97,29,29
joint_repair,58,F_L:J3,F_R:J6,True,56,93,93,37,37
joint_repair,59,F_L:J3,F_R:J7,True,61,99,98,38,37
joint_repair,60,F_L:J3,U_L:J1,True,51,89,89,38,38
joint_repair,61,F_L:J3,U_L:J2,True,42,54,54,12,12
joint_repair,62,F_L:J3,U_L:J3,True,53,93,93,40,40
joint_repair,63,F_L:J3,U_L:J4,True,50,83,83,33,33
joint_repair,64,F_L:J3,U_L:J5,True,47,74,74,27,27
joint_repair,65,F_L:J3,U_L:J6,True,60,92,92,32,32
joint_repair,66,F_L:J3,U_R:J1,True,54,91,91,37,37
joint_repair,67,F_L:J3,U_R:J2,True,42,59,57,17,15
joint_repair,68,F_L:J3,U_R:J3,True,52,98,98,46,46
joint_repair,69,F_L:J3,U_R:J4,True,53,84,84,31,31
joint_repair,70,F_L:J3,U_R:J5,True,46,69,69,23,23
joint_repair,71,F_L:J3,U_R:J6,True,60,94,94,34,34
joint_repair,72,F_L:J4,F_L:J5,False,68,98,98,30,30
joint_repair,73,F_L:J4,F_L:J6,False,59,100,100,41,41
joint_repair,74,F_L:J4,F_L:J7,False,70,99,99,29,29
joint_repair,75,F_L:J4,F_R:J1,True,64,98,97,34,33
joint_repair,76,F_L:J4,F_R:J2,True,64,100,100,36,36
joint_repair,77,F_L:J4,F_R:J3,True,63,98,98,35,35
joint_repair,78,F_L:J4,F_R:J4,True,67,100,100,33,33
joint_repair,79,F_L:J4,F_R:J5,True,68,100,100,32,32
joint_repair,80,F_L:J4,F_R:J6,True,63,100,100,37,37
joint_repair,81,F_L:J4,F_R:J7,True,63,99,99,36,36
joint_repair,82,F_L:J4,U_L:J1,True,58,100,100,42,42
joint_repair,83,F_L:J4,U_L:J2,True,45,60,60,15,15
joint_repair,84,F_L:J4,U_L:J3,True,62,97,97,35,35
joint_repair,85,F_L:J4,U_L:J4,True,58,90,90,32,32
joint_repair,86,F_L:J4,U_L:J5,True,53,80,80,27,27
joint_repair,87,F_L:J4,U_L:J6,True,62,99,99,37,37
joint_repair,88,F_L:J4,U_R:J1,True,56,95,94,39,38
joint_repair,89,F_L:J4,U_R:J2,True,48,64,61,16,13
joint_repair,90,F_L:J4,U_R:J3,True,66,100,100,34,34
joint_repair,91,F_L:J4,U_R:J4,True,59,96,96,37,37
joint_repair,92,F_L:J4,U_R:J5,True,49,76,75,27,26
joint_repair,93,F_L:J4,U_R:J6,True,65,100,100,35,35
joint_repair,94,F_L:J5,F_L:J6,False,60,99,99,39,39
joint_repair,95,F_L:J5,F_L:J7,False,67,99,99,32,32
joint_repair,96,F_L:J5,F_R:J1,True,60,98,96,38,36
joint_repair,97,F_L:J5,F_R:J2,True,60,100,100,40,40
joint_repair,98,F_L:J5,F_R:J3,True,56,98,98,42,42
joint_repair,99,F_L:J5,F_R:J4,True,61,100,100,39,39
joint_repair,100,F_L:J5,F_R:J5,True,67,99,99,32,32
joint_repair,101,F_L:J5,F_R:J6,True,57,99,99,42,42
joint_repair,102,F_L:J5,F_R:J7,True,62,100,100,38,38
joint_repair,103,F_L:J5,U_L:J1,True,58,98,98,40,40
joint_repair,104,F_L:J5,U_L:J2,True,46,60,60,14,14
joint_repair,105,F_L:J5,U_L:J3,True,55,96,96,41,41
joint_repair,106,F_L:J5,U_L:J4,True,55,90,89,35,34
joint_repair,107,F_L:J5,U_L:J5,True,54,76,76,22,22
joint_repair,108,F_L:J5,U_L:J6,True,60,92,92,32,32
joint_repair,109,F_L:J5,U_R:J1,True,54,92,89,38,35
joint_repair,110,F_L:J5,U_R:J2,True,46,58,57,12,11
joint_repair,111,F_L:J5,U_R:J3,True,57,96,96,39,39
joint_repair,112,F_L:J5,U_R:J4,True,56,84,83,28,27
joint_repair,113,F_L:J5,U_R:J5,True,47,70,68,23,21
joint_repair,114,F_L:J5,U_R:J6,True,56,92,92,36,36
joint_repair,115,F_L:J6,F_L:J7,False,65,100,100,35,35
joint_repair,116,F_L:J6,F_R:J1,True,56,98,98,42,42
joint_repair,117,F_L:J6,F_R:J2,True,60,100,100,40,40
joint_repair,118,F_L:J6,F_R:J3,True,60,97,97,37,37
joint_repair,119,F_L:J6,F_R:J4,True,62,100,100,38,38
joint_repair,120,F_L:J6,F_R:J5,True,64,99,99,35,35
joint_repair,121,F_L:J6,F_R:J6,True,62,100,100,38,38
joint_repair,122,F_L:J6,F_R:J7,True,61,100,100,39,39
joint_repair,123,F_L:J6,U_L:J1,True,58,96,96,38,38
joint_repair,124,F_L:J6,U_L:J2,True,44,60,60,16,16
joint_repair,125,F_L:J6,U_L:J3,True,56,94,94,38,38
joint_repair,126,F_L:J6,U_L:J4,True,55,91,91,36,36
joint_repair,127,F_L:J6,U_L:J5,True,49,74,74,25,25
joint_repair,128,F_L:J6,U_L:J6,True,61,98,98,37,37
joint_repair,129,F_L:J6,U_R:J1,True,56,97,97,41,41
joint_repair,130,F_L:J6,U_R:J2,True,45,63,61,18,16
joint_repair,131,F_L:J6,U_R:J3,True,52,98,98,46,46
joint_repair,132,F_L:J6,U_R:J4,True,56,92,92,36,36
joint_repair,133,F_L:J6,U_R:J5,True,46,74,74,28,28
joint_repair,134,F_L:J6,U_R:J6,True,56,100,100,44,44
joint_repair,135,F_L:J7,F_R:J1,True,61,96,96,35,35
joint_repair,136,F_L:J7,F_R:J2,True,61,99,99,38,38
joint_repair,137,F_L:J7,F_R:J3,True,61,99,99,38,38
joint_repair,138,F_L:J7,F_R:J4,True,62,100,100,38,38
joint_repair,139,F_L:J7,F_R:J5,True,64,99,99,35,35
joint_repair,140,F_L:J7,F_R:J6,True,57,100,100,43,43
joint_repair,141,F_L:J7,F_R:J7,True,61,98,97,37,36
joint_repair,142,F_L:J7,U_L:J1,True,59,94,94,35,35
joint_repair,143,F_L:J7,U_L:J2,True,44,59,59,15,15
joint_repair,144,F_L:J7,U_L:J3,True,57,93,93,36,36
joint_repair,145,F_L:J7,U_L:J4,True,56,90,90,34,34
joint_repair,146,F_L:J7,U_L:J5,True,53,73,73,20,20
joint_repair,147,F_L:J7,U_L:J6,True,69,93,93,24,24
joint_repair,148,F_L:J7,U_R:J1,True,56,92,92,36,36
joint_repair,149,F_L:J7,U_R:J2,True,42,62,59,20,17
joint_repair,150,F_L:J7,U_R:J3,True,53,98,97,45,44
joint_repair,151,F_L:J7,U_R:J4,True,60,85,85,25,25
joint_repair,152,F_L:J7,U_R:J5,True,47,78,78,31,31
joint_repair,153,F_L:J7,U_R:J6,True,61,96,96,35,35
joint_repair,154,F_R:J1,F_R:J2,False,58,97,97,39,39
joint_repair,155,F_R:J1,F_R:J3,False,55,94,94,39,39
joint_repair,156,F_R:J1,F_R:J4,False,56,98,96,42,40
joint_repair,157,F_R:J1,F_R:J5,False,59,94,94,35,35
joint_repair,158,F_R:J1,F_R:J6,False,60,96,96,36,36
joint_repair,159,F_R:J1,F_R:J7,False,64,92,92,28,28
joint_repair,160,F_R:J1,U_L:J1,True,56,91,91,35,35
joint_repair,161,F_R:J1,U_L:J2,True,37,58,58,21,21
joint_repair,162,F_R:J1,U_L:J3,True,52,91,90,39,38
joint_repair,163,F_R:J1,U_L:J4,True,52,89,88,37,36
joint_repair,164,F_R:J1,U_L:J5,True,48,73,73,25,25
joint_repair,165,F_R:J1,U_L:J6,True,60,97,96,37,36
joint_repair,166,F_R:J1,U_R:J1,True,50,90,90,40,40
joint_repair,167,F_R:J1,U_R:J2,True,45,60,57,15,12
joint_repair,168,F_R:J1,U_R:J3,True,51,94,94,43,43
joint_repair,169,F_R:J1,U_R:J4,True,59,88,88,29,29
joint_repair,170,F_R:J1,U_R:J5,True,47,71,70,24,23
joint_repair,171,F_R:J1,U_R:J6,True,57,89,88,32,31
joint_repair,172,F_R:J2,F_R:J3,False,57,98,98,41,41
joint_repair,173,F_R:J2,F_R:J4,False,55,99,99,44,44
joint_repair,174,F_R:J2,F_R:J5,False,66,99,99,33,33
joint_repair,175,F_R:J2,F_R:J6,False,53,100,100,47,47
joint_repair,176,F_R:J2,F_R:J7,False,61,98,98,37,37
joint_repair,177,F_R:J2,U_L:J1,True,53,98,98,45,45
joint_repair,178,F_R:J2,U_L:J2,True,41,60,60,19,19
joint_repair,179,F_R:J2,U_L:J3,True,59,96,96,37,37
joint_repair,180,F_R:J2,U_L:J4,True,59,95,95,36,36
joint_repair,181,F_R:J2,U_L:J5,True,50,76,76,26,26
joint_repair,182,F_R:J2,U_L:J6,True,59,94,93,35,34
joint_repair,183,F_R:J2,U_R:J1,True,53,94,92,41,39
joint_repair,184,F_R:J2,U_R:J2,True,44,61,59,17,15
joint_repair,185,F_R:J2,U_R:J3,True,56,98,98,42,42
joint_repair,186,F_R:J2,U_R:J4,True,58,92,92,34,34
joint_repair,187,F_R:J2,U_R:J5,True,44,77,77,33,33
joint_repair,188,F_R:J2,U_R:J6,True,58,96,95,38,37
joint_repair,189,F_R:J3,F_R:J4,False,60,98,98,38,38
joint_repair,190,F_R:J3,F_R:J5,False,61,96,95,35,34
joint_repair,191,F_R:J3,F_R:J6,False,57,97,97,40,40
joint_repair,192,F_R:J3,F_R:J7,False,67,93,93,26,26
joint_repair,193,F_R:J3,U_L:J1,True,58,92,92,34,34
joint_repair,194,F_R:J3,U_L:J2,True,43,59,59,16,16
joint_repair,195,F_R:J3,U_L:J3,True,53,95,95,42,42
joint_repair,196,F_R:J3,U_L:J4,True,53,84,84,31,31
joint_repair,197,F_R:J3,U_L:J5,True,45,73,73,28,28
joint_repair,198,F_R:J3,U_L:J6,True,61,95,95,34,34
joint_repair,199,F_R:J3,U_R:J1,True,55,91,90,36,35
joint_repair,200,F_R:J3,U_R:J2,True,42,58,56,16,14
joint_repair,201,F_R:J3,U_R:J3,True,55,93,93,38,38
joint_repair,202,F_R:J3,U_R:J4,True,59,86,86,27,27
joint_repair,203,F_R:J3,U_R:J5,True,44,66,66,22,22
joint_repair,204,F_R:J3,U_R:J6,True,65,93,93,28,28
joint_repair,205,F_R:J4,F_R:J5,False,65,96,96,31,31
joint_repair,206,F_R:J4,F_R:J6,False,63,100,100,37,37
joint_repair,207,F_R:J4,F_R:J7,False,60,100,100,40,40
joint_repair,208,F_R:J4,U_L:J1,True,61,99,99,38,38
joint_repair,209,F_R:J4,U_L:J2,True,45,60,60,15,15
joint_repair,210,F_R:J4,U_L:J3,True,57,96,96,39,39
joint_repair,211,F_R:J4,U_L:J4,True,58,93,93,35,35
joint_repair,212,F_R:J4,U_L:J5,True,51,77,77,26,26
joint_repair,213,F_R:J4,U_L:J6,True,67,100,100,33,33
joint_repair,214,F_R:J4,U_R:J1,True,59,97,97,38,38
joint_repair,215,F_R:J4,U_R:J2,True,45,63,60,18,15
joint_repair,216,F_R:J4,U_R:J3,True,57,98,98,41,41
joint_repair,217,F_R:J4,U_R:J4,True,58,98,98,40,40
joint_repair,218,F_R:J4,U_R:J5,True,49,76,76,27,27
joint_repair,219,F_R:J4,U_R:J6,True,68,98,98,30,30
joint_repair,220,F_R:J5,F_R:J6,False,66,100,100,34,34
joint_repair,221,F_R:J5,F_R:J7,False,68,97,97,29,29
joint_repair,222,F_R:J5,U_L:J1,True,57,96,96,39,39
joint_repair,223,F_R:J5,U_L:J2,True,45,60,60,15,15
joint_repair,224,F_R:J5,U_L:J3,True,61,93,93,32,32
joint_repair,225,F_R:J5,U_L:J4,True,58,84,84,26,26
joint_repair,226,F_R:J5,U_L:J5,True,49,76,76,27,27
joint_repair,227,F_R:J5,U_L:J6,True,63,97,97,34,34
joint_repair,228,F_R:J5,U_R:J1,True,52,91,88,39,36
joint_repair,229,F_R:J5,U_R:J2,True,45,59,58,14,13
joint_repair,230,F_R:J5,U_R:J3,True,58,97,97,39,39
joint_repair,231,F_R:J5,U_R:J4,True,57,94,94,37,37
joint_repair,232,F_R:J5,U_R:J5,True,47,74,74,27,27
joint_repair,233,F_R:J5,U_R:J6,True,61,94,94,33,33
joint_repair,234,F_R:J6,F_R:J7,False,60,99,99,39,39
joint_repair,235,F_R:J6,U_L:J1,True,59,100,100,41,41
joint_repair,236,F_R:J6,U_L:J2,True,44,59,59,15,15
joint_repair,237,F_R:J6,U_L:J3,True,54,94,94,40,40
joint_repair,238,F_R:J6,U_L:J4,True,52,94,94,42,42
joint_repair,239,F_R:J6,U_L:J5,True,51,77,77,26,26
joint_repair,240,F_R:J6,U_L:J6,True,61,97,96,36,35
joint_repair,241,F_R:J6,U_R:J1,True,48,94,94,46,46
joint_repair,242,F_R:J6,U_R:J2,True,43,60,58,17,15
joint_repair,243,F_R:J6,U_R:J3,True,54,100,100,46,46
joint_repair,244,F_R:J6,U_R:J4,True,56,88,88,32,32
joint_repair,245,F_R:J6,U_R:J5,True,47,71,71,24,24
joint_repair,246,F_R:J6,U_R:J6,True,60,97,97,37,37
joint_repair,247,F_R:J7,U_L:J1,True,54,93,93,39,39
joint_repair,248,F_R:J7,U_L:J2,True,45,58,58,13,13
joint_repair,249,F_R:J7,U_L:J3,True,60,94,94,34,34
joint_repair,250,F_R:J7,U_L:J4,True,55,91,88,36,33
joint_repair,251,F_R:J7,U_L:J5,True,47,75,75,28,28
joint_repair,252,F_R:J7,U_L:J6,True,58,90,89,32,31
joint_repair,253,F_R:J7,U_R:J1,True,51,85,84,34,33
joint_repair,254,F_R:J7,U_R:J2,True,43,60,59,17,16
joint_repair,255,F_R:J7,U_R:J3,True,58,95,95,37,37
joint_repair,256,F_R:J7,U_R:J4,True,58,91,91,33,33
joint_repair,257,F_R:J7,U_R:J5,True,46,71,71,25,25
joint_repair,258,F_R:J7,U_R:J6,True,64,98,97,34,33
joint_repair,259,U_L:J1,U_L:J2,False,44,58,58,14,14
joint_repair,260,U_L:J1,U_L:J3,False,55,92,92,37,37
joint_repair,261,U_L:J1,U_L:J4,False,55,83,83,28,28
joint_repair,262,U_L:J1,U_L:J5,False,51,71,71,20,20
joint_repair,263,U_L:J1,U_L:J6,False,64,97,97,33,33
joint_repair,264,U_L:J1,U_R:J1,True,52,89,89,37,37
joint_repair,265,U_L:J1,U_R:J2,True,43,57,56,14,13
joint_repair,266,U_L:J1,U_R:J3,True,58,90,90,32,32
joint_repair,267,U_L:J1,U_R:J4,True,57,87,86,30,29
joint_repair,268,U_L:J1,U_R:J5,True,50,72,72,22,22
joint_repair,269,U_L:J1,U_R:J6,True,64,89,89,25,25
joint_repair,270,U_L:J2,U_L:J3,False,36,54,54,18,18
joint_repair,271,U_L:J2,U_L:J4,False,41,54,54,13,13
joint_repair,272,U_L:J2,U_L:J5,False,32,46,46,14,14
joint_repair,273,U_L:J2,U_L:J6,False,47,58,58,11,11
joint_repair,274,U_L:J2,U_R:J1,True,40,53,53,13,13
joint_repair,275,U_L:J2,U_R:J2,True,27,36,36,9,9
joint_repair,276,U_L:J2,U_R:J3,True,39,57,57,18,18
joint_repair,277,U_L:J2,U_R:J4,True,38,55,55,17,17
joint_repair,278,U_L:J2,U_R:J5,True,32,45,45,13,13
joint_repair,279,U_L:J2,U_R:J6,True,47,57,57,10,10
joint_repair,280,U_L:J3,U_L:J4,False,50,83,83,33,33
joint_repair,281,U_L:J3,U_L:J5,False,42,75,75,33,33
joint_repair,282,U_L:J3,U_L:J6,False,52,83,83,31,31
joint_repair,283,U_L:J3,U_R:J1,True,51,89,88,38,37
joint_repair,284,U_L:J3,U_R:J2,True,42,58,56,16,14
joint_repair,285,U_L:J3,U_R:J3,True,51,91,91,40,40
joint_repair,286,U_L:J3,U_R:J4,True,55,84,84,29,29
joint_repair,287,U_L:J3,U_R:J5,True,43,69,69,26,26
joint_repair,288,U_L:J3,U_R:J6,True,57,88,88,31,31
joint_repair,289,U_L:J4,U_L:J5,False,44,63,63,19,19
joint_repair,290,U_L:J4,U_L:J6,False,60,84,83,24,23
joint_repair,291,U_L:J4,U_R:J1,True,47,79,78,32,31
joint_repair,292,U_L:J4,U_R:J2,True,40,55,54,15,14
joint_repair,293,U_L:J4,U_R:J3,True,54,85,85,31,31
joint_repair,294,U_L:J4,U_R:J4,True,51,75,75,24,24
joint_repair,295,U_L:J4,U_R:J5,True,41,67,67,26,26
joint_repair,296,U_L:J4,U_R:J6,True,55,86,86,31,31
joint_repair,297,U_L:J5,U_L:J6,False,53,68,68,15,15
joint_repair,298,U_L:J5,U_R:J1,True,47,67,67,20,20
joint_repair,299,U_L:J5,U_R:J2,True,35,47,47,12,12
joint_repair,300,U_L:J5,U_R:J3,True,45,69,69,24,24
joint_repair,301,U_L:J5,U_R:J4,True,49,60,60,11,11
joint_repair,302,U_L:J5,U_R:J5,True,41,57,57,16,16
joint_repair,303,U_L:J5,U_R:J6,True,51,71,71,20,20
joint_repair,304,U_L:J6,U_R:J1,True,53,83,82,30,29
joint_repair,305,U_L:J6,U_R:J2,True,45,58,56,13,11
joint_repair,306,U_L:J6,U_R:J3,True,56,94,94,38,38
joint_repair,307,U_L:J6,U_R:J4,True,59,86,86,27,27
joint_repair,308,U_L:J6,U_R:J5,True,46,68,68,22,22
joint_repair,309,U_L:J6,U_R:J6,True,62,94,94,32,32
joint_repair,310,U_R:J1,U_R:J2,False,42,59,58,17,16
joint_repair,311,U_R:J1,U_R:J3,False,48,91,91,43,43
joint_repair,312,U_R:J1,U_R:J4,False,56,77,77,21,21
joint_repair,313,U_R:J1,U_R:J5,False,44,68,68,24,24
joint_repair,314,U_R:J1,U_R:J6,False,64,85,85,21,21
joint_repair,315,U_R:J2,U_R:J3,False,37,54,52,17,15
joint_repair,316,U_R:J2,U_R:J4,False,43,51,51,8,8
joint_repair,317,U_R:J2,U_R:J5,False,35,41,40,6,5
joint_repair,318,U_R:J2,U_R:J6,False,44,60,59,16,15
joint_repair,319,U_R:J3,U_R:J4,False,54,84,83,30,29
joint_repair,320,U_R:J3,U_R:J5,False,44,70,70,26,26
joint_repair,321,U_R:J3,U_R:J6,False,54,89,89,35,35
joint_repair,322,U_R:J4,U_R:J5,False,43,64,63,21,20
joint_repair,323,U_R:J4,U_R:J6,False,56,86,86,30,30
joint_repair,324,U_R:J5,U_R:J6,False,47,70,70,23,23
