id,split,kind,task_pass,official_qa_pass,sphere_violation_steps,beam700:dx,beam700:dy,beam700:yaw_delta,beam700:mass_scale,beam700:friction_scale,beam300:dx,beam300:dy,beam300:yaw_delta,beam300:mass_scale,beam300:friction_scale,beam700:xy,beam700:tilt,beam700:lift,beam700:height,beam700:official_violation,beam700:resets,beam700:final_xy_mm,beam700:final_tilt_deg,beam700:max_lift_mm,beam700:final_dz_mm,beam300:xy,beam300:tilt,beam300:lift,beam300:height,beam300:official_violation,beam300:resets,beam300:final_xy_mm,beam300:final_tilt_deg,beam300:max_lift_mm,beam300:final_dz_mm
b0_env000,development,nominal,False,False,0,0.0,0.0,0.0,1.0,1.0,0.0,0.0,0.0,1.0,1.0,True,True,True,True,True,True,33.00244438547588,0.004859113255400394,98.97571802139282,0.005424022674560547,True,False,True,False,True,True,23.12007930044053,90.11872874526127,93.64616870880127,-13.856470584869385
b0_env001,development,lhs,False,False,0,0.017708818851295553,0.019621212284440744,-2.9927439131550626,1.0880133195109765,1.0968798066646503,-0.019267504736995643,-0.011542646310322988,-4.410924779486203,1.0113159525015358,1.0510533944654152,True,True,False,True,True,True,3.3047553184870133,0.08439658218300887,23.021936416625977,0.031828880310058594,False,True,True,True,True,True,89.8485378119069,3.7168927717107243,54.124295711517334,8.240044116973877
b0_env002,development,lhs,False,False,0,-0.006580011087764877,-0.00453698422278366,4.148725898851817,1.184051376364072,0.6917389234068457,0.009480358197501038,0.0025034573123198026,3.6189960214746186,1.1034925859402134,1.203755926490927,True,True,True,True,True,True,36.418910864828504,0.00752919478004546,51.60611867904663,0.041484832763671875,False,False,True,True,True,True,99.94305461777671,14.199467754094991,52.74444818496704,3.683924674987793
b0_env003,development,lhs,False,False,0,-0.008557419385701481,-0.0031846612309908706,7.075303331487925,0.9300259545273388,1.2117768471473072,0.016405237683063647,-0.005017711370940533,-6.044516035743895,0.8834545641305611,0.7435008122318869,True,True,True,True,True,True,16.03001233471542,7.73266331117209e-05,91.5040373802185,-0.00017881393432617188,False,True,True,True,True,True,110.54406667155807,0.00010328896973879028,53.64847183227539,0.0
b0_env004,development,lhs,False,False,0,-0.01867967104595514,0.009500374386287418,6.528046012882903,1.0170526285765602,1.1514230379662374,0.005232911614536932,-0.01241143417472438,-2.625078251288767,0.9889359943507487,1.2581079373615656,True,True,True,True,True,True,24.206773835975856,0.3427881656974013,91.89897775650024,0.1188516616821289,True,False,True,False,True,True,77.06137792229096,90.10298700782657,90.88057279586792,-12.889325618743896
b0_env005,development,lhs,True,True,0,-0.004518198011367613,0.0031364765923492972,-4.800841378698628,1.1419553154191142,0.7866800989031204,-0.013817478417366167,0.003058266146573542,-0.9044253621449521,1.1563909312389065,1.1138041221495554,True,True,True,True,True,True,25.612089117885343,0.006629684692190299,54.75807189941406,0.0059604644775390625,True,True,True,True,True,True,78.20915869381668,3.3426002304398166,57.523131370544434,7.924437522888184
b0_env006,development,lhs,False,False,0,-0.016724467381523167,0.00875707104233871,5.181460831502502,0.9925698382698012,0.7583894883265522,0.015199553327544389,-0.010620982998294361,-4.6984245587336435,0.9322128281442486,1.3199014343582527,True,True,True,True,True,True,53.498892845620254,0.00012191935498837612,50.69470405578613,-0.00017881393432617188,False,True,True,True,True,True,117.92978210178423,8.391774133344056e-05,50.99374055862427,0.0
b0_env007,development,lhs,False,False,0,-0.01646503176113496,-0.009378979910624934,-7.4715640659613385,1.1738623940175628,0.8456644197726343,0.013396403959281277,-0.007106424186276583,-0.785715557761522,1.0008340579379948,0.7019156360607864,True,True,True,True,True,True,6.923099902055182,7.11916174110566e-05,56.97113275527954,0.0,False,True,True,True,True,True,114.18266573721169,0.00034357574305581576,52.44654417037964,0.0006556510925292969
b0_env008,development,lhs,False,False,0,0.002303734730700259,0.007207808410194451,0.2714880403074531,0.8508017086897056,0.9490882342649967,-0.0015863187623691814,0.011005590778201922,1.0575727998829372,0.8368178137447227,1.300645140634849,True,True,True,True,True,True,29.82487403851508,0.008648180081334288,99.21646118164062,-0.00011920928955078125,True,False,False,False,True,True,75.23699258935277,89.27465974376267,48.09218645095825,-14.749288558959961
b0_env009,development,lhs,False,False,0,-0.014686768715287426,0.008051801532928837,3.317016922110314,0.8341187097164396,0.6800609795057165,0.003832282292749064,-0.018249909559826624,-3.881323252657281,0.8678178781043541,0.8549461299024482,True,False,True,False,True,True,22.660988999623783,90.00082754564004,103.57290506362915,-19.998252391815186,False,False,True,False,True,True,349.09371332963593,89.98147105371586,93.57321262359619,-19.97852325439453
b0_env010,development,lhs,False,False,0,0.004858368537473991,0.01112029980494757,-5.336871948011906,0.8179207309201593,0.9643651496242819,0.012432204034343631,-0.003639622635630245,-6.4745424977456585,1.0413376847217068,1.093669819451301,True,True,True,True,True,True,20.052474017683352,4.4812951303591474e-05,99.33435916900635,0.0,False,False,True,False,True,True,147.03187694517183,89.99992531540866,57.96504020690918,-19.999980926513672
b0_env011,development,lhs,False,False,0,0.015127894307875051,-0.0010187124658616424,-3.917136438943194,0.8320700923326381,0.8021671744995389,-0.008188902989792409,0.017841602405560767,-2.0408848222936316,0.8592378420679418,1.1535244652504093,True,True,True,True,True,True,28.24165622471317,0.0005257415827647857,100.91525316238403,0.0002384185791015625,False,True,True,True,True,True,82.98545962223335,3.5625940690105007,57.4987530708313,8.089542388916016
b0_env012,development,lhs,False,False,0,0.004663489033224787,-0.019221032978411472,-0.620458482621383,1.1141080461366417,0.8279625493068379,-0.01607952066294934,0.015693682001301505,-0.07969956931439715,0.8876615411759418,1.3550228273289868,True,True,True,True,True,True,44.96107152249371,0.004313650349632152,96.11129760742188,0.003159046173095703,False,False,True,False,True,True,158.64454348817426,89.99704976198903,55.811166763305664,-11.077940464019775
b0_env013,development,lhs,False,False,0,0.01124680258199678,-0.011983156493743109,5.954371266220878,0.8724458017323462,1.0518911917310914,-0.006305861957508062,-0.01538606786619913,-7.102514941370686,1.1588840488796412,1.3402445449035385,False,True,False,True,True,True,170.97175675153156,6.624865396687429e-05,17.645657062530518,0.0,False,False,True,False,True,True,87.10847679953142,89.13839502903355,75.21742582321167,-12.79371976852417
b0_env014,development,lhs,False,False,0,0.009162192255754618,0.01785633441335707,2.3823944084727806,1.0079076180796083,1.02660389004635,0.017476887343543242,0.004824375919279519,-5.909050058689885,1.09780409622564,1.087281985129451,False,True,False,True,True,True,111.55703147209083,0.004215083518833196,46.879470348358154,0.002205371856689453,False,True,True,True,True,True,123.56366206666219,0.00029969765677753045,53.690552711486816,0.0
b0_env015,development,lhs,False,False,0,-0.002644849424844036,0.0011635111748086388,-1.5818678648130584,1.1266967729237036,1.3711712829432634,0.011416241004598659,0.012446224498045475,5.354798222058079,1.0302557180901586,0.6326044314240298,True,True,True,True,True,True,26.86742919694873,0.0022202636060071924,92.29308366775513,0.0016093254089355469,False,True,False,True,True,True,111.01269568550788,0.004045809456638714,48.63119125366211,0.004947185516357422
b0_env016,development,lhs,True,True,0,0.01664241518031732,-0.014298524270472072,-7.949944257230487,0.9414571503073728,1.1820531223072601,0.003328769174865423,0.01625535187325999,-5.151744962173143,0.9698523090273308,1.1734494329379062,True,True,True,True,True,True,61.883940437201844,0.004096727576114634,95.99262475967407,0.0017881393432617188,True,True,True,True,True,True,48.392999186598324,3.073916534710677,70.62500715255737,8.013546466827393
b0_env017,development,lhs,False,False,0,0.013185658285574945,0.01055965683579212,1.3550172285831703,0.981483254034368,0.7516633630695483,-0.00016954866481376854,-0.0019567511806185267,1.6792442506555307,1.1157587404460863,0.9613273055422437,True,True,True,True,True,True,15.23797691123879,5.015511433648221e-05,96.64589166641235,0.0,False,True,True,True,True,True,80.82544265807651,3.094170599309729,90.71540832519531,7.63314962387085
b0_env018,development,lhs,False,False,0,-0.008970241304671738,-0.015879543264980804,-5.186631732007105,1.0948978730172667,1.2579093461073305,-0.007662127995631237,0.00782116866976388,1.4450823609538457,0.9569986076380765,1.0199693439969995,False,False,False,False,True,True,222.7317932867046,90.00014976017512,5.5869221687316895,-20.000040531158447,True,True,True,True,True,True,74.24399580509649,3.172905210480274,59.49223041534424,7.568657398223877
b0_env019,development,lhs,False,False,0,0.013682324615793811,0.013066533768212912,-0.10766659798529155,1.0240340316598866,0.7182898142506077,-0.010477076666110436,-0.00861478629117159,-5.434635046919643,0.9779429030498121,1.030364019048747,True,False,True,False,True,True,52.19515216974357,90.00212946840712,100.71170330047607,-19.999682903289795,True,True,True,True,True,True,57.17020391905045,2.9794200560571316,60.202598571777344,7.317483425140381
b0_env020,development,lhs,False,False,0,0.0005664616146569164,-0.013774153951985037,-0.26331414835493305,0.9540782232655107,1.2382135491805037,0.00767741270146435,-0.002297593519246542,3.395499532356089,1.1288472531712455,1.2644063402727097,True,False,True,False,True,True,23.165668345771554,90.01205032020066,99.73347187042236,-19.991040229797363,False,False,True,False,True,True,152.64941962569702,90.00050412449397,52.40583419799805,-19.999325275421143
b0_env021,development,lhs,True,True,0,-0.01164930468650429,0.01730817264081994,-3.8045041365696104,1.0039731684500606,1.1654464501574777,-0.0049306654161631915,0.006944707261780092,-6.9317189619809385,1.1146840034123064,1.1290796513764294,True,True,True,True,True,True,21.03672322753672,0.00581060486622775,91.10558032989502,0.00286102294921875,True,True,True,True,True,True,66.02187324841863,2.9394855436674043,69.20313835144043,7.1694254875183105
b0_env022,development,lhs,False,False,0,-0.006341504020350686,0.00016444550664444085,3.6217361917025084,0.9136227497552608,0.879669778918349,-0.01070520580614556,0.009630188096742553,7.641790836123196,1.023372292016373,0.9205963968657785,True,True,True,True,True,True,47.12744747712135,0.00856326251450332,53.81655693054199,0.0012516975402832031,True,False,True,False,True,True,22.5229315851227,90.90179633632214,50.86296796798706,-13.151347637176514
b0_env023,development,lhs,False,False,0,-0.004781283070561275,-0.011459359982249891,0.919376448265945,1.175468749643434,1.1407552458140715,0.0015860589593583024,0.001531430648858259,4.9588239001832335,0.868156336219749,0.8689198892832687,True,True,True,True,True,True,32.688414301531616,0.005196301805528009,98.65117073059082,0.003993511199951172,True,False,True,False,True,True,6.433131474334019,90.00008748181072,94.24632787704468,-13.71777057647705
b0_env024,development,lhs,False,False,0,0.001473118400647535,0.006259396696990337,1.9687381808989155,0.860206463671917,1.0051177881541704,0.018528234580663067,-0.0001901387933271534,2.9351683630347907,0.9437643928807263,1.0018827839447033,True,True,True,True,True,True,26.001258563949214,0.0004645313287766228,97.68915176391602,-0.0002980232238769531,False,True,True,True,True,True,107.83156062852889,0.00010901589596939389,53.813040256500244,0.00011920928955078125
b0_env025,development,lhs,False,False,0,-0.013924232629314515,-0.006828307718877829,-6.781883933008418,0.8011049758834845,1.3236176198026635,0.006080652958966155,-0.007393881349143634,6.333048626419242,1.064093149283847,1.1865352526040578,False,True,False,True,True,True,80.09898819731613,0.0059152231915181545,47.63716459274292,0.003933906555175781,False,True,True,True,True,True,104.32963588403075,0.0017241023922547863,51.25916004180908,0.00017881393432617188
b0_env026,development,lhs,False,False,0,0.009832321894919858,-0.006286910031912965,-6.015461925242326,1.056966147414652,0.988772781650149,-0.0012412229603881407,0.006035058234410244,-3.0679275884007016,1.1466513211414016,0.6055365314938616,True,True,True,True,True,True,65.10838144510095,0.006334220565273654,67.12955236434937,0.02390146255493164,False,False,False,False,True,True,150.4147379089387,89.99960842255808,9.23609733581543,-19.999563694000244
b0_env027,development,lhs,False,False,0,0.008821391073830127,0.013361986596478397,-4.393789118082129,0.8851101188542118,1.2983271885315975,0.014224724441239022,0.004674717852069198,4.4771534025095345,0.8070301619134109,0.7261170378983695,True,True,True,True,True,True,8.56865517256279,0.00014910026838226551,96.15230560302734,0.0016093254089355469,False,True,True,True,True,True,112.99033264408692,0.00018426484545409346,52.330613136291504,0.0002384185791015625
b0_env028,development,lhs,False,False,0,-0.007927300171496628,-0.00737832064999671,4.847471615577344,1.0366847498083307,0.8647623679863079,-0.012094183270295975,0.014868365785145585,6.098792352472254,1.0827467366283683,1.389198774775746,True,True,True,True,True,True,33.83431229305459,0.0016132267109744045,99.93278980255127,0.0002980232238769531,False,False,True,False,True,True,116.9925805374867,90.00005126887122,72.04663753509521,-11.081993579864502
b0_env029,development,lhs,False,False,0,0.005603499566045906,0.0019295339049275571,-2.5807473320850676,1.1030882115465346,1.2789152653596176,0.0006448312108138718,0.018600457185836552,-0.4519695338791001,0.8982155903354776,0.930798586608652,True,True,True,True,True,True,28.179793990520196,0.001376956650301182,85.1936936378479,0.0014901161193847656,False,False,False,False,True,True,147.07531515243488,89.98538332362693,28.983473777770996,-19.984066486358643
b0_env030,development,lhs,True,True,0,-0.0004891366458442577,0.014887058842170602,-2.547279097026691,0.9027714002427359,0.6519249249630809,0.00866592188054957,0.0009508099807122722,-7.689919871654366,1.1346326065363992,1.3755350277093648,True,True,True,True,True,True,38.55246350650593,0.01854066326561768,101.21506452560425,0.10663270950317383,True,True,True,True,True,True,71.91075328416626,2.356925680369355,84.74206924438477,6.184756755828857
b0_env031,development,lhs,False,False,0,0.00762330303853076,-0.009895114330173815,0.7184862408926929,0.9223507002240865,1.1266116393425452,-0.01458348730997731,-0.01942769302380167,-3.4526182583996556,1.1882948803204423,0.6511844387894723,True,True,True,True,True,True,32.88416178381478,0.0032404656795591118,97.92172908782959,0.0015497207641601562,False,True,False,True,True,True,87.73105241941352,3.572090261024324,47.31482267379761,8.600771427154541
b0_env032,development,lhs,False,False,0,0.019349907529695395,0.015245056430808996,7.644508220188179,1.072303354917965,0.8046836117272389,-0.015216539363045001,-0.0009771756305539635,7.817141796140209,0.9804007984781192,0.8326045893708051,False,True,False,True,True,True,184.19230430340554,7.70716938874893e-05,9.398281574249268,0.00017881393432617188,True,True,False,True,True,True,75.19600209017831,3.33817342784274,48.58070611953735,8.269011974334717
b0_env033,development,lhs,False,False,0,-0.019871720235879714,-0.017204662359130377,-7.168249088578334,1.1330587518155215,0.6493326943602993,-0.0032484216282830172,0.01937181587224702,2.8705259462851185,0.9116460388460983,0.8194670799912196,False,True,False,True,True,True,108.09966224189108,5.563958417868114e-05,46.59003019332886,0.0,False,False,True,False,True,True,93.60762406578306,90.00002757351167,53.533852100372314,-19.999325275421143
b0_env034,development,lhs,True,True,0,-0.01769412635866478,-0.013147276925275954,5.512844752284597,1.049441087511501,1.3602846771729904,-0.009158184067740383,0.016845577416547994,-4.254650454174479,1.056364268758248,0.9055862648024104,True,True,True,True,True,True,29.229449685817546,0.0002339168406531343,91.2976861000061,0.0016689300537109375,True,True,True,True,True,True,62.33068631564782,2.9892111771998895,56.59693479537964,7.257521152496338
b0_env035,development,lhs,False,False,0,-0.009812785982930769,-0.0185879583372378,-3.2636468134928407,0.8784051538630341,1.0206808460086858,0.0071347776859636,-0.0058066404392607025,4.674501917990659,0.9274746701060881,1.21870893592543,True,True,True,True,True,True,65.0513377091781,0.0011395502072973857,86.82811260223389,0.00095367431640625,False,True,True,True,True,True,111.45705046035798,0.0007095403504209971,52.0625114440918,0.0
b0_env036,development,lhs,False,False,0,-0.0003327014562506357,-0.015628581387245724,6.1306466694849036,0.9668812796070985,0.9081131711788571,-0.018235386802335395,-0.016258681553167904,6.959792463733319,1.1998800811543926,1.2886132058174145,False,True,True,True,True,True,99.83602821601029,0.005860327187227152,224.76643323898315,0.007867813110351562,False,False,True,False,True,True,145.73501209262517,90.00011702158433,57.86871910095215,-11.081993579864502
b0_env037,development,lhs,False,False,0,0.011934847813883213,0.011802293665603567,2.893102067999685,1.1929685538976886,0.9253701713842345,0.0121771805537545,-0.009476868594707281,0.6654087375072386,1.0791864517332743,0.7102384196787214,False,True,True,True,True,True,91.18397980821764,0.0030423268813071017,66.26290082931519,-0.0008344650268554688,False,True,True,True,True,True,114.02347673281376,0.0008712131524473723,52.23727226257324,-0.000476837158203125
b0_env038,development,lhs,False,False,0,0.00642686538382092,0.019112329725116593,-0.888286416647663,1.1611249126863696,1.0623225434114894,0.0196520622234314,-0.011173048518708229,0.4097485977789894,1.1771747246137125,0.9503048739090898,True,True,True,True,True,True,24.052733337093336,0.0005029806560963011,95.36224603652954,-5.9604644775390625e-05,False,True,True,True,True,True,100.41338802989539,0.00037218460072634005,53.18093299865723,0.0
b0_env039,development,lhs,False,False,0,0.003350194522926904,0.016340839762805818,-1.9059991558778728,1.0447133903474735,0.6020075892967073,-0.0166783380581625,-0.01487211430831785,5.850543373649659,0.9515704573844851,0.6697480019893767,False,True,False,True,True,True,86.61503055636086,0.0006220378234168163,48.05552959442139,0.00035762786865234375,True,True,False,True,True,True,64.21524976149001,3.1993584413247493,48.30360412597656,8.310377597808838
b0_env040,development,lhs,False,False,0,-0.012903418510085057,-0.002338145590035253,7.778558357712543,0.9487930102377126,0.6213486708368168,-0.007046966529103655,-0.018952418631517358,-7.385168178707758,1.173508498715416,0.6355134973528683,False,True,True,True,True,True,113.65293107932574,0.0010966316196811409,204.96350526809692,0.00011920928955078125,False,True,False,True,True,True,91.1844256659979,3.6650999697451123,48.22969436645508,8.743762969970703
b0_env041,development,lhs,False,False,0,-0.01070745359286193,-0.004898621287717732,3.135587848378396,0.8122808549751495,1.2944557163408243,-0.0187417083945507,-0.013882901086357168,-1.5401999618345323,0.8147188255436598,0.9906173546183509,True,True,True,True,True,True,31.72329012199725,0.0019806091237117257,96.38351202011108,0.0017881393432617188,False,True,False,True,True,True,95.94184427986255,3.6601272083756298,48.28578233718872,8.477747440338135
b0_env042,development,lhs,False,False,0,0.014618864311436105,0.0038871279418766676,1.8639616774904173,0.856926094326173,1.0922021397638062,-0.002672964715633372,-0.003949405070231993,3.9561684430439694,1.0519408308170655,0.7559156328912853,True,True,True,True,True,True,21.127981840139523,0.13312814367834705,95.21174430847168,0.11724233627319336,False,False,False,False,True,True,130.27742676227504,90.00007862132456,42.32966899871826,-19.999980926513672
b0_env043,development,lhs,False,False,0,0.018546447809248367,-0.00893144684911314,6.730158064474372,0.8942582554474379,0.9008396233783444,0.002144481313973077,0.013866320569642852,-2.5198235374681897,0.8177017996839234,0.8820990314482764,False,True,False,True,True,True,180.9296073997745,7.459167787458153e-05,10.346651077270508,0.0,False,False,False,False,True,True,89.44968360706436,89.99779444909497,25.11841058731079,-19.99664306640625
b0_env044,development,lhs,False,False,0,-0.003775358960081507,-0.0019577981396357476,-5.872253320772664,1.0779002861137315,0.7305497475178356,0.00995255604314842,0.008668302004013001,7.252476491392725,0.8468911790418496,0.7940236507218676,True,True,True,True,True,True,26.552899908361702,0.002345144481913906,97.18489646911621,0.004589557647705078,False,True,True,True,True,True,102.75600401690465,0.000799104311798075,53.319454193115234,-0.0011324882507324219
b0_env045,development,lhs,False,False,0,-0.0014768231540703107,0.005372496773633825,-1.453692481554623,0.9711588316430608,1.2138819907233251,-0.012372763652706353,-0.017280059586516742,2.303302889379058,0.8334983461220328,1.0599352026373314,True,True,True,True,True,True,25.091951483423863,0.00018371018759799675,94.3710207939148,0.0006556510925292969,False,True,False,True,True,True,90.34254768862807,3.6186211710827436,47.61713743209839,8.167922496795654
b0_env046,development,lhs,False,False,0,-0.01549705166724931,-0.01778774255660156,4.595047089995685,1.1506244573152749,1.3444612155013091,0.016899171981201718,0.010268481433415091,2.074971873817411,0.9054173250745137,1.2394901906725766,True,True,True,True,True,True,20.650069119039202,6.763698070860566e-05,90.8765196800232,-5.9604644775390625e-05,False,True,True,True,True,True,109.8731316111353,0.0003120130946457087,53.69210243225098,-0.00011920928955078125
b0_env047,development,lhs,True,True,0,0.016216178073793917,0.0023881168050691286,-6.428409706666574,1.1199674868042366,1.3882649551640982,-0.004474435939619553,0.01231650646476996,-1.50658098336035,1.0178894448761282,0.7866432975171791,True,True,True,True,True,True,23.08007985444759,0.0002477724082398127,103.5190224647522,0.0002384185791015625,True,True,True,True,True,True,51.03809542923286,2.783640280925896,56.77449703216553,7.044672966003418
b0_env048,development,corner,False,False,0,0.02,-0.02,-8.0,1.2,1.4,0.02,-0.02,-8.0,0.8,1.4,True,True,True,True,True,True,61.7133893185914,0.0021345792523378183,94.74116563796997,0.0032186508178710938,False,False,False,False,True,True,133.48798551761686,90.0001486535689,18.431484699249268,-19.999921321868896
b0_env049,development,corner,False,False,0,-0.02,0.02,8.0,0.8,0.6,-0.02,0.02,8.0,1.2,0.6,False,False,True,False,True,True,135.74378209811235,44.0760824093926,211.46386861801147,211.46327257156372,True,True,False,True,True,True,57.66294359151025,3.015768051220671,39.555907249450684,7.837891578674316
b0_env050,development,corner,False,False,0,-0.02,-0.02,-8.0,0.8,1.4,0.02,0.02,8.0,0.8,1.4,False,False,False,False,True,True,90.6111999257357,89.99658104657334,4.999518394470215,-19.998669624328613,False,True,True,True,True,True,102.73925118220365,0.0036012498286600875,78.92709970474243,0.0007152557373046875
b0_env051,development,corner,False,False,0,0.02,0.02,8.0,1.2,0.6,-0.02,-0.02,-8.0,1.2,0.6,False,False,False,False,True,True,120.57000997032632,90.00553067109055,7.7048540115356445,-19.99145746231079,False,True,False,True,True,True,81.5768911654313,3.284145229000816,47.99151420593262,8.193492889404297
b0_env052,development,corner,False,False,0,0.02,0.02,-8.0,1.2,1.4,-0.02,0.02,8.0,1.2,1.4,True,False,False,False,True,True,72.53729211600235,90.00014490347985,4.806756973266602,-19.999980926513672,False,False,True,False,True,True,93.77259808036841,88.50643806611578,78.1983733177185,-11.834204196929932
b0_env053,development,corner,False,False,0,-0.02,-0.02,8.0,0.8,0.6,0.02,-0.02,-8.0,0.8,0.6,True,True,True,True,True,True,61.01088083629991,0.0001552436602337994,99.89356994628906,5.9604644775390625e-05,False,True,True,True,True,True,116.31640783300729,0.0014853583293290749,52.69366502761841,0.0011324882507324219
b0_env054,development,corner,False,False,2,0.02,-0.02,8.0,0.8,0.6,-0.02,-0.02,8.0,0.8,0.6,False,True,False,True,False,True,142.54565553075045,0.0005306792165836357,29.06590700149536,0.0008344650268554688,False,True,True,True,False,True,80.31264642306306,2.747020360771691,92.52196550369263,7.2021484375
b0_env055,development,corner,False,False,0,-0.02,0.02,-8.0,1.2,1.4,0.02,0.02,-8.0,1.2,1.4,True,True,True,True,True,True,70.3682016901022,0.00014749294958924306,83.22221040725708,0.00011920928955078125,False,True,True,True,True,True,98.82058627999274,0.0038238822234185122,54.449260234832764,-0.0015497207641601562
b0_env056,development,corner,False,False,15,-0.02,0.02,8.0,1.2,1.4,-0.02,0.02,-8.0,0.8,1.4,True,True,True,True,False,True,16.30772749701896,0.00042750195073803653,88.53447437286377,0.0019669532775878906,False,False,False,False,False,True,91.97384802613868,90.06189883650764,31.56179189682007,-19.951283931732178
b0_env057,development,corner,False,False,0,0.02,-0.02,-8.0,0.8,0.6,0.02,-0.02,8.0,1.2,0.6,False,True,True,True,True,True,115.15619747886018,0.017473685265797876,88.42915296554565,0.010728836059570312,False,True,True,True,True,True,116.61192667933652,0.0010179556467534141,52.958011627197266,0.0
b0_env058,development,corner,False,False,0,0.02,-0.02,-8.0,0.8,0.6,0.02,0.02,8.0,0.8,1.4,False,True,True,True,True,True,114.45815448777734,0.03844038192186253,89.6599292755127,0.00011920928955078125,False,False,True,False,True,True,101.65990918279304,88.92741316742979,81.98016881942749,-15.34503698348999
b0_env059,development,corner,False,False,0,-0.02,0.02,8.0,1.2,1.4,-0.02,-0.02,-8.0,1.2,0.6,True,True,True,True,True,True,24.173841822663178,6.95078723736832e-05,90.39884805679321,5.9604644775390625e-05,False,True,False,True,True,True,85.98266799116554,3.379931669514474,47.668516635894775,8.2816481590271
b0_env060,development,corner,False,False,0,-0.02,-0.02,-8.0,0.8,0.6,0.02,0.02,8.0,1.2,0.6,False,False,False,False,True,True,98.92742110857438,90.00015145274145,5.716800689697266,-20.011723041534424,False,True,False,True,True,True,107.21072393760848,0.004735865101491763,40.30734300613403,0.0017285346984863281
b0_env061,development,corner,False,False,0,0.02,0.02,8.0,1.2,1.4,-0.02,-0.02,-8.0,0.8,1.4,False,True,True,True,True,True,148.62751178149944,0.00016807418445535853,86.9663953781128,0.0007152557373046875,False,False,True,False,True,True,165.36617174073706,89.9981963643711,50.15689134597778,-11.080384254455566
b0_env062,development,corner,False,False,0,0.02,0.02,8.0,1.2,1.4,0.02,-0.02,8.0,0.8,0.6,False,True,True,True,True,True,118.12945837651165,0.01711889734834283,86.00729703903198,0.012218952178955078,False,True,True,True,True,True,116.82960928967587,0.0021624389295817176,52.37048864364624,0.0017881393432617188
b0_env063,development,corner,False,False,0,-0.02,-0.02,-8.0,0.8,0.6,-0.02,0.02,-8.0,1.2,1.4,False,False,False,False,True,True,91.76415474580443,89.99801661065194,4.810214042663574,-19.999980926513672,False,False,True,False,True,True,108.80302843267933,90.00005341493309,75.19692182540894,-11.081993579864502
b1_env000,development,nominal,False,False,0,0.0,0.0,0.0,1.0,1.0,0.0,0.0,0.0,1.0,1.0,True,True,True,True,True,True,36.44101364517182,0.004878813660785017,100.2953052520752,5.9604644775390625e-05,False,False,False,False,True,True,163.64736816301752,89.99941287350366,40.199875831604004,-19.996166229248047
b1_env001,development,lhs,False,False,0,-0.005468146354989455,-0.000802164213125723,6.438569993012019,0.8306631640949337,1.3851416343095801,-0.007070260417773994,0.016176966810475948,-5.730953098705719,0.8262491566953954,1.1670039434444122,True,True,True,True,True,True,13.270584497358115,0.00035619350571203083,95.44342756271362,5.9604644775390625e-05,False,False,True,False,True,True,101.46658914033944,88.44633188589587,79.74767684936523,-11.699259281158447
b1_env002,development,lhs,False,False,0,0.011752934291052338,0.008470177622934415,-2.795131034761967,0.9157243812243274,0.7208143566667503,0.015356641010337239,-0.015196850040082956,1.0395603966929432,1.102907952837553,0.7925762924994098,True,True,True,True,True,True,52.33491099564454,0.00988302091620512,58.266401290893555,-0.00095367431640625,False,True,True,True,True,True,112.02448594095779,8.59771681392366e-05,52.63400077819824,0.0
b1_env003,development,lhs,False,False,0,0.01640027475001764,0.018893343995453216,2.4269324972010367,1.0099272570110607,1.3671791437675584,0.01589369763749719,-0.013894855647652284,-0.9657343313314888,0.99951585934214,1.3478479549671318,True,True,True,True,True,True,23.207164248265187,0.008456644825144027,94.11674737930298,0.024378299713134766,False,True,True,True,True,True,110.31082189739445,4.206081012694562e-05,50.75883865356445,-5.9604644775390625e-05
b1_env004,development,lhs,False,False,0,0.000614090056083403,-0.007710373938124914,-5.418592040224619,1.1183241605128973,1.3366668556445627,-0.0002280801983787356,0.005071111873315569,7.335104285248663,0.9700413256175549,0.7199976359646147,True,True,True,True,True,True,73.84708349228144,0.0029521613736277663,57.6513409614563,-0.0004172325134277344,False,False,True,False,True,True,114.48723765511814,89.6280859596388,92.26477146148682,-14.355897903442383
b1_env005,development,lhs,False,False,0,0.010906418377291532,0.01661384863116414,5.10519915142423,1.1785402660291397,0.8272087347540812,-0.002093330155780695,-0.009864297601527232,5.881676783803201,1.073156634013125,1.14613224056547,False,True,False,True,True,True,176.392375171201,0.001346042050061556,14.512062072753906,5.9604644775390625e-05,True,False,True,False,True,True,11.480271697265328,90.01933250130601,86.66616678237915,-13.50778341293335
b1_env006,development,lhs,False,False,0,0.013301022154403246,0.004663814850801504,-5.811890579019915,1.0142296519933236,0.9663474081902966,0.010982448292219896,0.013444819450014623,-2.011137647828722,0.8721160591369775,1.2365663038192038,False,True,False,True,True,True,173.7486117849994,0.0003757283120263506,35.39341688156128,5.9604644775390625e-05,False,False,True,False,True,True,183.44429615551059,89.99395156632497,50.35179853439331,-19.992530345916748
b1_env007,development,lhs,False,False,1,-0.0005963976136996209,-0.016023888893620542,5.920102374340333,1.0834294995294418,1.1042326564080693,0.017491398699334703,-0.019805588388870744,3.379779137544883,1.0841120323474467,0.9911718425719255,True,True,False,True,False,True,28.237311560456853,0.0048425432355313205,32.69773721694946,0.003635883331298828,False,True,True,True,False,True,103.0348105943055,0.0015366165809879465,53.642213344573975,0.0032186508178710938
b1_env008,development,lhs,False,False,0,0.015348401155150602,0.0060499296376437285,-0.566936206255706,0.846599582030447,0.8999129412451059,-0.012530340693605934,0.0018426250593231996,5.351878526634456,1.1359809937727134,0.7036828116089833,True,True,True,True,True,True,34.88821593441559,0.004193397635182491,101.5583872795105,0.005304813385009766,True,True,False,True,True,True,56.13597325606921,3.1094888395720885,48.381686210632324,8.145749568939209
b1_env009,development,lhs,False,False,0,-0.018560481256306594,0.006706617395449543,-2.242395129402251,0.9248057211822035,1.0783503006874668,0.01159043599206198,0.011597067684221914,2.0463580649027584,1.0452882274804198,0.6443901566711143,False,True,True,True,True,True,161.63467110656697,0.002523764140982012,79.37222719192505,0.0016689300537109375,False,True,False,True,True,True,108.75872887374875,0.010975073078343656,49.077749252319336,0.008881092071533203
b1_env010,development,lhs,False,False,0,-0.006316688199622902,0.019957845005039252,-6.337830218228146,0.9889668996203169,1.317238946240047,0.006992580550509754,-0.005154774894440845,4.422399900258037,0.8388488938791384,0.7391101036082975,True,True,True,True,True,True,38.33399138985063,0.14215639879181755,57.221829891204834,0.04589557647705078,False,True,True,True,True,True,121.84567816275928,8.149402505115047e-05,51.551878452301025,5.9604644775390625e-05
b1_env011,development,lhs,False,False,0,-0.0033608454683110994,0.0008235815526052813,-0.21133283442726292,0.8618509425793695,1.1567742047400347,-0.0027637646483495565,-0.01684816969910144,0.6119970137473363,1.0094352544712584,1.0094639817106403,True,True,True,True,True,True,37.06388341158163,0.0019627190274914747,100.99983215332031,0.002562999725341797,False,False,True,False,True,True,138.78682664330114,90.00002908600857,67.81727075576782,-11.081993579864502
b1_env012,development,lhs,False,False,0,0.004396077847226149,0.012435451460465086,-0.9432282226030901,1.0385696472980823,0.6542188283603524,0.005345098100436672,-0.010911160714806882,-1.272571634494592,1.0212887064209693,1.2870848185057975,True,True,False,True,True,True,64.28923716705286,0.0004447242918534798,48.81983995437622,0.0019073486328125,True,True,True,True,True,True,64.45913103993199,2.4592438751682857,63.75497579574585,5.965232849121094
b1_env013,development,lhs,False,False,0,-0.008649595604445564,-0.010637536599643406,6.775378152806953,0.9740063200337806,0.8577864996288598,0.013565048449254841,0.007756098302801391,2.388685487076126,0.8930816671386783,1.3058381516021584,True,True,True,True,True,True,19.317867645736694,8.455376950819068e-05,93.2002067565918,0.0,False,False,True,False,True,True,146.93479069694294,90.00009312850159,53.07644605636597,-19.999980926513672
b1_env014,development,lhs,False,False,0,0.01941298005974682,-0.0037855575196063876,4.73394019363961,0.8896461470916738,0.9750881081179784,0.019556235003129228,0.017648362579860726,-4.197362021266537,0.8123842883412777,1.2180858599260977,False,True,False,True,True,True,182.08207424231912,0.0003386017198385647,13.562798500061035,0.0002384185791015625,False,False,True,False,True,True,140.94138628110986,89.99456588958977,53.29859256744385,-19.991755485534668
b1_env015,development,lhs,False,False,0,-0.0028469700393812664,-0.006522529709349363,-4.604774893179281,0.8361536160435084,0.7595171145912764,0.012401085166105722,0.011421349370900589,2.7984512048744694,0.9614785255054127,0.7007242311447284,True,True,True,True,True,True,67.06182450454556,0.00473904457200165,58.465421199798584,0.022232532501220703,False,True,False,True,True,True,113.13681784758909,0.00012301156947583126,49.529075622558594,0.00017881393432617188
b1_env016,development,lhs,False,False,0,-0.015722963526906473,0.0020884346174432147,2.586962979182047,1.107811721556415,0.9450838377969489,0.009247585387606658,-0.002771020938129566,-0.056048101988709575,0.8561474472022911,1.0048057777285115,True,True,True,True,True,True,48.93216761637795,0.00011859158737752873,54.76188659667969,5.9604644775390625e-05,False,True,True,True,True,True,133.50531971201778,0.0013669017398730704,51.935434341430664,0.003039836883544922
b1_env017,development,lhs,False,False,0,-0.007132006829918073,-0.013661681999576255,-1.7247510375473878,1.1988965141568948,1.0609382523930067,0.014659727907779096,0.0025092483148726648,-2.757158852125177,1.1532335331565133,0.9611550410102061,True,True,True,True,True,True,32.70414248931275,0.0003890492029270615,96.22734785079956,0.0016689300537109375,False,True,True,True,True,True,113.69205084128399,0.015550515725532604,54.669857025146484,0.012159347534179688
b1_env018,development,lhs,False,False,0,0.008023106542802895,-0.019148524201553902,-7.044447917509122,0.8813059803152149,1.0316163464103094,-0.017161859805309192,-0.00969498499210052,1.3037039957484904,1.0342319646815539,1.1880082285320996,True,True,True,True,True,True,67.00139446686855,0.003333970019296857,55.986106395721436,0.0,False,False,True,False,True,True,144.20051400932354,90.00014314688096,59.16827917098999,-11.081993579864502
b1_env019,development,lhs,True,True,0,-0.014339203681511394,0.0035968419086761343,-7.76962328720105,0.8022310846059783,1.1739409542276626,-0.01323086894888869,0.016936869811457454,-6.134354929390714,1.1463271176937522,0.9228530121846468,True,True,True,True,True,True,29.921695160286568,0.003236241253969147,91.98808670043945,0.0032782554626464844,True,True,True,True,True,True,58.601734358792314,3.294529693493058,65.63633680343628,8.60530138015747
b1_env020,development,lhs,False,False,0,0.01758711316580135,-0.016768644684967242,3.240927804364606,0.8555304745844137,0.7847195459174536,-0.005756772903997278,-0.01771496729407712,4.865615748993353,1.0511775243029091,0.6286863362150655,False,True,False,True,True,True,94.38026102690192,0.04592241817759038,49.80313777923584,0.010192394256591797,True,True,False,True,True,True,62.62629532099885,3.110550106114328,47.842442989349365,8.051931858062744
b1_env021,development,lhs,False,False,0,-0.004211966125257833,0.007940404099761822,-4.988199990908235,1.094541288700333,1.1345454122925323,0.007253469629134434,-0.00842209697711506,-1.842724374583991,1.1635810205745087,0.8626514224654067,True,False,False,False,True,True,25.44815392851915,89.9995074198105,10.000944137573242,-20.0003981590271,False,True,True,True,True,True,101.97017283336963,0.007241442735310565,51.05489492416382,0.003039836883544922
b1_env022,development,lhs,False,False,0,-0.011487771370823872,-0.006258274140630878,3.023197545599837,1.000545000562986,0.8836594001168016,-0.01844827127174978,-0.0018040369427986293,-5.142129415509354,0.9273334348421831,1.2493239426666305,True,True,True,True,True,True,33.52057299788642,0.0008595796292968405,103.38020324707031,0.0008940696716308594,False,False,True,False,True,True,144.19101327595794,89.99916349038452,56.7205548286438,-11.0817551612854
b1_env023,development,lhs,True,True,0,-0.016134262141859815,0.0025079085242484464,5.563576854038006,0.9026611544966469,1.1909811760349327,0.0007151563972382299,0.014368032006269248,-7.010485742578679,0.9793243099150064,1.0557608270358387,True,True,True,True,True,True,13.192980515216432,5.303714458029778e-05,103.31445932388306,0.0,True,True,True,True,True,True,15.412415993773148,2.500523937263154,82.60494470596313,6.537675857543945
b1_env024,development,lhs,False,False,0,0.006144137241014178,-0.004436236519511624,-7.643088717072205,1.1519700326130826,0.9162532558729332,-0.015581545114877839,3.416071376063229e-05,-3.9144708073188665,0.9017785265007271,0.7566543432163884,True,True,True,True,True,True,62.07456533777188,0.0028146901085210514,65.78385829925537,0.002384185791015625,False,True,False,True,True,True,82.08674719143933,3.5303785573979605,48.632025718688965,8.723974227905273
b1_env025,development,lhs,False,False,0,-0.012173940799590636,-0.014096804280724663,-0.051297709402270186,0.8227901288342296,0.6290150555101441,0.017140805184805635,-0.0005056295160163135,3.118147242520287,1.190373761900791,1.1147883922860193,True,True,True,True,True,True,41.29286139692292,0.2827629398919701,99.82651472091675,0.04225969314575195,False,True,True,True,True,True,99.23190176443107,0.0030886252596653415,54.36915159225464,0.0018477439880371094
b1_env026,development,lhs,True,True,0,-0.0015174948338707618,-0.015125475093502382,7.021545885156273,1.1619196388944462,1.0205487189182771,-0.018234857649443187,-0.004402926065002704,6.809473876580309,1.0615851286108362,1.0694410013845603,True,True,True,True,True,True,16.497442827628635,7.810045803857552e-05,91.17722511291504,0.0,True,True,True,True,True,True,63.82150483415314,2.9461579607693413,62.92468309402466,7.399260997772217
b1_env027,development,lhs,False,False,0,-0.014006160240539554,-0.002515770969251638,-3.1776122667470093,1.1306072237574067,1.2470105706766343,-0.0005924480929301798,0.01257670741201378,4.135737891445768,1.1958361618368898,1.351258710122689,True,True,True,True,True,True,29.076206587299854,0.0001996844965791388,93.92762184143066,0.00011920928955078125,False,False,True,False,True,True,128.52803780900618,90.00005348956299,73.27443361282349,-11.081993579864502
b1_env028,development,lhs,False,False,0,0.009001320676611978,0.017665290620255732,-3.747239016755146,1.0351769256763568,0.8414689380295872,-0.007938220019627226,0.004535878707522541,-3.049192039065365,0.8486935887348125,0.8937466425033859,True,True,True,True,True,True,16.26523708760836,4.748240468775241e-05,97.53227233886719,0.0,False,True,True,True,True,True,84.23891750501468,3.4612725664341584,50.98724365234375,8.00168514251709
b1_env029,development,lhs,False,False,0,-0.017482320873531302,-0.00948021928547211,1.2331804039388317,0.9848020813706477,1.126193862675192,0.010415942887668998,0.019089988663139715,-7.623353444925708,0.8645991333168577,1.3850908636231545,True,True,True,True,True,True,37.49988749684517,0.005888663264271416,102.7613878250122,-0.0007152557373046875,False,False,True,False,True,True,125.75424529462114,91.09533492569761,64.12583589553833,-15.453994274139404
b1_env030,development,lhs,False,False,0,0.009805437998079071,-0.012236489318734693,4.554157287704085,1.021728705769898,1.2870937705261354,-0.012216183934220252,0.009468251415430583,-4.820830734906191,1.1299400081794007,0.8185130788773965,True,True,True,True,True,True,21.98804805369253,0.043127384052493514,98.51396083831787,-0.01138448715209961,True,True,False,True,True,True,54.69674240027075,3.121959827851603,49.374938011169434,8.182823657989502
b1_env031,development,lhs,False,False,0,0.017414748567621954,0.016046912093514634,-4.279548397990876,1.1003802101083235,1.0522135981430487,0.002272636303405684,0.019794867799574862,-7.84320909555582,1.0640666645608794,1.381418050182443,True,True,True,True,True,True,9.136419755371142,7.942848541196064e-05,100.5827784538269,0.0,False,True,False,True,True,True,88.70967687650119,7.98495197432594e-05,20.890533924102783,0.0
b1_env032,development,lhs,False,False,0,-0.010607055186379428,0.008976856011282505,-2.1751450393583136,1.0796893504915472,1.1958230474460525,-0.010417114303258647,0.0034235986506216745,7.268465910804485,0.8028379133236329,0.926359401717202,False,True,True,True,True,True,88.38832818800145,0.00014697806930020484,55.56255578994751,0.0007152557373046875,True,True,True,True,True,True,72.10122435303053,3.134705647697414,60.83321571350098,7.445633411407471
b1_env033,development,lhs,False,False,0,0.014505486733125132,-0.001685331007626252,4.2338403819011,1.1338057116736646,1.2309748836700558,-0.014387403240471337,-0.007403492939016159,-6.63799041288127,1.1187469608876424,0.6812035293128522,True,True,True,True,True,True,54.892361274330696,8.398720248663353e-05,55.038392543792725,0.0,True,True,False,True,True,True,78.63476200220354,3.4307183384856303,45.49378156661987,8.578121662139893
b1_env034,development,lhs,False,False,0,7.218007876219623e-05,0.010376629834235925,7.8966203826887735,0.9386359943392445,1.226542378206084,-0.019205886455097524,-0.00651795971988448,-2.453285677902648,1.1814987892912583,1.105683323691466,False,False,False,False,True,True,173.5916398509166,89.99992449280734,43.71136426925659,-20.000457763671875,False,True,True,True,True,True,91.7542967397259,3.8230425969499198,54.52847480773926,8.389770984649658
b1_env035,development,lhs,False,False,0,-0.012739942756235113,0.01224391767898642,0.8093243437580302,1.1903209795852354,0.7150828893596853,-0.0052375176252639835,-0.016116704071864097,-5.579085669000451,0.9434368580465305,0.6137175088829168,True,True,True,True,True,True,43.534477986181,9.063682903716337e-05,84.40184593200684,0.0,True,True,False,True,True,True,75.22118285217746,3.29924322600855,47.947585582733154,8.295714855194092
b1_env036,development,lhs,False,False,0,0.008437209094820708,0.011464742730624648,1.8861575907557224,0.9569432981400491,0.7959156333439812,-0.016528213298626502,0.007077735877255402,0.32294580941414175,1.0937207074375828,1.266290503966745,True,True,True,True,True,True,26.437987214525705,0.0023689906461005403,50.04054307937622,0.0036954879760742188,False,False,True,False,True,True,159.97695418564487,89.9961840805285,58.897435665130615,-11.078834533691406
b1_env037,development,lhs,True,True,0,-0.017149244246572066,0.004682495856078998,-6.7921324268887755,0.9503726359083773,0.817208043946026,-0.010752036646170365,-0.011525312571128756,6.220812928786213,1.1091744190474082,0.8426506555241627,True,True,True,True,True,True,17.72256944335227,6.056980986149092e-05,93.35118532180786,0.0,True,True,True,True,True,True,67.80580791770495,2.9201210320763966,62.45797872543335,7.177233695983887
b1_env038,development,lhs,False,False,2,0.018432287301120776,-0.019892958725409665,3.6996195597634927,0.8951422167931066,1.0071179956301373,-0.008678980529859048,-0.005957653265125705,-0.4449369462938453,0.8820510760365138,0.8281894377260242,True,False,True,False,False,True,26.455711338550895,90.01284635417647,89.31207656860352,-19.992470741271973,True,True,False,True,False,True,72.79531773953207,3.3148943439795033,48.10279607772827,8.012533187866211
b1_env039,development,lhs,False,False,0,-0.00747654944546013,-0.005158223928394323,0.3312383309342639,0.813030510864361,0.9353331030528202,-0.003721090590080179,0.005567381504745783,-3.493483833384185,1.0199688112711633,1.02773390133539,True,False,True,False,True,True,24.01238036459973,89.99772932409006,103.51371765136719,-19.997477531433105,False,False,True,False,True,True,138.37737861432035,90.00008252979201,64.45759534835815,-11.081993579864502
b1_env040,development,lhs,False,False,0,-0.019699932036299543,-0.01067868687308013,-3.374229727364626,1.1675660863858515,1.2650214931542498,0.008299652286564173,0.0010428042059558648,-4.474449730515493,0.91877722649657,0.7770174105992839,True,True,True,True,True,True,35.63679638985635,0.00010946630097102635,102.6960015296936,0.00011920928955078125,False,False,False,False,True,True,106.9368556979655,90.00015457162229,22.80205488204956,-19.999980926513672
b1_env041,development,lhs,True,True,0,0.012844499472475398,-0.018237626197037442,-3.9958531645318827,1.0676949358011283,1.2983220725781677,0.0014247165473052527,-0.01895980485113735,-0.6430663293249115,1.1741878000782613,1.1417436948747863,True,True,True,True,True,True,25.58967833890606,0.003501788596348899,103.55234146118164,0.0014901161193847656,True,True,True,True,True,True,23.728075839559445,2.6604144371823066,88.847815990448,6.935477256774902
b1_env042,development,lhs,False,False,0,0.0018834005057544075,0.015281513674816265,0.9836661560398117,0.8751154300538396,0.6836281404265859,0.003300951472983208,0.015538625375565957,7.907960872207841,0.9320160753989104,0.8823518532162536,False,False,False,False,True,True,158.97795483419662,90.03978929761203,36.77481412887573,-19.971787929534912,True,True,True,True,True,True,59.927891949996315,2.4282170393441063,71.98125123977661,6.039440631866455
b1_env043,development,lhs,False,False,4,0.003538023734258801,-0.008095603334167428,-6.212132145510405,1.0504546349905408,0.611347471391229,-0.003975597605206285,-0.003666697939172011,6.596405486662052,0.9711586564034702,0.9464488464830798,False,True,False,True,False,True,164.32180006488687,7.355347915978668e-05,32.9553484916687,0.0,False,False,True,False,False,True,99.60011490086531,90.10196180070027,101.74292325973511,-13.760626316070557
b1_env044,development,lhs,False,False,0,-0.00959390350669542,0.013835902521548763,6.27497681552545,1.1437734402297501,0.745858016136288,0.018349280689874774,0.010507284999936715,-6.743135646698982,0.9492615442911678,0.6538946953800789,False,True,False,True,True,True,182.94686228150346,0.012209471507462289,2.5925040245056152,0.01990795135498047,False,True,True,True,True,True,121.09629686444156,5.779234109856503e-05,52.75636911392212,0.0
b1_env045,development,lhs,False,False,0,0.006422192510707348,0.0002482321513688872,1.6492301586864304,1.0559770609198837,0.6441037728093738,-0.009137122483451736,0.008680713091676714,4.979778128141264,0.9062155780816581,1.3194503327320797,False,False,True,False,True,True,140.26062985760151,89.9993652975124,52.44040489196777,-20.00051736831665,False,False,True,False,True,True,132.9076781536982,90.00012127935963,68.32379102706909,-11.081993579864502
b1_env046,development,lhs,False,False,0,0.005133638654228494,0.014809505417975797,-1.2210280376064215,0.9297661405297364,0.6867678920413509,0.00603852500326945,-0.014856601671126051,1.6041568557114019,0.9908523710261871,1.0923782282925583,True,True,True,True,True,True,39.827096313877966,0.07416074105498609,101.30715370178223,0.07259845733642578,False,True,True,True,True,True,103.88834994507452,0.003581780502879387,53.760528564453125,-0.0012516975402832031
b1_env047,development,lhs,False,False,0,0.00261582202302248,-0.01307762688191693,7.6172262677452345,0.9627003423760654,1.3632368521626521,0.004334675375776021,-0.012673668024703587,3.7875279323573317,0.8225893978831316,1.2049214056522273,False,False,True,False,True,True,126.1966833795537,14.21053284494766,219.9440598487854,202.4332880973816,False,True,True,True,True,True,106.78287448547627,0.0003529659687177306,52.98459529876709,0.00011920928955078125
b1_env048,development,corner,False,False,1,-0.02,-0.02,-8.0,1.2,1.4,-0.02,0.02,8.0,0.8,1.4,False,False,False,False,False,True,88.70387296673174,89.99991200820321,4.796624183654785,-19.998669624328613,False,False,True,False,False,True,127.45358687118328,90.00013552449074,72.85904884338379,-11.081993579864502
b1_env049,development,corner,False,False,0,0.02,0.02,8.0,0.8,0.6,0.02,-0.02,-8.0,1.2,0.6,False,True,False,True,True,True,133.4646530475539,0.0036845848816011552,11.552751064300537,0.0013113021850585938,False,True,True,True,True,True,110.84122112239959,0.0005218806208231605,51.271915435791016,0.00035762786865234375
b1_env050,development,corner,False,False,0,-0.02,-0.02,-8.0,1.2,1.4,-0.02,0.02,-8.0,0.8,0.6,True,False,False,False,True,True,73.25589593749984,90.0000969110866,5.7915449142456055,-19.999980926513672,False,True,False,True,True,True,89.45318524460374,0.10994408278604292,28.78791093826294,0.03808736801147461
b1_env051,development,corner,False,False,0,0.02,0.02,8.0,0.8,0.6,0.02,-0.02,8.0,1.2,1.4,False,True,False,True,True,True,186.9204509560311,0.001474223343515114,19.116103649139404,0.006854534149169922,False,False,True,False,True,True,175.3939601216916,90.00085545248317,51.58203840255737,-20.000457763671875
b1_env052,development,corner,False,False,0,-0.02,0.02,-8.0,1.2,1.4,-0.02,0.02,-8.0,0.8,1.4,True,True,True,True,True,True,41.40432214094826,0.0015296679082276608,97.56934642791748,0.0008940696716308594,False,False,True,False,True,True,86.89045558206169,88.7971744538522,80.34151792526245,-11.943399906158447
b1_env053,development,corner,False,False,0,0.02,-0.02,8.0,0.8,0.6,0.02,-0.02,8.0,1.2,0.6,False,False,False,False,True,True,138.97435233886367,89.995778330552,31.671106815338135,-19.995272159576416,False,True,True,True,True,True,119.44929223523509,9.826930959522092e-05,53.16394567489624,0.0
b1_env054,development,corner,False,False,0,0.02,0.02,8.0,0.8,1.4,0.02,-0.02,8.0,0.8,1.4,False,False,False,False,True,True,80.26306132518292,90.00014624053085,36.47911548614502,-19.999980926513672,False,False,True,False,True,True,154.8827283903916,89.99493605361015,53.192198276519775,-19.993364810943604
b1_env055,development,corner,False,False,1,-0.02,-0.02,-8.0,1.2,0.6,-0.02,0.02,-8.0,1.2,0.6,True,False,False,False,False,True,55.01283980605242,89.96509059329519,4.726767539978027,-19.973933696746826,False,True,False,True,False,True,90.6495493093995,0.0009337813350992721,24.73318576812744,-0.00011920928955078125
b1_env056,development,corner,False,False,1,-0.02,-0.02,-8.0,1.2,0.6,0.02,-0.02,8.0,0.8,1.4,False,True,False,True,False,True,142.01274406036583,0.00012867646330101866,4.756331443786621,5.9604644775390625e-05,False,False,True,False,False,True,157.747857969242,89.99876948599565,52.98680067062378,-19.999206066131592
b1_env057,development,corner,False,False,0,0.02,0.02,8.0,0.8,1.4,-0.02,0.02,-8.0,1.2,0.6,False,False,False,False,True,True,90.10743926774768,90.00009159761979,15.504121780395508,-19.999921321868896,False,True,False,True,True,True,91.17447405517206,0.006832806235961402,23.603081703186035,0.0024437904357910156
b1_env058,development,corner,False,False,0,0.02,-0.02,8.0,1.2,1.4,-0.02,0.02,8.0,1.2,1.4,True,True,True,True,True,True,41.871438627844604,8.50694508665027e-05,83.84895324707031,0.00017881393432617188,False,False,True,False,True,True,117.7306322899469,90.00004019182757,77.5139331817627,-11.081993579864502
b1_env059,development,corner,False,False,0,-0.02,0.02,-8.0,0.8,0.6,0.02,-0.02,-8.0,0.8,0.6,True,True,True,True,True,True,51.675974976135166,0.029409963942401293,64.21345472335815,0.010788440704345703,False,True,True,True,True,True,116.20095480473958,0.0007749245823516048,52.624523639678955,0.00035762786865234375
b1_env060,development,corner,True,True,0,-0.02,0.02,-8.0,0.8,1.4,-0.02,0.02,8.0,1.2,1.4,True,True,True,True,True,True,43.32507620850592,0.0003351580854957493,94.2760705947876,0.0007748603820800781,True,True,True,True,True,True,32.9526067424272,2.4357961755242323,88.51009607315063,6.3405632972717285
b1_env061,development,corner,False,False,0,0.02,-0.02,8.0,1.2,0.6,0.02,-0.02,-8.0,0.8,0.6,True,False,True,False,True,True,66.69269308475423,90.0001747284183,75.71053504943848,-19.999980926513672,False,True,True,True,True,True,115.02708246746748,0.0005447678021265566,52.45339870452881,-0.0002384185791015625
b1_env062,development,corner,False,False,0,-0.02,-0.02,-8.0,0.8,1.4,-0.02,-0.02,8.0,0.8,0.6,False,True,False,True,True,True,87.71155136063108,0.008838231969938697,46.4206337928772,0.0028014183044433594,True,True,False,True,True,True,79.83316427148276,3.3397341507498566,47.32048511505127,8.262038230895996
b1_env063,development,corner,False,False,0,0.02,0.02,8.0,1.2,0.6,0.02,0.02,-8.0,1.2,1.4,False,True,False,True,True,True,184.7300214177496,0.001600961274114844,8.503556251525879,0.004291534423828125,False,False,True,False,True,True,172.01815732507916,90.00033018880585,59.601008892059326,-19.999682903289795
b2_env000,heldout,nominal,False,False,0,0.0,0.0,0.0,1.0,1.0,0.0,0.0,0.0,1.0,1.0,True,True,True,True,True,True,10.722516463507773,0.0006426358262067312,98.7665057182312,-0.00011920928955078125,False,True,True,True,True,True,97.84018056943103,2.6755354754765075,93.52725744247437,7.02059268951416
b2_env001,heldout,lhs,False,False,0,-0.001523464935144568,-0.004050190130072306,7.880235878685072,1.0203441719728652,1.1264698325623135,-0.0159238701484072,-0.0029075205196618936,4.200598066212828,0.8273040441360701,1.3286548074246456,True,False,False,False,True,True,49.291699979719226,90.00137337195099,28.064489364624023,-20.00051736831665,False,False,True,False,True,True,138.15374508657447,90.00010806399327,67.1491026878357,-11.081993579864502
b2_env002,heldout,lhs,False,False,0,0.0166803217083874,-0.011356815129933914,4.030747490055862,1.098034311302689,0.9105140850999791,-0.012692534826431345,0.01228164945779298,5.584343055721332,1.1408958692294386,1.0905076705946453,False,True,False,True,True,True,120.7763628651029,0.0067676916376296975,49.336254596710205,-0.0057220458984375,True,True,True,True,True,True,54.35843775694221,3.0334757242389006,53.597092628479004,7.568478584289551
b2_env003,heldout,lhs,False,False,0,-0.00928380262985461,0.013224619124931055,-2.9772690397910493,1.081668282339863,0.8543402058894259,0.00012963016136035774,-0.008718527385672034,3.6913480831493715,0.9106496228562873,0.7517195136496106,True,True,True,True,True,True,33.99425314580129,0.0004845547180868646,101.4663577079773,5.9604644775390625e-05,True,False,True,False,True,True,8.978500023467635,90.04274195644605,92.18168258666992,-13.83441686630249
b2_env004,heldout,lhs,False,False,0,0.013114095983830443,-0.001040505236222837,0.922783592288301,0.927283432609186,0.8793652808335349,-0.005137390522790107,0.009659419398403975,-5.759517760425044,1.0811653027531467,1.1380343454027373,True,True,True,True,True,True,29.794512196429345,0.0033181064528554505,101.18472576141357,0.0030994415283203125,False,False,True,False,True,True,122.73442141312607,87.86390509339446,77.4540901184082,-11.398077011108398
b2_env005,heldout,lhs,False,False,9,0.009866582511845377,0.019408814929817098,5.748103393947215,0.9541892163582804,0.6298893741255996,-0.0153692660146109,0.005659946467412212,-5.029423706315398,0.8188162942970982,0.8532684627123567,False,False,False,False,False,True,124.42754252899594,89.99975221979994,7.388591766357422,-20.000100135803223,False,True,False,True,False,True,106.04314402587117,0.00010634538187721999,46.80401086807251,8.918046951293945
b2_env006,heldout,lhs,False,False,0,-0.0012181664485978114,0.0024349981198708154,5.548873666900402,0.8326205548205631,1.302255322868045,-0.01368234594372302,0.015955902252911987,-2.0323283088782507,0.9972744431211482,1.2906713518645696,True,True,True,True,True,True,48.72553385717463,0.0039526750872067775,99.76637363433838,0.004172325134277344,False,False,True,False,True,True,131.89656635246777,90.00010473090505,66.7462944984436,-11.081993579864502
b2_env007,heldout,lhs,False,False,0,0.017717564134538063,-0.006028804575522165,-2.739946052231166,1.0337957615328242,0.9607877684580827,0.013256682464260653,0.008852697079013483,-0.014123595735367367,1.1165078918834475,1.1604846336144297,True,True,False,True,True,True,32.78633739126238,0.004586252620341557,5.7350993156433105,0.0038743019104003906,False,True,True,True,True,True,101.14731055614986,0.0004008137657155224,53.74795198440552,0.0017881393432617188
b2_env008,heldout,lhs,False,False,2,0.018807719779157527,0.015485484007984652,-7.893947122803145,1.0948668565044808,1.1643900577489972,0.001288207495124663,-0.01269110452541845,6.606288337264909,1.108839817947391,1.2305690465623838,True,True,True,True,False,True,12.302381659444222,7.917110739564113e-05,119.80408430099487,0.0,False,False,True,False,False,True,134.12162999670338,90.0000590559677,72.31086492538452,-11.081993579864502
b2_env009,heldout,lhs,False,False,0,-0.01255083161260537,-0.012007149165906896,0.46726738310678506,1.1889724017777814,0.7186846452143337,-0.008590236676967969,-0.01207305680446188,-1.806772506788958,1.1062820015503267,0.9497778692004308,True,True,True,True,True,True,32.31442916713021,0.0018752393284736258,101.76795721054077,0.0005364418029785156,False,True,True,True,True,True,82.80646429336245,3.3250185992963006,54.255664348602295,7.832646369934082
b2_env010,heldout,lhs,False,False,0,-0.017834434231131572,-0.010270842778321106,-4.444763437352643,0.9747466039772799,0.7021079217158921,0.006518243317963149,-0.005168050096512037,0.6248011722929903,0.8996267004421961,1.3651827983152787,True,True,True,True,True,True,35.199661702839094,0.001718395246677971,99.45946931838989,0.0007152557373046875,False,False,True,False,True,True,143.25172915325757,90.00004766879057,51.49853229522705,-20.000100135803223
b2_env011,heldout,lhs,False,False,0,0.012226603190945349,-0.006511194736886853,-1.80078456880086,1.128493227126526,1.196119179449813,-0.002396204570059266,-0.01712082929047925,-2.4209794725293774,1.0715305711670324,0.8188540673537277,True,True,True,True,True,True,16.01543320503549,7.094545634872349e-05,93.44542026519775,0.0,False,True,False,True,True,True,80.99080485949376,3.1322951406975847,47.528088092803955,7.644414901733398
b2_env012,heldout,lhs,False,False,0,-0.0022862539161415153,-0.008701245700455159,-1.9539721005123738,0.8610955775294754,0.7821653909953983,0.009327684778282629,-0.0034527336950729293,1.6172798476839123,1.1907372276781074,1.2076603298577577,True,True,True,True,True,True,34.01570472498889,0.0012000018668487267,86.34436130523682,0.0007152557373046875,False,False,True,False,True,True,151.56223001702804,90.00025332553572,52.7341365814209,-19.99986171722412
b2_env013,heldout,lhs,False,False,0,0.014550328020418914,0.004802866510678246,2.2015825010565813,1.0287682029135952,1.0805297952041872,0.016933531187552923,0.010804167525518178,-7.032400900249053,0.8401154530188728,0.759905990560363,True,False,True,False,True,True,40.25606880456089,89.9993737688285,50.57978630065918,-19.99986171722412,False,True,True,True,True,True,105.37065329927255,0.00010608803202380648,52.834391593933105,5.9604644775390625e-05
b2_env014,heldout,lhs,True,True,0,-0.007670186729219604,0.001651773622012978,0.5322466754285404,0.8731024876789244,0.9573157813449402,0.005220066115755904,-0.0021247542751041126,2.0344077794422315,0.9904782038314023,0.7899865673184832,True,True,True,True,True,True,32.026685240290085,0.00022216660213757064,98.91104698181152,0.0002384185791015625,True,True,True,True,True,True,65.84132401349716,2.5331221393383245,55.34958839416504,6.331682205200195
b2_env015,heldout,lhs,True,True,0,-0.013196837610233884,-0.014231762272668855,5.049252170261072,0.8240330107728834,1.3924383686995634,-0.012061716308140518,-0.006476030845456296,0.47236608684617565,0.9853160022364382,1.3774626273364727,True,True,True,True,True,True,60.18225005027802,0.0032449059935280612,53.612351417541504,0.0012516975402832031,True,True,True,True,True,True,73.65053429960604,3.2519463252365575,66.51091575622559,7.375836372375488
b2_env016,heldout,lhs,False,False,0,-0.01563311239818491,0.01819872370385599,-0.6042165609139021,0.8025998877654784,0.7436820986052738,0.0027526470209221394,0.019380547667535438,3.3472318030650747,1.023535877839148,0.7211212879699793,True,True,True,True,True,True,50.6312694703652,0.005643792148401202,93.7623381614685,0.031888484954833984,False,True,False,True,True,True,104.18246752931323,0.004633226318046058,40.06677865982056,0.0014901161193847656
b2_env017,heldout,lhs,False,False,4,0.01609831577088924,0.005828941920429046,4.295579399729425,1.0697122808369173,0.6686659722370034,-0.00973392011684256,-0.015589606772695802,6.764215602732996,0.9683506428972296,0.7061208784799795,False,False,True,False,False,True,152.3375889196793,89.99812501876967,52.44910717010498,-19.99843120574951,True,True,False,True,False,True,61.581286990988474,3.04215295731898,47.78444766998291,7.851541042327881
b2_env018,heldout,lhs,False,False,3,-0.00036578339084999273,0.006663010160443478,-7.494579702130725,0.9484434198886186,1.0978379290408595,-0.005705194739025053,0.006431841759899255,2.8387776384788435,0.9731132273631513,0.8591442169268917,False,False,True,False,False,True,133.72662972717256,32.74756144385811,234.4476580619812,234.4418168067932,True,True,True,True,False,True,71.79361629543111,3.095456461923628,60.546875,7.12352991104126
b2_env019,heldout,lhs,False,False,0,-0.01919088137091716,-0.007898178593398844,6.634490337596034,0.9691239380821919,0.6480250877713531,0.004395773556417227,-0.009588723279505818,-2.739999110501487,0.919750461546982,1.0464333481726626,True,False,True,False,True,True,35.14286988715299,90.00015575012984,50.823211669921875,-19.999980926513672,True,True,True,True,True,True,67.76413637889966,2.3417762961216906,95.58826684951782,6.132662296295166
b2_env020,heldout,lhs,False,False,0,-0.008227246435533122,0.003806202658009253,-2.322783351620574,0.9041396768006326,1.2538359829735422,-0.017394276087171277,-0.010752338904068322,-1.5185824989440224,1.0337767858286055,1.010784041787068,True,True,True,True,True,True,34.65232606270034,0.00011616342701296847,97.29766845703125,0.000476837158203125,False,True,False,True,True,True,94.53253975643473,3.734101789857978,47.96069860458374,8.598148822784424
b2_env021,heldout,lhs,False,False,0,-0.004831232102180869,0.012325804974963387,7.238564312552024,0.9302537080595148,1.0637236263338288,0.01656562858645926,0.013065060402920225,-3.9786475153904064,0.8860541749256567,1.10561837607988,False,False,True,False,True,True,161.01482196940043,90.00018452544515,50.7470965385437,-19.999980926513672,False,True,True,True,True,True,107.56705349171288,8.305774022339242e-05,54.08453941345215,0.0
b2_env022,heldout,lhs,True,True,0,0.011247848839883695,0.014889831368755827,2.4591646702854355,0.8577010371293619,1.366758122805302,0.0008758861932621625,0.004448718451971683,1.299581555141737,1.0133374640293036,0.6253063044319614,True,True,True,True,True,True,25.124884110589623,0.00346223762422323,97.09429740905762,0.011444091796875,True,True,True,True,True,True,42.323668573892164,2.6997739551405417,90.7667875289917,7.080197334289551
b2_env023,heldout,lhs,False,False,0,0.009277642264598155,-0.012432533378975003,3.5337299861010614,0.8391806290205774,0.8309304253994101,0.006094295493035404,0.002730678803652197,3.1878402105801005,0.8475158194574939,1.0406871162777573,False,True,True,True,True,True,81.21256660381059,0.023570457897342655,58.8458776473999,0.009119510650634766,False,True,True,True,True,True,106.76550218583509,0.0001982152788358099,53.073883056640625,-0.0013113021850585938
b2_env024,heldout,lhs,True,True,0,0.0006248900827926507,0.009594055170795045,-0.39927043299654663,1.1448722456800944,1.2141745364958534,-0.0019289745447149328,0.00038898891059730226,-1.1381688617931536,0.9609373790793061,0.7757044392451473,True,True,True,True,True,True,29.28060919526914,0.0004935860317026791,97.5341796875,0.0002980232238769531,True,True,True,True,True,True,57.073774800265504,2.3524258395288107,91.96096658706665,6.148695945739746
b2_env025,heldout,lhs,False,False,0,-0.0170871106818285,0.010764605961346572,7.374154626260809,1.0503650908414142,1.0022961930927359,-0.014222753407587496,-0.010469536823919077,-2.9753465227164035,1.0467524030263369,0.696850189088969,True,False,False,False,True,True,36.48262084326176,90.00013043966491,33.546626567840576,-19.999980926513672,True,True,False,True,True,True,79.48315470012467,3.457926684660708,45.83233594894409,8.614182472229004
b2_env026,heldout,lhs,False,False,0,-0.004619406773195212,-0.013548095269092274,6.0798898448413325,0.8988453701853704,0.9362921021278042,-0.007922673656384657,0.004842975593909182,1.1394708682818457,1.1568567891391448,0.6429677518435355,True,True,True,True,True,True,53.84252994450602,0.0017802961690321132,52.79272794723511,0.0024437904357910156,True,True,False,True,True,True,79.76694145323648,3.3095628799290897,48.35522174835205,8.318424224853516
b2_env027,heldout,lhs,False,False,0,-0.010360905714046905,-0.002387434059147951,4.689890487844645,0.9180536521492445,1.2967076094122572,0.01408683665574743,-0.019384730289847447,7.84145401936426,1.1935814922848187,1.3463834399852794,True,True,True,True,True,True,32.745785579724156,0.0001430523158548784,94.24126148223877,0.0007748603820800781,False,False,True,False,True,True,160.02454278928062,89.99972216278542,52.60586738586426,-20.0003981590271
b2_env028,heldout,lhs,False,False,0,0.0035335242694732177,0.007560566527183687,2.658432119908081,1.135662854180469,0.7995057383757151,0.017964327936168072,0.013823674097097765,-5.594067832900164,0.9380328463466199,0.6070967031817132,False,True,False,True,True,True,108.77684080958704,0.00028382677279456693,48.92301559448242,-5.9604644775390625e-05,False,True,True,True,True,True,120.74128294361427,0.0001985588239516377,50.18693208694458,-0.00011920928955078125
b2_env029,heldout,lhs,False,False,0,-0.005920112654025429,-0.015953091957147503,-5.856026228802291,1.1571882654654548,1.1384801726865739,0.00818942785265972,-0.007384972191798091,-4.843723341443782,0.8834783544279912,0.8931675400125102,True,False,True,False,True,True,70.0759148751573,90.00006766355447,90.00134468078613,-19.999980926513672,True,False,True,False,True,True,19.98726301340739,89.93038968987469,94.25020217895508,-13.806581497192383
b2_env030,heldout,lhs,False,False,4,-0.01455098660291176,-0.01532822591054736,-5.308902664370389,1.120706899397177,0.8555114400786619,-0.007155995695811221,0.003457424723752961,5.659513110541875,0.8756021828834826,0.9145063954153203,False,False,False,False,False,True,250.0959958201704,89.99930182571646,7.805824279785156,-20.0003981590271,True,True,True,True,False,True,68.18439183613766,2.971758523660908,60.193002223968506,7.235169410705566
b2_env031,heldout,lhs,False,False,0,0.013566071427922332,0.0011985765095360035,-6.175717279339988,0.810409930007837,1.3649290139317032,0.018988199376059788,-0.016134307206926914,-7.510927425321147,0.9360090296951258,1.3986797066093475,True,True,True,True,True,True,23.43805703171022,0.006822443349484776,104.01368141174316,0.004649162292480469,False,False,False,False,True,True,169.72620502319526,90.00083162591712,39.82985019683838,-19.999206066131592
b2_env032,heldout,lhs,False,False,0,-0.018357332186868417,0.012668732049026469,-3.4427509792997526,0.8807083472647538,1.3353244487933051,-0.018045513265747777,0.018854788316821924,-7.978997848729738,1.0124588159988817,1.3004540379279472,True,True,True,True,True,True,29.560288134713357,0.033592813736117166,92.68462657928467,0.0209808349609375,False,False,True,False,True,True,142.21624413092607,89.99947398156492,62.11495399475098,-11.081278324127197
b2_env033,heldout,lhs,False,False,0,0.007133764347591932,0.010016871435172284,-4.10626734226264,0.9958643703297769,1.0587322472347016,-0.010125223710352889,0.016796015040297634,5.983463441898641,0.945269452710717,0.6602552172993265,True,True,True,True,True,True,16.315606314264464,6.315617064383367e-05,98.66577386856079,0.00011920928955078125,True,True,False,True,True,True,78.01381962404824,3.3746874114130447,42.35738515853882,8.413970470428467
b2_env034,heldout,lhs,True,True,0,0.0043511491165474266,-0.001439796895305264,-5.272227272064911,0.8922920637133571,0.6670117849590087,-0.018737345062544975,-0.013886001107758174,4.286250108271938,1.0554326162082657,0.9870181314072859,True,True,True,True,True,True,29.38714399922103,0.004502070600459241,106.86546564102173,0.003814697265625,True,True,True,True,True,True,53.92710109073892,2.949119389267499,57.70719051361084,7.353723049163818
b2_env035,heldout,lhs,False,False,0,0.005435548960306406,-0.0049948086947706645,-0.9778542491299476,0.9384867528095532,1.230926726274705,-0.0011809427305658135,0.018048916103904845,2.3425216722596396,1.094815267941903,1.191040333991849,True,True,True,True,True,True,30.950357772163677,0.00232860434942508,92.87804365158081,0.0018477439880371094,False,False,True,False,True,True,87.33391856677285,89.02971652817448,67.28428602218628,-13.018012046813965
b2_env036,heldout,lhs,False,False,0,-0.010801629026794877,0.01656489889675405,3.8378135960100526,0.9788510468530172,0.982965483174624,0.007451472489480991,0.01034139284981666,5.209781445662424,0.8537664364525653,0.9258092170705816,False,False,False,False,True,True,152.49219698294772,90.00586597768289,20.786583423614502,-19.967854022979736,False,True,True,True,True,True,117.74486653871628,0.0013553970577611409,58.733999729156494,0.00017881393432617188
b2_env037,heldout,lhs,False,False,0,0.0081449878454995,0.008391264903764385,1.5798208750781608,1.0792471041787874,1.1821272644267857,-0.010965291389957084,-0.005882698227357017,-6.179646115095518,1.0763206430967291,1.219653022081829,True,True,True,True,True,True,35.3458952296373,0.00018582673197195206,94.88856792449951,0.0002980232238769531,False,True,True,True,True,True,83.32580021651407,3.6141865757994323,60.153186321258545,7.979333400726318
b2_env038,heldout,lhs,False,False,0,0.0029299678534458577,-0.01720824543748615,-1.3518698877659334,1.1920437283079015,1.2641442757559815,0.019273015370011134,0.0017198909718470871,4.60129633607427,1.1823492945798022,1.266554487224438,True,True,True,True,True,True,25.356315078886187,0.0006323374092514394,93.96374225616455,0.0002384185791015625,False,False,True,False,True,True,148.5973616982455,89.99784039695915,54.11076545715332,-20.000040531158447
b2_env039,heldout,lhs,False,False,0,-0.016233789125154864,0.004430993826481332,1.3724802973764003,1.1636600097675427,1.0207708114682217,0.01173250604324055,-0.018402295867913355,6.980795772875981,1.160053871134714,0.6759833970555149,True,True,True,True,True,True,32.08721806207824,0.00021221041619947888,99.98136758804321,0.00011920928955078125,False,True,True,True,True,True,115.21836814693101,0.04159828131512788,52.45697498321533,0.014185905456542969
b2_env040,heldout,lhs,False,False,0,0.0015106188645364546,0.017100131302444633,-4.675732603553879,1.1102427162773116,1.158361357641064,0.015395420144281056,0.0074812906310949175,7.347071430154346,0.9067786651404236,0.9935939162100669,True,True,True,True,True,True,71.18550641981271,7.266611904017671e-05,58.002591133117676,0.0,False,True,True,True,True,True,124.72450905362146,0.0033491200512431483,53.08055877685547,0.0012516975402832031
b2_env041,heldout,lhs,False,False,4,0.00746707652095736,-0.018852674175234584,-6.916615901657919,1.039172575666938,0.6035694279937908,-0.0036990571655646336,0.0008373366827094768,-6.565326333136927,0.8648363361639876,0.9686792535345462,False,True,False,True,False,True,171.27121004191756,0.0019566644277915187,23.43153953552246,-0.0025033950805664062,False,True,True,True,False,True,88.11252748523088,3.3958151336731044,54.21823263168335,7.521510124206543
b2_env042,heldout,lhs,False,False,0,0.015266602772810531,-0.01992981864473751,-7.124527214287721,1.0062059707519597,0.7661422068225548,0.012493177861413473,-0.014810361532157205,-4.292656167865447,1.1325298448420218,0.8266942624119138,False,True,True,True,True,True,142.7685497806636,9.14694052742832e-05,50.76420307159424,0.0,False,True,False,True,True,True,104.00674520601855,0.0044655842783557515,49.6554970741272,0.0011324882507324219
b2_env043,heldout,lhs,True,True,0,-0.012014088869992792,-0.003265527362060327,3.1243029688224304,1.0568644417135653,0.7214611086030074,0.0032971242528538475,0.014785543218902377,-3.638824336286171,0.8079784110817367,1.0687725720664365,True,True,True,True,True,True,35.987495133814576,0.0006029032489948564,102.09596157073975,0.0030994415283203125,True,True,True,True,True,True,57.933052043131795,2.19332071644835,61.84661388397217,5.514025688171387
b2_env044,heldout,lhs,False,False,0,0.006331272487874243,-8.314731208722281e-05,-0.13520714640392306,1.1700994618033826,1.321625550423693,-0.019769562804779855,-0.004567637751718668,-3.546346160233397,0.8103440348787783,1.2618658425010558,True,True,True,True,True,True,28.620324098008744,0.002515861901679356,97.88835048675537,0.00095367431640625,False,False,True,False,True,True,161.92448520113882,90.00036867793482,51.96177959442139,-11.081457138061523
b2_env045,heldout,lhs,True,True,0,-0.003034416129460739,0.018303822930392243,-3.781576085376659,1.1752104966070456,0.9057514489503794,-0.0040242246022005775,-0.0009655633434088456,-6.691801818106314,1.170516704092918,1.172640819752219,True,True,True,True,True,True,23.82986999938161,0.009205493769156055,93.52445602416992,0.04780292510986328,True,True,True,True,True,True,70.34366825646076,3.08927107830271,65.24169445037842,7.2487592697143555
b2_env046,heldout,lhs,False,False,0,0.019935004746798334,-0.018055321557150086,-6.323844067853956,0.8436441658106494,1.038250996077985,0.01073165152759092,0.015015183525866418,-0.7849082748423761,1.053514428656318,0.8741434667375731,True,True,True,True,True,True,63.17944180211931,0.00016572887878342306,94.22308206558228,0.0013709068298339844,False,True,True,True,True,True,102.11236403470232,0.002610496240286458,52.20961570739746,0.0029206275939941406
b2_env047,heldout,lhs,False,False,0,-0.006552565704159224,-0.009777251910807432,6.8981008009200995,0.9897184827153249,0.8055503649662692,0.01047519422523729,-0.01755260669710003,-0.18363163846049257,1.1267354375547736,1.1259897230956066,False,True,False,True,True,True,98.17387630259309,0.0003080928294381461,34.12437438964844,0.0002384185791015625,False,False,True,False,True,True,152.81669601044766,89.99739687293739,51.857709884643555,-19.994676113128662
b2_env048,heldout,corner,False,False,3,-0.02,0.02,8.0,1.2,1.4,0.02,0.02,8.0,0.8,1.4,True,True,True,True,False,True,57.82756817195567,0.00010162417179112832,55.857181549072266,5.9604644775390625e-05,False,False,True,False,False,True,98.84721865292997,89.99527516854442,50.847649574279785,-19.997894763946533
b2_env049,heldout,corner,False,False,5,0.02,-0.02,-8.0,0.8,0.6,-0.02,-0.02,-8.0,1.2,0.6,False,False,False,False,False,True,159.47281288838366,90.00011642010561,10.31869649887085,-19.999980926513672,False,True,False,True,False,True,84.37626167955997,3.3350733129157426,47.93268442153931,8.252739906311035
b2_env050,heldout,corner,False,False,4,0.02,-0.02,-8.0,1.2,0.6,0.02,0.02,-8.0,1.2,0.6,False,True,False,True,False,True,163.3512602800263,4.681763367764953e-05,36.969661712646484,0.0,False,True,False,True,False,True,117.66802288784308,5.367921452946748e-05,49.29286241531372,0.0
b2_env051,heldout,corner,False,False,0,-0.02,0.02,8.0,0.8,1.4,-0.02,-0.02,8.0,0.8,1.4,True,False,False,False,True,True,77.39251424397192,89.94995104251488,15.901446342468262,-19.96433734893799,False,True,False,True,True,True,91.75316428775423,0.0004382254707572903,29.915571212768555,-0.00017881393432617188
b2_env052,heldout,corner,False,False,0,-0.02,0.02,-8.0,0.8,0.6,0.02,0.02,-8.0,0.8,1.4,True,False,True,False,True,True,40.778637805599935,90.00032877789555,94.88606452941895,-20.000159740447998,False,False,True,False,True,True,148.75395238153155,89.99995841808446,56.61582946777344,-20.000100135803223
b2_env053,heldout,corner,False,False,0,0.02,-0.02,8.0,1.2,1.4,-0.02,-0.02,8.0,1.2,0.6,True,False,True,False,True,True,75.70643539705272,90.0134303808033,81.90131187438965,-20.00492811203003,False,True,False,True,True,True,80.7242152147107,3.313179673111429,45.85844278335571,8.36491584777832
b2_env054,heldout,corner,False,False,0,0.02,-0.02,-8.0,0.8,0.6,-0.02,-0.02,8.0,0.8,1.4,False,False,True,False,True,True,110.02764825293461,90.00014502166869,91.88342094421387,-19.999980926513672,False,True,False,True,True,True,93.58866687153623,0.0015563642573187863,29.709696769714355,0.00095367431640625
b2_env055,heldout,corner,False,False,0,-0.02,0.02,8.0,1.2,1.4,0.02,0.02,-8.0,1.2,0.6,False,False,True,False,True,True,107.68387388936712,18.210448628301084,244.58354711532593,244.57913637161255,False,True,False,True,True,True,114.35046173903775,0.000349320733542891,49.26055669784546,-5.9604644775390625e-05
b2_env056,heldout,corner,False,False,8,0.02,0.02,-8.0,1.2,0.6,-0.02,-0.02,-8.0,1.2,1.4,False,False,False,False,False,True,87.20747010402033,89.99995652616371,4.7678351402282715,-19.9965238571167,False,False,True,False,False,True,143.41666514635688,90.00013188750673,62.885165214538574,-11.082053184509277
b2_env057,heldout,corner,False,False,19,-0.02,-0.02,8.0,0.8,1.4,0.02,0.02,8.0,0.8,0.6,True,True,False,True,False,True,46.130451508437055,0.0005087058223862813,39.18027877807617,0.00011920928955078125,False,True,False,True,False,True,91.87822121821522,0.015302566140020853,41.01485013961792,0.044286251068115234
b2_env058,heldout,corner,False,False,0,-0.02,-0.02,-8.0,0.8,1.4,0.02,0.02,8.0,1.2,1.4,False,True,False,True,True,True,148.55115468833122,0.004550182784122419,27.925610542297363,0.0014901161193847656,False,True,False,True,True,True,128.90228196589766,0.05092734214711269,48.736631870269775,0.02199411392211914
b2_env059,heldout,corner,False,False,0,0.02,0.02,8.0,1.2,0.6,-0.02,-0.02,-8.0,0.8,0.6,False,True,False,True,True,True,176.76099389988534,0.0002315175337648124,6.728827953338623,0.0,False,True,False,True,True,True,90.18742587455696,3.467372182464379,47.722697257995605,8.431017398834229
b2_env060,heldout,corner,False,False,0,-0.02,0.02,8.0,1.2,0.6,-0.02,0.02,-8.0,0.8,1.4,False,True,False,True,True,True,177.31286122449865,0.002278912345681423,2.847909927368164,0.013887882232666016,False,True,False,True,True,True,93.04371274271223,4.8031881855096286e-05,41.73010587692261,8.918046951293945
b2_env061,heldout,corner,False,False,0,0.02,-0.02,-8.0,0.8,1.4,0.02,-0.02,8.0,1.2,0.6,True,True,True,True,True,True,42.11999108397238,0.007183906556831172,103.35463285446167,-0.0002384185791015625,False,True,True,True,True,True,118.55391336162718,0.0013534224395817553,54.18074131011963,-0.0036954879760742188
b2_env062,heldout,corner,False,False,0,0.02,-0.02,-8.0,0.8,0.6,-0.02,0.02,-8.0,1.2,1.4,False,True,True,True,True,True,115.35846255562053,0.006051758517659386,84.84876155853271,0.00476837158203125,False,False,False,False,True,True,84.17715499140934,89.34985041630296,21.737515926361084,-15.236854553222656
b2_env063,heldout,corner,False,False,0,-0.02,0.02,8.0,1.2,1.4,0.02,-0.02,8.0,0.8,0.6,False,False,False,False,True,True,156.30487216216065,89.99996028239417,6.642639636993408,-20.000040531158447,False,True,True,True,True,True,115.5515164474388,0.000564137680016272,54.465413093566895,0.0014901161193847656
