input_id,cell,replay_full74_qualified,raw_primary_failure,raw_geometry_failure,raw_force_failure,raw_minimum_raw_gap_m,raw_peak_all_arm_scalar_N,raw_supplementary_max_all74_hard_violation_rad,raw_supplementary_max_all74_velocity_exceedance_rad_s,raw_controlled_path_rad,raw_four_arms_moved,raw_joint_and_primary_pass,multirow_primary_failure,multirow_geometry_failure,multirow_force_failure,multirow_minimum_raw_gap_m,multirow_peak_all_arm_scalar_N,multirow_supplementary_max_all74_hard_violation_rad,multirow_supplementary_max_all74_velocity_exceedance_rad_s,multirow_controlled_path_rad,multirow_four_arms_moved,multirow_joint_and_primary_pass,multirow_hold_fallback_primary_failure,multirow_hold_fallback_geometry_failure,multirow_hold_fallback_force_failure,multirow_hold_fallback_minimum_raw_gap_m,multirow_hold_fallback_peak_all_arm_scalar_N,multirow_hold_fallback_supplementary_max_all74_hard_violation_rad,multirow_hold_fallback_supplementary_max_all74_velocity_exceedance_rad_s,multirow_hold_fallback_controlled_path_rad,multirow_hold_fallback_four_arms_moved,multirow_hold_fallback_joint_and_primary_pass
229,6,True,True,True,True,-0.052683763206005096,41097.74609375,0.5935577154159546,77.94711303710938,425.8367614746094,True,False,True,True,True,-0.052521251142024994,29120.662109375,0.2709839940071106,23.4071102142334,425.5441589355469,True,False,False,False,False,0.0017010867595672607,0.0,0.0,0.0,0.3423689901828766,True,True
270,8,True,True,True,False,-0.0064934492111206055,0.0,0.00010215261863777414,0.01202845573425293,204.0804901123047,True,False,True,True,False,-0.006494082510471344,0.0,0.00010147619468625635,0.01202845573425293,200.04205322265625,True,False,False,False,False,0.0018124282360076904,0.0,0.0,0.0,0.5636941194534302,True,True
339,10,True,True,True,True,-0.05894982069730759,76773.052734375,8.411703311139718e-05,2.217979907989502,432.1116943359375,True,False,True,True,True,-0.0620657354593277,77274.3046875,0.00011878228542627767,0.48249030113220215,431.39276123046875,True,False,False,False,False,0.0009142458438873291,0.0,0.0,0.0,0.41985705494880676,True,True
340,11,True,True,True,True,-0.07586324959993362,48035.01171875,2.0440165996551514,662.7118530273438,406.1700134277344,True,False,True,True,True,-0.07633576542139053,50756.828125,1.3514282703399658,219.0195770263672,404.682861328125,True,False,False,False,False,0.001097649335861206,0.0,0.0,0.0,0.5415596961975098,True,True
345,12,True,True,True,True,-0.028363138437271118,8613.802734375,0.0,3.7556252479553223,190.05059814453125,True,False,True,True,True,-0.028001397848129272,13116.3232421875,0.0,5.165524005889893,185.90586853027344,True,False,False,False,False,0.001808077096939087,0.0,0.0,0.0,0.5153447389602661,True,True
375,13,True,True,True,True,-0.05985596776008606,43981.234561920166,2.1289501190185547,856.2318115234375,479.8527526855469,True,False,True,True,True,-0.060126692056655884,48867.577056884766,2.3547728061676025,1921.391845703125,487.5712585449219,True,False,False,False,False,0.0008768737316131592,0.0,0.0,0.0,0.9179802536964417,True,True
399,14,True,True,True,True,-0.05697751045227051,29670.04296875,0.4401508569717407,125.94659423828125,437.98681640625,True,False,True,True,True,-0.047911643981933594,31455.89453125,0.3401969075202942,22.4754695892334,438.3994445800781,True,False,False,False,False,0.0017539560794830322,0.0,0.0,0.0,1.1628596782684326,True,True
607,3,True,True,True,True,-0.06847813725471497,57144.50387573242,2.378260612487793,1704.239501953125,418.93072509765625,True,False,True,True,True,-0.06568694114685059,66319.30139160156,2.7328104972839355,389.5287170410156,422.57379150390625,True,False,False,False,False,0.0006766915321350098,0.0,0.0,0.0,0.11123453080654144,False,True
720,5,True,True,True,True,-0.05742490291595459,42335.23828125,4.699466228485107,230.29574584960938,500.94500732421875,True,False,True,True,True,-0.06238816678524017,31162.97265625,0.6378287076950073,410.376220703125,501.93780517578125,True,False,False,False,False,0.0015451014041900635,0.0,0.0,0.0,0.3081212639808655,True,True
804,9,True,True,True,True,-0.06066866219043732,51605.81743270159,22.809860229492188,1501.8751220703125,487.3887023925781,True,False,True,True,True,-0.061120063066482544,31515.380859375,1.0867218971252441,567.929443359375,492.4773254394531,True,False,False,False,False,0.0011701881885528564,0.0,0.0,0.0,0.6708433628082275,True,True
1069,13,True,True,True,True,-0.06115307658910751,46585.82421875,2.8591482639312744,237.1513671875,500.6794128417969,True,False,True,True,True,-0.0545060932636261,35124.61328125,1.480544924736023,150.2267608642578,500.85711669921875,True,False,False,False,False,0.001638263463973999,0.0,0.0,0.0,0.5033671259880066,True,True
1212,15,True,True,True,True,-0.0642910897731781,18163.2890625,1.3495914936065674,190.30706787109375,433.3681335449219,True,False,True,True,True,-0.06464151293039322,18178.9609375,4.075923919677734,569.2825927734375,433.427978515625,True,False,False,False,False,0.0013010203838348389,0.0,0.0,0.0,0.7401501536369324,True,True
1284,0,True,True,True,True,-0.048915646970272064,535.0308837890625,0.00012446491746231914,0.019869327545166016,208.2587432861328,True,False,True,True,True,-0.05005554109811783,484.76617431640625,9.413377119926736e-05,0.019963741302490234,203.7902069091797,True,False,False,False,False,0.001499861478805542,0.0,0.0,0.0,0.12264570593833923,False,True
1288,1,True,True,True,True,-0.06954869627952576,91090.28051757812,2.4706788063049316,495.5773620605469,490.66741943359375,True,False,True,True,True,-0.0740731954574585,28194.943359375,2.5722620487213135,323.71978759765625,492.3977355957031,True,False,False,False,False,0.001349419355392456,0.0,0.0,0.0,0.09824591875076294,False,True
1377,3,True,True,True,True,-0.07160288840532303,109505.3125,1.519113540649414,442.7420349121094,382.0561218261719,True,False,True,True,True,-0.07321564108133316,114313.6640625,1.5366332530975342,140.37661743164062,388.0754699707031,True,False,False,False,False,0.001455932855606079,0.0,0.0,0.0,0.09746205806732178,False,True
1458,5,True,True,True,True,-0.06573692709207535,32462.064453125,6.84957218170166,2415.953125,499.12896728515625,True,False,True,True,True,-0.07572273910045624,38476.97265625,15.217939376831055,3331.3896484375,497.509765625,True,False,False,False,False,0.0011621415615081787,0.0,0.0,0.0,0.24347461760044098,True,True
1518,8,True,True,True,True,-0.03006163239479065,2089.80078125,0.00018608813115861267,0.05628800392150879,198.31443786621094,True,False,True,True,True,-0.029960542917251587,2257.250244140625,0.0001713540987111628,0.04803919792175293,194.20726013183594,True,False,False,False,False,0.001149684190750122,0.0,0.0,0.0,0.8143799901008606,True,True
1543,10,True,True,True,True,-0.0853133499622345,93597.0302734375,0.32333898544311523,1057.5880126953125,420.9382019042969,True,False,True,True,True,-0.06574566662311554,22499.359375,0.9612478613853455,1604.339599609375,415.2621154785156,True,False,False,False,False,0.0011621415615081787,0.0,0.0,0.0,0.40829479694366455,True,True
1591,11,True,True,True,True,-0.05627977102994919,22675.46875,2.306033134460449,193.6355743408203,424.5493469238281,True,False,True,True,True,-0.06461317837238312,34295.74609375,2.3614540100097656,1170.443115234375,422.2071228027344,True,False,False,False,False,0.0008639395236968994,0.0,0.0,0.0,0.5408831834793091,True,True
1616,12,True,True,True,True,-0.04067367687821388,32178.171875,0.9831070899963379,82.47381591796875,204.09481811523438,True,False,True,True,True,-0.0425528958439827,182084.2314453125,0.5799686908721924,29.95302391052246,200.8651580810547,True,False,False,False,False,0.0013214647769927979,0.0,0.0,0.0,0.9941092729568481,True,True
1779,1,True,True,True,True,-0.06732182949781418,38975.35546875,3.2117433547973633,1442.77197265625,484.076904296875,True,False,True,True,True,-0.06753696501255035,30159.1484375,2.458052396774292,874.5274047851562,485.2187805175781,True,False,False,False,False,0.001748114824295044,0.0,0.0,0.0,0.0464971661567688,False,True
1793,2,True,True,True,True,-0.05087222903966904,65458.83984375,0.00036708120023831725,8.202293395996094,425.8195495605469,True,False,True,True,True,-0.055993035435676575,68546.2578125,0.00039230266702361405,76.93340301513672,424.54248046875,True,False,False,False,False,0.0009469687938690186,0.0,0.0,0.0,0.07105395197868347,False,True
1830,3,True,True,True,True,-0.07837961614131927,28554.639877319336,1.721690058708191,697.1744995117188,434.2192077636719,True,False,True,True,True,-0.06463193148374557,31257.220703125,1.5686633586883545,155.017333984375,434.2154541015625,True,False,False,False,False,0.0016849339008331299,0.0,0.0,0.0,0.11225894093513489,False,True
1834,4,True,True,True,True,-0.03399577736854553,35303.09375,8.152068767230958e-05,0.009292840957641602,191.69415283203125,True,False,True,True,True,-0.035205014050006866,33168.4609375,8.290222467621788e-05,0.004962921142578125,188.1915740966797,True,False,True,True,False,-0.0031318888068199158,0.0,0.0,0.0,0.6182183027267456,True,False
1887,5,True,True,True,True,-0.07442576438188553,47737.296875,0.9427070021629333,65.16874694824219,486.71142578125,True,False,True,True,True,-0.07451371848583221,47922.71484375,1.2345468997955322,1152.43505859375,484.8214416503906,True,False,True,True,True,-0.019100651144981384,111.74329376220703,0.0,0.0,0.42815783619880676,True,False
1966,6,True,True,True,True,-0.04585690051317215,20472.388671875,0.0003820435958914459,8.371923446655273,431.80224609375,True,False,True,True,True,-0.03814662992954254,34158.87890625,0.0002965336316265166,6.121073246002197,432.6247863769531,True,False,False,False,False,0.0009223520755767822,0.0,0.0,0.0,0.41955867409706116,True,True
2049,7,True,True,True,True,-0.07174903154373169,73888.29187011719,17.324007034301758,2709.4306640625,436.08721923828125,True,False,True,True,True,-0.08106780052185059,37060.78356933594,3.291940450668335,434.906494140625,444.02728271484375,True,False,False,False,False,0.0009368956089019775,0.0,0.0,0.0,0.36793020367622375,True,True
2141,8,True,True,True,True,-0.033441461622714996,7800.59130859375,0.0,0.9961299896240234,201.8077850341797,True,False,True,True,True,-0.03247673809528351,6630.6455078125,0.0,1.1836318969726562,197.9407501220703,True,False,False,False,False,0.0011547505855560303,0.0,0.0,0.0,0.32115447521209717,True,True
2171,9,True,True,True,True,-0.07172703742980957,38119.75390625,1.2396210432052612,704.8302001953125,500.5602722167969,True,False,True,True,True,-0.07724269479513168,24870.171875,1.3072810173034668,1337.788330078125,488.3622741699219,True,False,False,False,False,0.0016299188137054443,0.0,0.0,0.0,0.8062081336975098,True,True
2172,10,True,True,True,True,-0.08810906857252121,59213.470703125,0.5397263169288635,41.32844924926758,421.4467468261719,True,False,True,True,True,-0.07604305446147919,63861.4375,0.26935702562332153,32.58226776123047,421.60595703125,True,False,False,False,False,0.0009281337261199951,0.0,0.0,0.0,0.5119155645370483,True,True
2174,11,True,True,True,True,-0.0635794922709465,58098.078132629395,58.34440994262695,7311.3984375,447.7723388671875,True,False,True,True,True,-0.06674346327781677,51634.21875,5.5230913162231445,1520.287109375,405.705810546875,True,False,False,False,False,0.001569122076034546,0.0,0.0,0.0,0.5460313558578491,True,True
2181,12,True,True,True,True,-0.02669534645974636,20896.607421875,0.0,246.22296142578125,196.7746124267578,True,False,True,True,True,-0.027150427922606468,25396.232421875,0.0,33.52302551269531,192.9078826904297,True,False,False,False,False,0.0007890164852142334,0.0,0.0,0.0,0.8503161668777466,True,True
2221,14,True,True,True,True,-0.07812085747718811,23402.451171875,0.7336819171905518,104.91744995117188,397.02349853515625,True,False,True,True,True,-0.07498609274625778,14779.85546875,0.7398717999458313,560.3287353515625,400.9405517578125,True,False,False,False,False,0.000858992338180542,0.0,0.0,0.0,0.49024516344070435,True,True
2387,15,True,True,True,True,-0.07995934784412384,34039.26723718643,1.9810121059417725,242.6509246826172,422.3488464355469,True,False,True,True,True,-0.07147067040205002,30081.369140625,2.4776852130889893,231.20504760742188,427.6896057128906,True,False,False,False,False,0.001147836446762085,0.0,0.0,0.0,0.7011148929595947,True,True
2419,0,True,True,True,True,-0.04074496030807495,4767.68017578125,0.0003311346808914095,0.004163980484008789,194.51544189453125,True,False,True,True,True,-0.04074537754058838,21681.45166015625,0.0003251161833759397,0.01634049415588379,190.60435485839844,True,False,False,False,False,0.0010202229022979736,0.0,0.0,0.0,0.10434103012084961,False,True
2435,1,True,True,True,True,-0.06199479103088379,29604.458984375,3.054163932800293,260.45184326171875,502.82421875,True,False,True,True,True,-0.05884969234466553,39908.7734375,8.945026397705078,1669.49951171875,504.9025573730469,True,False,False,False,False,0.0009181201457977295,0.0,0.0,0.0,0.08055977523326874,False,True
2487,3,True,True,True,True,-0.06363756954669952,32045.076171875,2.4744887351989746,366.2191467285156,428.26995849609375,True,False,True,True,True,-0.06238066405057907,80838.4609375,1.8670114278793335,2404.625244140625,411.96185302734375,True,False,False,False,False,0.0013269484043121338,0.0,0.0,0.0,0.05113387107849121,False,True
2520,4,True,True,True,True,-0.06796050071716309,813.1380310058594,0.6672266721725464,28.560155868530273,204.64718627929688,True,False,True,True,True,-0.06699216365814209,319.72461223602295,0.6120737791061401,11.695785522460938,201.26876831054688,True,False,False,False,False,0.0012738406658172607,0.0,0.0,0.0,0.39846867322921753,True,True
2592,6,True,True,True,True,-0.05324452370405197,44515.16796875,0.3065640330314636,79.73966217041016,432.7687072753906,True,False,True,True,True,-0.07611797749996185,33792.140625,0.7439477443695068,55.716182708740234,428.51922607421875,True,False,False,False,False,0.0013224780559539795,0.0,0.0,0.0,0.3211674094200134,True,True
2624,8,True,False,False,False,0.0008060187101364136,0.0,0.000115517686936073,0.004994869232177734,203.03855895996094,True,False,False,False,False,0.0008570849895477295,0.0,0.00019053138385061175,0.008297443389892578,198.3026885986328,True,False,False,False,False,0.0012088119983673096,0.0,0.0,0.0,0.6012292504310608,True,True
2656,10,True,True,True,True,-0.03201526775956154,32303.94921875,0.8656259775161743,11.494926452636719,419.9214172363281,True,False,True,True,True,-0.03236638009548187,46070.49609375,0.8940558433532715,85.422119140625,420.84979248046875,True,False,False,False,False,0.0007886439561843872,0.0,0.0,0.0,0.6506134271621704,True,True
2932,15,True,True,True,True,-0.0865006297826767,46452.08984375,20.847511291503906,3217.91943359375,431.0401306152344,True,False,True,True,True,-0.08768459409475327,26856.09375858307,3.0136399269104004,449.0900573730469,427.5242004394531,True,False,False,False,False,0.0011782348155975342,0.0,0.0,0.0,0.7106310129165649,True,True
3033,2,True,True,True,True,-0.06337302923202515,36074.50390625,6.294037302723154e-05,12.905149459838867,429.8572692871094,True,False,True,True,True,-0.06225937604904175,33004.09375,1.2095499187125824e-05,58.74085998535156,430.795166015625,True,False,False,False,False,0.0016988813877105713,0.0,0.0,0.0,0.08364847302436829,False,True
3078,4,True,True,True,True,-0.050600290298461914,15295.365234375,0.00022046240337658674,0.060227155685424805,202.003173828125,True,False,True,True,True,-0.05453991889953613,24288.68603515625,0.00037650862941518426,0.01926279067993164,198.4637451171875,True,False,False,False,False,0.0017212927341461182,0.0,0.0,0.0,0.499553382396698,True,True
3209,7,True,True,True,True,-0.05159983038902283,11087.796875,1.2762998342514038,310.34136962890625,433.9560241699219,True,False,True,True,True,-0.0629986971616745,26633.5625,1.2081477642059326,800.2799682617188,436.50738525390625,True,False,True,True,False,-0.00496663898229599,0.0,0.0,0.0,0.5641417503356934,True,False
3225,8,True,True,True,True,-0.01967567205429077,1816.28515625,0.0,0.012258052825927734,201.94801330566406,True,False,True,True,True,-0.016113221645355225,639.5369873046875,0.0,0.010820627212524414,197.2436981201172,True,False,False,False,False,0.001286536455154419,0.0,0.0,0.0,0.6833627223968506,True,True
3254,9,True,True,True,True,-0.05694857984781265,50272.84765625,2.7230772972106934,598.7105712890625,493.9527282714844,True,False,True,True,True,-0.06945852935314178,29003.70703125,2.671539783477783,993.9600830078125,492.3140869140625,True,False,True,True,False,-0.0016656145453453064,0.0,0.0,0.0,0.6379072070121765,True,False
3275,10,True,True,True,True,-0.06992171704769135,38059.19921875,2.47977876663208,227.18214416503906,434.9596252441406,True,False,True,True,True,-0.06640482693910599,47203.202239990234,1.003714680671692,955.9923095703125,433.33306884765625,True,False,True,True,False,-0.0030718743801116943,0.0,0.0,0.0,0.4176849126815796,True,False
3311,11,True,True,True,True,-0.06588726490736008,32439.425170898438,2.8001089096069336,411.26483154296875,436.5780334472656,True,False,True,True,True,-0.06882687658071518,43726.78125,2.7339890003204346,540.8279418945312,437.4818420410156,True,False,False,False,False,0.0009967386722564697,0.0,0.0,0.0,0.45567792654037476,True,True
3331,12,True,True,True,False,-0.01542559266090393,0.0,9.5367431640625e-07,0.011971235275268555,195.6937713623047,True,False,True,True,False,-0.011258870363235474,0.0,2.86102294921875e-06,0.00873565673828125,191.72853088378906,True,False,False,False,False,0.001513451337814331,0.0,0.0,0.0,0.5988341569900513,True,True
3541,1,True,True,True,True,-0.0625929906964302,32860.359375,2.184518337249756,199.12351989746094,514.08251953125,True,False,True,True,True,-0.05374709516763687,34549.44140625,0.8093826770782471,374.76385498046875,513.066162109375,True,False,False,False,False,0.001225203275680542,0.0,0.0,0.0,0.07584136724472046,False,True
3618,3,True,True,True,True,-0.06302923709154129,37920.38671875,0.7235730290412903,173.7418975830078,392.7923889160156,True,False,True,True,True,-0.06368772685527802,40214.43359375,0.8802810311317444,39.13523483276367,391.4992980957031,True,False,False,False,False,0.0014117062091827393,0.0,0.0,0.0,0.05876991152763367,False,True
3643,5,True,True,True,True,-0.06905659288167953,41595.671875,0.24506038427352905,68.70040893554688,516.9949340820312,True,False,True,True,True,-0.060565486550331116,48271.609375,1.4800238609313965,50.72980880737305,512.964111328125,True,False,False,False,False,0.0011950433254241943,0.0,0.0,0.0,0.4382205009460449,True,True
3822,8,True,True,True,True,-0.014374218881130219,2458.820556640625,0.00012562873598653823,1.308387279510498,203.99569702148438,True,False,True,True,True,-0.013616524636745453,2560.716552734375,0.0001228358451044187,1.319047451019287,200.1641082763672,True,False,False,False,False,0.001032024621963501,0.0,0.0,0.0,0.6088388562202454,True,True
3858,9,True,True,True,True,-0.07966811954975128,29403.828125,2.0101869106292725,567.4530029296875,500.5870361328125,True,False,True,True,True,-0.07896509021520615,70946.42134094238,3.1979236602783203,533.6749877929688,498.9679260253906,True,False,False,False,False,0.0010181963443756104,0.0,0.0,0.0,0.4482245147228241,True,True
3893,11,True,True,True,True,-0.0647607147693634,79086.17065504193,2.5246782302856445,404.7629699707031,406.53985595703125,True,False,True,True,True,-0.0628192350268364,19449.2265625,2.1785690784454346,451.0349426269531,421.2386779785156,True,False,False,False,False,0.001021355390548706,0.0,0.0,0.0,0.7201552391052246,True,True
3982,12,True,True,True,True,-0.02623739093542099,14807.626953125,0.00012493289250414819,0.0032782554626464844,198.6824188232422,True,False,True,True,True,-0.024077557027339935,8972.4228515625,0.00012288169818930328,0.003299713134765625,194.5172576904297,True,False,False,False,False,0.000947803258895874,0.0,0.0,0.0,0.6381122469902039,True,True
4035,13,True,True,True,True,-0.07786308228969574,68374.890625,1.6103593111038208,1289.430419921875,498.0735168457031,True,False,True,True,True,-0.07231850177049637,28412.0546875,1.1901576519012451,1167.094970703125,502.0635681152344,True,False,False,False,False,0.0011048614978790283,0.0,0.0,0.0,0.7060689926147461,True,True
4082,15,True,True,True,True,-0.06967854499816895,55362.8359375,1.8425064086914062,722.6731567382812,414.62408447265625,True,False,True,True,True,-0.07566891610622406,25249.429397583008,2.0081942081451416,674.9075927734375,412.97015380859375,True,False,False,False,False,0.0015438497066497803,0.0,0.0,0.0,0.8109264969825745,True,True
4168,1,True,True,True,True,-0.06253397464752197,23109.513671875,2.589200973510742,177.5941925048828,509.07733154296875,True,False,True,True,True,-0.05675256997346878,34644.27734375,1.719927191734314,284.6996765136719,508.6331787109375,True,False,True,True,False,-0.0008348673582077026,0.0,0.0,0.0,0.11768907308578491,False,False
4304,2,True,True,True,True,-0.06822714954614639,39168.80078125,0.9529325366020203,253.29006958007812,426.67108154296875,True,False,True,True,True,-0.04399655759334564,38917.6796875,2.745096445083618,279.3431091308594,429.6236572265625,True,False,False,False,False,0.0015435516834259033,0.0,0.0,0.0,0.09405197203159332,False,True
4320,4,True,True,True,True,-0.029262728989124298,158.97409057617188,7.152557373046875e-07,0.019188404083251953,201.52110290527344,True,False,True,True,True,-0.027899667620658875,121.46422576904297,2.384185791015625e-07,0.028032541275024414,196.99647521972656,True,False,False,False,False,0.0017569959163665771,0.0,0.0,0.0,0.2287147045135498,True,True
4358,5,True,True,True,True,-0.06795677542686462,38998.93359375,0.6369628310203552,518.888671875,515.3839111328125,True,False,True,True,True,-0.06978952884674072,30230.1484375,13.33493709564209,2180.13037109375,512.0748901367188,True,False,False,False,False,0.0013609826564788818,0.0,0.0,0.0,0.4224839210510254,True,True
4408,7,True,True,True,True,-0.05551169067621231,47433.4765625,2.250030279159546,353.20648193359375,398.5982971191406,True,False,True,True,True,-0.055465348064899445,29034.581909179688,1.8641315698623657,508.7839660644531,398.6905822753906,True,False,False,False,False,0.0013385117053985596,0.0,0.0,0.0,0.4172852039337158,True,True
4469,9,True,True,True,True,-0.06454886496067047,24287.076171875,1.5569735765457153,165.43783569335938,509.52996826171875,True,False,True,True,True,-0.06429064273834229,20622.9375,1.5940829515457153,291.27783203125,508.93267822265625,True,False,False,False,False,0.0014201700687408447,0.0,0.0,0.0,0.5275013446807861,True,True
4522,10,True,True,True,True,-0.06425371766090393,94152.6015625,0.46709945797920227,458.1838684082031,417.5384216308594,True,False,True,True,True,-0.06431588530540466,80536.4609375,0.39392516016960144,149.7767791748047,417.6423645019531,True,False,False,False,False,0.001152127981185913,0.0,0.0,0.0,0.651246190071106,True,True
4763,1,True,True,True,True,-0.06437231600284576,25196.288398742676,1.7451117038726807,62.99238586425781,508.8697814941406,True,False,True,True,True,-0.06635090708732605,35948.25,0.9642206430435181,2580.813720703125,511.0649719238281,True,False,False,False,False,0.0010926425457000732,0.0,0.0,0.0,0.12357920408248901,False,True
4776,3,True,True,True,True,-0.08364669233560562,135977.10931396484,2.3423221111297607,980.620849609375,404.6573791503906,True,False,True,True,True,-0.07794845849275589,23733.640502929688,0.996370792388916,495.1681823730469,407.7076416015625,True,False,False,False,False,0.0010515153408050537,0.0,0.0,0.0,0.10045802593231201,False,True
4804,5,True,True,True,True,-0.06914281845092773,14774.2900390625,0.7820922136306763,140.60357666015625,521.9003295898438,True,False,True,True,True,-0.08151234686374664,25144.205078125,1.3381078243255615,344.6685485839844,520.844482421875,True,False,False,False,False,0.001574009656906128,0.0,0.0,0.0,0.33531010150909424,True,True
4823,6,True,True,True,True,-0.061589136719703674,69635.5625,0.37445729970932007,31.669801712036133,429.62237548828125,True,False,True,True,True,-0.06169098615646362,27944.0,0.4557580053806305,19.11126708984375,430.3033142089844,True,False,False,False,False,0.0012151896953582764,0.0,0.0,0.0,0.46213075518608093,True,True
4830,7,True,True,True,True,-0.05164271593093872,42673.62109375,2.3831448554992676,220.50318908691406,426.01910400390625,True,False,True,True,True,-0.051642462611198425,64425.139068603516,3.409860849380493,1158.882568359375,428.53948974609375,True,False,False,False,False,0.0011477172374725342,0.0,0.0,0.0,0.35384422540664673,True,True
4852,8,True,True,True,False,-0.026779815554618835,0.0,0.0001998271472984925,0.007222175598144531,204.75814819335938,True,False,True,True,False,-0.029298454523086548,0.0,0.00019175097986590117,0.005892753601074219,200.8251953125,True,False,False,False,False,0.0015749633312225342,0.0,0.0,0.0,0.5016459226608276,True,True
4955,12,True,True,True,True,-0.03769737482070923,732.5127334594727,0.14732962846755981,1.3981823921203613,209.04090881347656,True,False,True,True,True,-0.0419650562107563,228.3948986530304,0.0,0.006871461868286133,205.30592346191406,True,False,False,False,False,0.0015269219875335693,0.0,0.0,0.0,0.9602034091949463,True,True
5111,14,True,True,True,True,-0.05616445094347,30188.361328125,2.2020466327667236,647.2870483398438,429.44305419921875,True,False,True,True,True,-0.05716089904308319,30678.50732421875,2.7740817070007324,98.09228515625,429.0173645019531,True,False,False,False,False,0.0010548532009124756,0.0,0.0,0.0,0.7440447211265564,True,True
5188,0,True,True,True,True,-0.02823164314031601,28729.169921875,0.06614616513252258,11.17477798461914,198.16885375976562,True,False,True,True,True,-0.026911281049251556,18919.5234375,0.0,0.002992868423461914,194.4701690673828,True,False,False,False,False,0.0008662045001983643,0.0,0.0,0.0,0.06677457690238953,False,True
5216,1,True,True,True,True,-0.06495370715856552,36620.049560546875,0.5850499868392944,143.63771057128906,488.562744140625,True,False,True,True,True,-0.05718434602022171,38279.6796875,0.65509432554245,217.1031494140625,487.61322021484375,True,False,False,False,False,0.001275867223739624,0.0,0.0,0.0,0.05886772274971008,False,True
5259,2,True,True,True,True,-0.0477597713470459,51777.626953125,0.00010499937343411148,0.2482292652130127,431.9010925292969,True,False,True,True,True,-0.047761425375938416,26802.888671875,0.000124642756418325,0.2576150894165039,431.40625,True,False,False,False,False,0.0012994706630706787,0.0,0.0,0.0,0.10077809542417526,False,True
5287,3,True,True,True,True,-0.07632751017808914,32554.359375,1.3559236526489258,1232.716064453125,356.5266418457031,True,False,True,True,True,-0.07344812899827957,53039.33984375,1.3189663887023926,476.3348693847656,353.0384826660156,True,False,False,False,False,0.0018317997455596924,0.0,0.0,0.0,0.058328866958618164,False,True
5496,9,True,True,True,True,-0.0634714663028717,41020.84765625,1.3742610216140747,951.6348266601562,513.2461547851562,True,False,True,True,True,-0.05209100991487503,36392.5234375,0.9033835530281067,775.432373046875,513.3576049804688,True,False,False,False,False,0.0013787448406219482,0.0,0.0,0.0,0.9523090124130249,True,True
5606,11,True,True,True,True,-0.07165135443210602,58218.29736328125,1.9698723554611206,229.64382934570312,433.4931945800781,True,False,True,True,True,-0.06815925240516663,28496.443359375,1.573371171951294,125.22257995605469,436.2267150878906,True,False,False,False,False,0.0016172826290130615,0.0,0.0,0.0,0.641872227191925,True,True
5628,13,True,True,True,True,-0.06718699634075165,50849.47265625,0.537501335144043,114.83720397949219,507.61639404296875,True,False,True,True,True,-0.0674486830830574,33487.2578125,0.44377362728118896,151.7328643798828,507.6058349609375,True,False,False,False,False,0.0012718737125396729,0.0,0.0,0.0,0.7300450801849365,True,True
5646,15,True,True,True,True,-0.07551068067550659,42243.78335571289,2.1730597019195557,144.9644775390625,423.0177001953125,True,False,True,True,True,-0.06986795365810394,28244.55859375,2.1494498252868652,865.079345703125,421.1474609375,True,False,False,False,False,0.0014419853687286377,0.0,0.0,0.0,0.4912063479423523,True,True
5707,2,True,True,True,True,-0.05270625650882721,38784.09375,2.9110147953033447,202.75341796875,430.86517333984375,True,False,True,True,True,-0.06344696879386902,31186.1328125,2.9141337871551514,261.973876953125,428.93267822265625,True,False,False,False,False,0.0015736520290374756,0.0,0.0,0.0,0.09337401390075684,False,True
5773,3,True,True,True,True,-0.0834408849477768,36184.8125,1.8495774269104004,1988.50244140625,427.8873596191406,True,False,True,True,True,-0.07013383507728577,31055.32666015625,0.9091315269470215,149.0236053466797,428.1442565917969,True,False,False,False,False,0.0009337365627288818,0.0,0.0,0.0,0.09314525127410889,False,True
5787,4,True,True,True,True,-0.01946812868118286,976.3260498046875,0.0006776638911105692,0.028888225555419922,198.26773071289062,True,False,True,True,True,-0.020450644195079803,925.6113891601562,0.0009163381764665246,0.029306888580322266,194.68019104003906,True,False,False,False,False,0.001168757677078247,0.0,0.0,0.0,0.4296739399433136,True,True
5798,5,True,True,True,True,-0.0570472851395607,120984.43505859375,2.3312153816223145,702.7977905273438,507.840576171875,True,False,True,True,True,-0.06067682057619095,71605.02221679688,18.10866928100586,4305.482421875,503.22064208984375,True,False,False,False,False,0.00036603212356567383,0.0,0.0,0.0,0.41214191913604736,True,True
5859,7,True,True,True,True,-0.06175695359706879,31349.2109375,0.8550624847412109,78.47483825683594,417.0305480957031,True,False,True,True,True,-0.06416378170251846,29297.73046875,0.8685495257377625,392.52801513671875,414.2991943359375,True,False,False,False,False,0.0012861192226409912,0.0,0.0,0.0,0.505129337310791,True,True
5861,8,True,True,True,True,-0.034035176038742065,10750.892578125,0.00022839551093056798,7.8603644371032715,199.9099578857422,True,False,True,True,True,-0.031677424907684326,20937.392578125,0.0002178104332415387,1.0031766891479492,195.64407348632812,True,False,False,False,False,0.0010330379009246826,0.0,0.0,0.0,0.540266752243042,True,True
5876,9,True,True,True,True,-0.05886375159025192,29228.982421875,1.0087653398513794,142.6796875,501.6908264160156,True,False,True,True,True,-0.05885181576013565,48629.4296875,1.014909267425537,782.3598022460938,502.3130187988281,True,False,False,False,False,0.0009119808673858643,0.0,0.0,0.0,0.8094102144241333,True,True
5915,10,True,True,True,True,-0.05337900668382645,42516.33984375,3.1533257961273193,522.36279296875,443.71124267578125,True,False,True,True,True,-0.06363038718700409,31280.931640625,3.2865641117095947,181.88726806640625,441.87213134765625,True,False,False,False,False,0.0014272630214691162,0.0,0.0,0.0,0.43736788630485535,True,True
5939,11,True,True,True,True,-0.06760381907224655,30664.466796875,2.484477996826172,410.5238952636719,432.9714660644531,True,False,True,True,True,-0.07478921860456467,36010.42578125,2.1251254081726074,1371.778076171875,430.56903076171875,True,False,True,True,False,-0.003562614321708679,0.0,0.0,0.0,0.6207237839698792,True,False
5973,12,True,True,True,True,-0.02528635412454605,26627.717315673828,1.1271791458129883,159.03749084472656,204.94979858398438,True,False,True,True,True,-0.02186550199985504,7150.21142578125,1.0082954168319702,136.85116577148438,200.78416442871094,True,False,False,False,False,0.0017479360103607178,0.0,0.0,0.0,0.7748852372169495,True,True
5975,13,True,True,True,True,-0.050823912024497986,34316.46875,1.6278278827667236,237.76541137695312,524.3041381835938,True,False,True,True,True,-0.07483106851577759,73516.4799194336,4.173561096191406,1978.088623046875,520.13623046875,True,False,False,False,False,0.001347273588180542,0.0,0.0,0.0,0.6903160214424133,True,True
6092,0,True,True,False,True,0.0009423196315765381,2093.197021484375,0.0,0.007035732269287109,195.42759704589844,True,False,True,False,True,0.0009448230266571045,2116.72119140625,0.0,0.0054473876953125,190.88035583496094,True,False,False,False,False,0.0012609660625457764,0.0,0.0,0.0,0.08511269092559814,False,True
6100,1,True,True,True,True,-0.06722166389226913,28024.576171875,0.6951994895935059,59.129066467285156,505.2054138183594,True,False,True,True,True,-0.0661279633641243,25757.4921875,0.4179776906967163,18.30324363708496,505.6891174316406,True,False,False,False,False,0.0018278062343597412,0.0,0.0,0.0,0.07276248931884766,False,True
6249,4,True,True,True,False,-0.016525423154234886,0.0,0.00015543086919933558,0.011720657348632812,200.34071350097656,True,False,True,True,False,-4.30084764957428e-05,0.0,0.00013109402789268643,0.011719703674316406,196.5670166015625,True,False,False,False,False,0.0018498003482818604,0.0,0.0,0.0,0.557835578918457,True,True
6255,5,True,True,True,True,-0.07187730073928833,27568.26171875,1.0066887140274048,176.6446533203125,485.0953369140625,True,False,True,True,True,-0.06191827356815338,55655.609375,1.2403513193130493,80.61104583740234,486.40216064453125,True,False,False,False,False,0.0017264783382415771,0.0,0.0,0.0,0.5443686842918396,True,True
6447,10,True,True,True,True,-0.04801654815673828,43150.19921875,0.92909175157547,71.45565032958984,426.41064453125,True,False,True,True,True,-0.05875818431377411,43150.19921875,0.45728161931037903,32.125064849853516,425.8822021484375,True,False,True,True,False,-0.006401225924491882,0.0,0.0,0.0,0.611328125,True,False
6523,12,True,True,True,False,-0.01704367995262146,0.0,1.430511474609375e-06,0.004456043243408203,201.37353515625,True,False,True,True,False,-0.015843018889427185,0.0,9.5367431640625e-07,0.007674455642700195,197.28118896484375,True,False,False,False,False,0.001280456781387329,0.0,0.0,0.0,0.7479684352874756,True,True
6537,13,True,True,True,True,-0.06370306015014648,21324.12661743164,3.5215532779693604,1916.004638671875,503.72637939453125,True,False,True,True,True,-0.06425110250711441,34297.9853515625,3.6487247943878174,642.7198486328125,499.8230895996094,True,False,True,True,False,-0.007192179560661316,0.0,0.0,0.0,0.9853097200393677,True,False
6596,0,True,True,True,False,-0.01362137496471405,0.0,0.0002547567419242114,0.01752758026123047,201.92913818359375,True,False,True,True,False,-0.01210719347000122,0.0,0.00018808479944709688,0.017612457275390625,197.1284637451172,True,False,False,False,False,0.00181540846824646,0.0,0.0,0.0,0.05200392007827759,False,True
6651,2,True,True,True,True,-0.07872958481311798,62109.3671875,1.3811346292495728,496.87847900390625,422.3694763183594,True,False,True,True,True,-0.07720007002353668,40354.1953125,0.16297653317451477,49.698699951171875,423.86700439453125,True,False,False,False,False,0.0008809268474578857,0.0,0.0,0.0,0.14610151946544647,False,True
6775,6,True,True,True,True,-0.0680503398180008,36218.06640625,1.0026681423187256,683.3136596679688,426.7623291015625,True,False,True,True,True,-0.05801137536764145,57327.1015625,0.9892487525939941,466.5386047363281,426.822021484375,True,False,False,False,False,0.0010779201984405518,0.0,0.0,0.0,0.42078161239624023,True,True
6777,7,True,True,True,True,-0.058845728635787964,34801.953125,0.8447424173355103,771.2356567382812,389.89337158203125,True,False,True,True,True,-0.06445485353469849,39172.72265625,0.9611712098121643,619.71142578125,391.3033752441406,True,False,False,False,False,0.0011776983737945557,0.0,0.0,0.0,0.2629743814468384,True,True
6783,9,True,True,True,True,-0.07604401558637619,29921.208984375,1.181559681892395,310.9167175292969,511.6479797363281,True,False,True,True,True,-0.09480886906385422,35431.18359375,1.1266639232635498,514.8222045898438,512.3137817382812,True,False,False,False,False,0.0012357532978057861,0.0,0.0,0.0,0.7793991565704346,True,True
7192,4,True,True,False,True,0.0015185773372650146,39709.23828125,4.5747528929496184e-05,0.00904989242553711,202.05889892578125,True,False,True,False,True,0.0015390217304229736,8551.8291015625,0.00012017763947369531,0.007198333740234375,197.85601806640625,True,False,False,False,False,0.0017283856868743896,0.0,0.0,0.0,0.5008516311645508,True,True
7280,6,True,True,True,True,-0.051890142261981964,68638.671875,2.6124775409698486,536.6123046875,424.94012451171875,True,False,True,True,True,-0.05241849273443222,25144.44140625,0.5241124629974365,237.37600708007812,425.2149353027344,True,False,True,True,False,-0.005768321454524994,0.0,0.0,0.0,0.2624373137950897,True,False
7344,11,True,True,True,True,-0.06787415593862534,29631.580078125,0.7747253775596619,322.682861328125,396.6725769042969,True,False,True,True,True,-0.060838669538497925,47372.208984375,0.6598688364028931,368.8845520019531,394.15802001953125,True,False,False,False,False,0.0008222758769989014,0.0,0.0,0.0,0.3466305434703827,True,True
7385,14,True,True,True,True,-0.05511942878365517,111505.98999023438,2.1725375652313232,393.00567626953125,425.7299499511719,True,False,True,True,True,-0.0540199875831604,76466.59786224365,2.6165053844451904,577.5361328125,424.97918701171875,True,False,False,False,False,0.0014255344867706299,0.0,0.0,0.0,0.653661847114563,True,True
7390,15,True,True,True,True,-0.07000962644815445,59243.00867843628,3.4107775688171387,517.1766357421875,387.587158203125,True,False,True,True,True,-0.06111086905002594,62013.3349609375,3.954005241394043,620.0459594726562,393.3055725097656,True,False,False,False,False,0.001382976770401001,0.0,0.0,0.0,0.5230320692062378,True,True
7470,0,True,True,True,True,-0.02532365173101425,11215.1513671875,0.0463678352534771,105.17250061035156,202.57167053222656,True,False,True,True,True,-0.026636622846126556,18548.703125,0.0,68.76876831054688,198.76573181152344,True,False,False,False,False,0.0010114610195159912,0.0,0.0,0.0,0.09990042448043823,False,True
7494,2,True,True,True,True,-0.0693395659327507,56778.7939453125,0.619547963142395,38.407466888427734,432.7959899902344,True,False,True,True,True,-0.06306842714548111,59271.8759765625,1.8295495510101318,27.664033889770508,431.73773193359375,True,False,False,False,False,0.0010402500629425049,0.0,0.0,0.0,0.09282860159873962,False,True
7540,4,True,True,True,True,-0.030552275478839874,1141.2603759765625,0.0,84.57901000976562,201.14894104003906,True,False,True,True,True,-0.026139482855796814,1141.1800537109375,0.1449471265077591,19.216360092163086,197.81410217285156,True,False,False,False,False,0.0014584362506866455,0.0,0.0,0.0,0.48986563086509705,True,True
7576,6,True,True,True,True,-0.05691931024193764,35248.32421875,0.025051578879356384,1.8152518272399902,429.0504150390625,True,False,True,True,True,-0.06700894981622696,41581.6796875,0.5927305221557617,47.817832946777344,417.4071350097656,True,False,False,False,False,0.0010090172290802002,0.0,0.0,0.0,0.37738803029060364,True,True
7581,7,True,True,True,True,-0.0739133208990097,57338.14453125,1.7216026782989502,753.2232666015625,407.92059326171875,True,False,True,True,True,-0.06507156789302826,42149.05340015888,1.657393455505371,898.6393432617188,425.4103088378906,True,False,False,False,False,0.0008626282215118408,0.0,0.0,0.0,0.3027045726776123,True,True
7701,13,True,True,True,True,-0.06063167005777359,27242.2490234375,0.5424368381500244,288.55572509765625,507.9053955078125,True,False,True,True,True,-0.07800952345132828,29404.162109375,1.3569450378417969,1096.045166015625,507.80828857421875,True,False,False,False,False,0.0013594329357147217,0.0,0.0,0.0,0.7269636988639832,True,True
8503,14,True,True,True,True,-0.049355342984199524,20460.740234375,0.0008210939122363925,12.35930061340332,435.6512145996094,True,False,True,True,True,-0.05423843115568161,63335.57421875,0.5887212157249451,230.96502685546875,434.7945556640625,True,False,False,False,False,0.0013889968395233154,0.0,0.0,0.0,0.5693942308425903,True,True
8555,15,True,True,True,True,-0.06657162308692932,25078.3359375,0.01953999325633049,37.13499450683594,410.3734436035156,True,False,True,True,True,-0.06629673391580582,24927.152221679688,0.023803139105439186,13.863534927368164,410.539306640625,True,False,False,False,False,0.0017288625240325928,0.0,0.0,0.0,0.9710041284561157,True,True
8556,0,True,True,True,False,-0.011823534965515137,0.0,5.7697296142578125e-05,0.09685087203979492,200.8677215576172,True,False,True,True,False,-0.011494934558868408,0.0,3.2901763916015625e-05,0.015538454055786133,196.86000061035156,True,False,False,False,False,0.0008645951747894287,0.0,0.0,0.0,0.10682862997055054,False,True
8618,6,True,True,True,True,-0.051939740777015686,28530.7109375,1.0037275552749634,450.41766357421875,437.7193298339844,True,False,True,True,True,-0.05256617069244385,26937.79296875,0.9206851124763489,1093.6986083984375,437.6138610839844,True,False,False,False,False,0.00119742751121521,0.0,0.0,0.0,0.44717007875442505,True,True
8765,7,True,True,True,True,-0.06215006113052368,22863.609375,2.083832025527954,37.45518493652344,413.3998718261719,True,False,True,True,True,-0.0746912881731987,44664.419921875,0.755093514919281,167.86160278320312,413.8499450683594,True,False,False,False,False,0.0010128319263458252,0.0,0.0,0.0,0.5037130117416382,True,True
9088,15,True,True,True,True,-0.06606773287057877,25795.337890625,2.959078311920166,902.3624267578125,442.7322998046875,True,False,True,True,True,-0.07941624522209167,96141.91796875,11.944196701049805,2348.464111328125,442.4913635253906,True,False,False,False,False,0.0016247928142547607,0.0,0.0,0.0,0.78815096616745,True,True
9208,0,True,True,True,True,-0.02930181473493576,1323.6920166015625,0.000141239317599684,0.0029077529907226562,203.3090362548828,True,False,True,True,True,-0.03114093840122223,1486.1743469238281,0.0,0.002839326858520508,199.55328369140625,True,False,False,False,False,0.0016925036907196045,0.0,0.0,0.0,0.09129558503627777,False,True
9244,2,True,True,True,True,-0.0637759193778038,18324.17578125,0.24163216352462769,17.77781867980957,428.6634521484375,True,False,True,True,True,-0.05517369508743286,16460.1484375,0.014025097712874413,30.9702205657959,427.5972595214844,True,False,False,False,False,0.0014629065990447998,0.0,0.0,0.0,0.09233938902616501,False,True
9641,14,True,True,True,True,-0.07174686342477798,37025.453125,0.5475583076477051,99.86539459228516,417.56890869140625,True,False,True,True,True,-0.06807766109704971,27252.884765625,0.1401178240776062,137.95361328125,414.4923400878906,True,False,False,False,False,0.0010759532451629639,0.0,0.0,0.0,0.9755101203918457,True,True
10148,14,True,True,True,True,-0.04005478322505951,27196.41015625,0.0,26.784242630004883,428.04559326171875,True,False,True,True,True,-0.039260219782590866,46462.71875,0.0,5.0520148277282715,427.3497009277344,True,False,False,False,False,0.001592487096786499,0.0,0.0,0.0,0.9166295528411865,True,True
11441,13,True,True,True,True,-0.08269066363573074,46044.910705566406,0.8020368814468384,204.303955078125,515.2763671875,True,False,True,True,True,-0.06983834505081177,51532.17259979248,0.8828086853027344,199.8820343017578,514.4158325195312,True,False,False,False,False,0.00180855393409729,0.0,2.384185791015625e-07,0.0,0.7537370920181274,True,True
12767,14,True,True,True,True,-0.06494016200304031,33782.59375,0.5919327139854431,51.56538391113281,416.24237060546875,True,False,True,True,True,-0.06527257710695267,39573.88690185547,0.6898353099822998,89.27273559570312,417.23779296875,True,False,False,False,False,0.0015087425708770752,0.0,0.0,0.0,0.7566287517547607,True,True
