input_id,cell,raw_replay_prefix_qualified,raw_primary_failure,raw_minimum_raw_gap_m,raw_peak_all_arm_scalar_N,raw_supplementary_max_all74_hard_violation_rad,raw_supplementary_max_all74_velocity_exceedance_rad_s,raw_controlled_path_rad,raw_four_arms_moved,raw_joint_and_primary_pass,multirow_replay_prefix_qualified,multirow_primary_failure,multirow_minimum_raw_gap_m,multirow_peak_all_arm_scalar_N,multirow_supplementary_max_all74_hard_violation_rad,multirow_supplementary_max_all74_velocity_exceedance_rad_s,multirow_controlled_path_rad,multirow_four_arms_moved,multirow_joint_and_primary_pass,multirow_hold_fallback_replay_prefix_qualified,multirow_hold_fallback_primary_failure,multirow_hold_fallback_minimum_raw_gap_m,multirow_hold_fallback_peak_all_arm_scalar_N,multirow_hold_fallback_supplementary_max_all74_hard_violation_rad,multirow_hold_fallback_supplementary_max_all74_velocity_exceedance_rad_s,multirow_hold_fallback_controlled_path_rad,multirow_hold_fallback_four_arms_moved,multirow_hold_fallback_joint_and_primary_pass
0,0,True,False,2.73287296295166e-05,0.0,0.0,0.0,31.01494026184082,True,True,True,False,2.7298927307128906e-05,0.0,0.0,0.0,31.110483169555664,True,True,True,False,0.0010946691036224365,0.0,0.0,0.0,0.14192567765712738,False,True
32,0,True,False,0.0017837584018707275,0.0,0.0,0.0,31.60506820678711,True,True,True,False,0.001783818006515503,0.0,0.0,0.0,31.02212142944336,True,True,True,False,0.0018028318881988525,0.0,0.0,0.0,0.082103431224823,False,True
48,0,True,False,0.0009247958660125732,0.0,0.0,0.0,30.9510498046875,True,True,True,False,0.000924915075302124,0.0,0.0,0.0,31.217191696166992,True,True,True,False,0.0009720027446746826,0.0,0.0,0.0,0.09590393304824829,False,True
96,0,True,False,0.0008589327335357666,0.0,6.67572021484375e-06,0.0,30.027565002441406,True,True,True,False,0.0008589327335357666,0.0,7.152557373046875e-06,0.0,31.01968765258789,True,True,True,False,0.0008589327335357666,0.0,2.384185791015625e-06,0.0,0.08105099201202393,False,True
81,1,True,False,0.0011477172374725342,0.0,1.430511474609375e-06,0.0,62.94066619873047,True,True,True,False,0.0011476576328277588,0.0,1.430511474609375e-06,0.0,62.44977569580078,True,True,True,False,0.0012332499027252197,0.0,0.0,0.0,0.0800011157989502,False,True
129,1,True,False,0.000997096300125122,0.0,0.0,0.0,61.30891418457031,True,True,True,False,0.0010008513927459717,0.0,0.0,0.0,60.73310852050781,True,True,True,False,0.001087099313735962,0.0,0.0,0.0,0.10704806447029114,False,True
145,1,True,False,0.0017851293087005615,0.0,0.0,0.0,60.139076232910156,True,True,True,False,0.0017851293087005615,0.0,0.0,0.0,59.90099334716797,True,True,True,False,0.0018153488636016846,0.0,0.0,0.0,0.09017314016819,False,True
193,1,True,True,-0.0049399882555007935,0.0,5.960464477539063e-08,0.0,61.578975677490234,True,False,True,True,-0.003542989492416382,0.0,5.960464477539063e-08,0.0,60.691322326660156,True,False,True,False,0.0015774667263031006,0.0,0.0,0.0,0.05276631563901901,False,True
2,2,True,False,0.001484602689743042,0.0,0.0,0.011920690536499023,120.95255279541016,True,False,True,False,0.0014893114566802979,0.0,0.0,0.009887218475341797,118.51356506347656,True,False,True,False,0.0016228854656219482,0.0,0.0,0.0,0.08084289729595184,False,True
50,2,True,True,-0.033713191747665405,594.3468627929688,4.172325134277344e-06,0.016613006591796875,118.73470306396484,True,False,True,True,-0.03351505100727081,623.488037109375,4.172325134277344e-06,0.029990196228027344,116.58544158935547,True,False,True,False,0.0018467605113983154,0.0,0.0,0.0,0.019434049725532532,False,True
66,2,True,True,-0.026602566242218018,10822.67578125,0.0,0.006545066833496094,116.94967651367188,True,False,True,True,-0.02464771270751953,12225.5185546875,0.0,0.006006479263305664,114.67681121826172,True,False,True,False,0.0017686188220977783,0.0,0.0,0.0,0.05571356415748596,False,True
98,2,True,True,-0.020430900156497955,116.54129791259766,6.209147977642715e-05,0.0066030025482177734,117.2522201538086,True,False,True,True,-0.01859194040298462,0.0,6.433652742998675e-05,0.005198955535888672,115.53546905517578,True,False,True,False,0.0016674697399139404,0.0,0.0,0.0,0.03615403175354004,False,True
19,3,True,False,0.0011677443981170654,0.0,3.457524871919304e-05,0.014265298843383789,203.6624298095703,True,False,True,False,0.0011733472347259521,0.0,2.8626422135857865e-05,0.013427495956420898,199.75177001953125,True,False,True,False,0.0015054643154144287,0.0,0.0,0.0,0.05422532558441162,False,True
51,3,True,True,-0.05072377622127533,76.56986999511719,0.4457593858242035,81.80448913574219,204.5082550048828,True,False,True,True,-0.04822078347206116,103.57698965072632,0.06576333940029144,3.504769802093506,201.04249572753906,True,False,True,False,0.0015326440334320068,0.0,0.0,0.0,0.09125763177871704,False,True
67,3,True,False,0.001610487699508667,0.0,0.0001077096676453948,0.008440971374511719,206.74642944335938,True,False,True,False,0.0016193687915802002,0.0,0.00010605021816445515,0.006354808807373047,202.53883361816406,True,False,True,False,0.0017937123775482178,0.0,0.0,0.0,0.06550130993127823,False,True
147,3,True,True,-0.054143134504556656,6981.918529510498,1.3121652603149414,141.67449951171875,202.8142547607422,True,False,True,True,-0.05042985454201698,932.0691833496094,0.47769129276275635,45.68461227416992,199.27566528320312,True,False,True,False,0.0013552606105804443,0.0,0.0,0.0,0.06966543197631836,False,True
4,4,True,False,0.0017015635967254639,0.0,0.0,0.0,30.189863204956055,True,True,True,False,0.0017015635967254639,0.0,0.0,0.0,30.318204879760742,True,True,True,False,0.0017277300357818604,0.0,0.0,0.0,0.14853134751319885,True,True
20,4,True,True,-0.007169149816036224,0.0,0.0,0.0,31.096710205078125,True,False,True,True,-0.0032961592078208923,0.0,0.0,0.0,32.556549072265625,True,False,True,False,0.0010716617107391357,0.0,0.0,0.0,0.16911712288856506,True,True
68,4,True,True,-0.004633307456970215,0.0,0.0,0.0,31.000993728637695,True,False,True,False,0.0016919076442718506,0.0,0.0,0.0,31.189313888549805,True,True,True,False,0.0017169415950775146,0.0,0.0,0.0,0.12824717164039612,True,True
116,4,True,False,0.001600712537765503,0.0,0.0,0.0,31.521148681640625,True,True,True,False,0.0016006529331207275,0.0,0.0,0.0,31.604774475097656,True,True,True,False,0.0016315877437591553,0.0,0.0,0.0,0.1286134123802185,True,True
5,5,True,False,0.001386016607284546,0.0,0.0,0.0,60.680824279785156,True,True,True,False,0.001386016607284546,0.0,0.0,0.0,60.54478073120117,True,True,True,False,0.0014608800411224365,0.0,0.0,0.0,0.10832501947879791,True,True
53,5,True,False,0.0011048614978790283,0.0,0.0,0.0,64.57867431640625,True,True,True,False,0.001104801893234253,0.0,0.0,0.0,63.997459411621094,True,True,True,False,0.0011968910694122314,0.0,0.0,0.0,0.1638079285621643,True,True
85,5,True,False,0.001111358404159546,0.0,0.0,0.0,61.519737243652344,True,True,True,False,0.001112133264541626,0.0,0.0,0.0,61.42564392089844,True,True,True,False,0.0012098848819732666,0.0,0.0,0.0,0.07723987102508545,True,True
101,5,True,False,0.0009901225566864014,0.0,9.5367431640625e-06,0.0,60.21626281738281,True,True,True,False,0.0009974539279937744,0.0,7.62939453125e-06,0.0,59.900123596191406,True,True,True,False,0.0010881125926971436,0.0,0.0,0.0,0.16935861110687256,True,True
6,6,True,True,-0.06330115348100662,1171.7659912109375,0.000365151820005849,0.0012297630310058594,121.70838928222656,True,False,True,True,-0.06309601664543152,3411.2060546875,5.230894385022111e-05,0.001964092254638672,119.84709167480469,True,False,True,False,0.0009768903255462646,0.0,0.0,0.0,0.20109033584594727,True,True
86,6,True,True,-0.0006128549575805664,0.0,0.0,0.003106832504272461,118.58023834228516,True,False,True,True,-0.0006161481142044067,0.0,0.0,0.0020105838775634766,115.91983032226562,True,False,True,False,0.0012455880641937256,0.0,0.0,0.0,0.13876232504844666,True,True
102,6,True,True,-0.025950994342565536,5073.69677734375,0.0,0.0028028488159179688,119.79199981689453,True,False,True,True,-0.025828983634710312,1428.4276123046875,0.0,0.007583141326904297,117.05802154541016,True,False,True,False,0.0008555352687835693,0.0,0.0,0.0,0.10819508135318756,True,True
150,6,True,False,0.00167807936668396,0.0,0.0,0.012997627258300781,118.1197280883789,True,False,True,False,0.00168570876121521,0.0,0.0,0.009170293807983398,115.4648666381836,True,False,True,False,0.0017856061458587646,0.0,0.0,0.0,0.10855148732662201,True,True
7,7,True,True,-0.05384870618581772,884.779296875,0.00018426771566737443,0.012857675552368164,193.1943817138672,True,False,True,True,-0.05342825502157211,11213.64453125,0.00019535302999429405,0.012456178665161133,189.6393280029297,True,False,True,False,0.0012229382991790771,0.0,0.0,0.0,0.15827849507331848,True,True
23,7,True,True,0.0016762912273406982,403.2747497558594,0.00015949952648952603,0.016733884811401367,196.80796813964844,True,False,True,True,0.001674741506576538,395.0268249511719,0.00018861063290387392,0.017205238342285156,193.0899200439453,True,False,True,False,0.0018340051174163818,0.0,0.0,0.0,0.12146805226802826,True,True
87,7,True,True,-0.006311580538749695,1487.818359375,2.2292137145996094e-05,0.017862558364868164,203.58433532714844,True,False,True,True,-0.006636530160903931,634.1163940429688,1.728534698486328e-05,0.018941402435302734,199.7992401123047,True,False,True,False,0.0012958347797393799,0.0,0.0,0.0,0.14269599318504333,True,True
103,7,True,False,0.0014229118824005127,0.0,0.0,0.03302168846130371,206.5170440673828,True,False,True,False,0.001429229974746704,0.0,0.0,0.028082609176635742,202.26609802246094,True,False,True,False,0.0016729533672332764,0.0,0.0,0.0,0.10621058940887451,True,True
24,8,True,False,0.001646488904953003,0.0,0.0,0.0,31.846227645874023,True,True,True,False,0.001646488904953003,0.0,0.0,0.0,31.828195571899414,True,True,True,False,0.0016753971576690674,0.0,0.0,0.0,0.3619755506515503,True,True
40,8,True,True,-0.0153188556432724,0.0,0.0,0.0,32.5859489440918,True,False,True,True,-0.007854387164115906,0.0,0.0,0.0,33.556941986083984,True,False,True,False,0.0011545121669769287,0.0,0.0,0.0,0.32098495960235596,True,True
56,8,True,True,-0.0011631101369857788,0.0,0.0,0.0,30.61085319519043,True,False,True,True,-0.0011630505323410034,0.0,0.0,0.0,30.8175106048584,True,False,True,False,0.0016945451498031616,0.0,0.0,0.0,0.14584650099277496,True,True
120,8,True,False,0.0011774003505706787,0.0,0.0,0.0,31.31736946105957,True,True,True,False,0.0011774003505706787,0.0,0.0,0.0,31.31736946105957,True,True,True,False,0.0012221038341522217,0.0,0.0,0.0,0.1390077769756317,True,True
9,9,True,False,0.0010003745555877686,0.0,0.0,0.0,59.74744415283203,True,True,True,False,0.001000434160232544,0.0,0.0,0.0,59.484039306640625,True,True,True,False,0.0010813772678375244,0.0,0.0,0.0,0.23977264761924744,True,True
41,9,True,False,0.0008594095706939697,0.0,1.1920928955078125e-07,0.0,60.2571907043457,True,True,True,False,0.0008645951747894287,0.0,1.1920928955078125e-07,0.0,59.98593521118164,True,True,True,False,0.0009489953517913818,0.0,0.0,0.0,0.25262451171875,True,True
57,9,True,True,-0.005308985710144043,1156.22607421875,0.0,0.0,61.94320297241211,True,False,True,True,-0.005223974585533142,1169.3868408203125,0.0,0.0,62.00152587890625,True,False,True,False,0.0009661763906478882,0.0,0.0,0.0,0.3220510482788086,True,True
73,9,True,True,-0.0008822083473205566,0.0,1.430511474609375e-06,0.0,60.02730941772461,True,False,True,False,0.0008709728717803955,0.0,4.76837158203125e-07,0.0,60.10093307495117,True,True,True,False,0.0009593665599822998,0.0,0.0,0.0,0.24287638068199158,True,True
26,10,True,False,0.0011373013257980347,0.0,0.0,0.004654884338378906,120.58110809326172,True,False,True,False,0.0012084543704986572,0.0,0.0,0.0070264339447021484,117.30419921875,True,False,True,False,0.001395195722579956,0.0,0.0,0.0,0.22406426072120667,True,True
74,10,True,True,-0.017668643966317177,247.19386291503906,0.07406961917877197,143.9205322265625,119.56063842773438,True,False,True,True,-0.017664531245827675,318.1658706665039,0.03704655170440674,60.93119812011719,117.68943786621094,True,False,True,False,0.0014811456203460693,0.0,0.0,0.0,0.20037324726581573,True,True
106,10,True,False,0.0009365975856781006,0.0,0.0,0.012959003448486328,121.99752807617188,True,False,True,False,0.0009780824184417725,0.0,0.0,0.011278867721557617,119.6339340209961,True,False,True,False,0.0011356770992279053,0.0,0.0,0.0,0.24283398687839508,True,True
122,10,True,True,-0.04604436829686165,104.9114761352539,0.0,1.9153523445129395,122.8721694946289,True,False,True,True,-0.04554756358265877,139.42222595214844,0.0,0.016366243362426758,120.24618530273438,True,False,True,False,0.0011910498142242432,0.0,0.0,0.0,0.2863718867301941,True,True
11,11,True,True,-0.048229530453681946,516.2083740234375,0.0001492844457970932,0.005249738693237305,203.9365692138672,True,False,True,True,-0.04827211797237396,396.60516357421875,0.0001493967283749953,0.005095958709716797,200.43113708496094,True,False,True,False,0.0011358559131622314,0.0,0.0,0.0,0.12623298168182373,True,True
91,11,True,True,-0.03269830346107483,1266.4393310546875,1.79056978225708,20.154829025268555,189.04273986816406,True,False,True,True,-0.031944163143634796,1665.53173828125,0.3222438097000122,15.401317596435547,186.2903594970703,True,False,True,False,0.0017797648906707764,0.0,0.0,0.0,0.18137052655220032,True,True
107,11,True,True,-0.022626150399446487,2997.6845703125,0.0001710565557004884,0.02973651885986328,202.00845336914062,True,False,True,True,-0.02411423996090889,7294.478515625,0.00013580132508650422,0.02406930923461914,198.36683654785156,True,False,True,False,0.0010811984539031982,0.0,0.0,0.0,0.17131072282791138,True,True
171,11,True,True,-0.027681171894073486,4951.87841796875,0.0002588102070149034,1.661574363708496,200.29638671875,True,False,True,True,-0.02622377872467041,2644.561279296875,0.0002293917495990172,10.314868927001953,196.7793731689453,True,False,True,False,0.0011178553104400635,0.0,0.0,0.0,0.26503199338912964,True,True
92,12,True,True,-0.0029204636812210083,0.0,0.0,0.0,31.872732162475586,True,False,True,True,-0.00019291043281555176,5064.541015625,0.0,0.0,32.38120651245117,True,False,True,False,0.0012756884098052979,0.0,0.0,0.0,0.5024649500846863,True,True
108,12,True,False,0.0010243356227874756,0.0,0.0,0.0,30.168853759765625,True,True,True,False,0.0010273754596710205,0.0,0.0,0.0,30.11215591430664,True,True,True,False,0.0010693371295928955,0.0,0.0,0.0,0.23639392852783203,True,True
124,12,True,True,-0.00768146850168705,57.292640686035156,0.013708967715501785,21.089929580688477,30.955678939819336,True,False,True,True,-0.003195682540535927,0.0,0.0,0.0,31.599424362182617,True,False,True,False,0.0012517869472503662,0.0,0.0,0.0,0.5446779727935791,True,True
140,12,True,False,0.0011567771434783936,0.0,0.0,0.0,31.45079803466797,True,True,True,False,0.0011567175388336182,0.0,0.0,0.0,31.574909210205078,True,True,True,False,0.0012082159519195557,0.0,0.0,0.0,0.29990333318710327,True,True
13,13,True,True,-0.02301570028066635,95.09575653076172,0.0,0.0,60.390174865722656,True,False,True,True,-0.022994540631771088,74.71009826660156,0.0,0.0,60.58058166503906,True,False,True,False,0.0008786022663116455,0.0,0.0,0.0,0.3435891568660736,True,True
29,13,True,False,0.0011644065380096436,0.0,0.0,0.0,62.545082092285156,True,True,True,False,0.0011648237705230713,0.0,0.0,0.0,61.31853485107422,True,True,True,False,0.001247793436050415,0.0,0.0,0.0,0.4004193842411041,True,True
45,13,True,True,-0.039768390357494354,568.9459476470947,0.4231961965560913,60.45658874511719,60.482112884521484,True,False,True,True,-0.029364459216594696,393.8294162750244,0.49792715907096863,99.84493255615234,63.09825134277344,True,False,True,False,0.0009147822856903076,0.0,0.0,0.0,0.35001495480537415,True,True
61,13,True,True,-0.01837955415248871,0.0,0.0,0.0,64.90692901611328,True,False,True,True,-0.012442752718925476,0.0,0.0,0.0,64.76229858398438,True,False,True,False,0.0009271800518035889,0.0,0.0,0.0,0.3549840450286865,True,True
30,14,True,True,-0.026323065161705017,6063.21435546875,0.0,0.007941246032714844,118.07417297363281,True,False,True,True,-0.02824358642101288,11035.1455078125,0.0,0.007965326309204102,116.37925720214844,True,False,True,False,0.0016204416751861572,0.0,0.0,0.0,0.40922924876213074,True,True
78,14,True,True,-0.029002539813518524,264.9823303222656,0.00018030570936389267,0.012814998626708984,120.28971099853516,True,False,True,True,-0.028323709964752197,154.63504028320312,0.0,0.010015726089477539,117.95027923583984,True,False,True,False,0.0014459788799285889,0.0,0.0,0.0,0.3200264275074005,True,True
94,14,True,False,0.0009469687938690186,0.0,0.0,0.001627206802368164,123.0345687866211,True,False,True,False,0.0009588897228240967,0.0,0.0,0.0016717910766601562,120.01165008544922,True,False,True,False,0.0011371076107025146,0.0,0.0,0.0,0.3301318287849426,True,True
142,14,True,False,0.0014204084873199463,0.0,6.23763189651072e-05,0.0056536197662353516,118.07958984375,True,False,True,False,0.0014193952083587646,0.0,1.0967254638671875e-05,0.003370523452758789,115.45856475830078,True,False,True,False,0.0015697181224822998,0.0,0.0,0.0,0.35440903902053833,True,True
15,15,True,True,-0.046590134501457214,11407.936462402344,0.9182695746421814,101.97801208496094,193.38478088378906,True,False,True,True,-0.04447367787361145,6217.837661743164,1.4638680219650269,177.84286499023438,189.66651916503906,True,False,True,False,0.001757115125656128,0.0,0.0,0.0,0.3783551752567291,True,True
31,15,True,True,-0.022415243089199066,1371.9344482421875,0.00046407757326960564,0.01618218421936035,201.5616455078125,True,False,True,True,-0.02619095891714096,16508.474609375,0.0004838109889533371,0.01653122901916504,198.01943969726562,True,False,True,False,0.0011169612407684326,0.0,0.0,0.0,0.3612883687019348,True,True
47,15,True,True,-0.04328406602144241,238.08712768554688,0.000160103605594486,0.0042989253997802734,202.2412567138672,True,False,True,True,-0.04265296459197998,185.29888916015625,0.0002226243377663195,0.008110523223876953,198.27342224121094,True,False,True,False,0.0011601746082305908,0.0,0.0,0.0,0.25850018858909607,True,True
79,15,True,True,-0.029042303562164307,684.8394165039062,0.0002169163344660774,0.004076242446899414,204.38394165039062,True,False,True,True,-0.028677619993686676,616.2246704101562,0.00018999999156221747,0.003854513168334961,200.41246032714844,True,False,True,False,0.001135319471359253,0.0,0.0,0.0,0.2837424874305725,True,True
