bank_position,input_id,cell,velocity_fraction,command_mode,initial_replay_geometry_admitted,primary_prefix_pass,full74_prefix_pass,minimum_raw_gap_m,peak_normal_N,all74_hard_max_rad,all74_speed_max_rad_s
0,1,0,0.0,0,True,False,False,0.0015177428722381592,183962.20556640625,0.0,0.0034732818603515625
1,91,1,0.0,1,True,False,False,0.0012310445308685303,121848.421875,0.0,0.14551377296447754
2,100,2,0.0,2,True,False,False,-0.0040464848279953,0.0,0.0,0.0
3,135,3,0.0,3,True,False,False,0.0008573830127716064,230377.3515625,0.0,0.004631757736206055
4,210,4,0.5,0,True,False,False,-0.004088781774044037,0.0,0.0,0.0
5,225,5,0.5,1,True,False,False,0.0009090602397918701,103899.95263671875,0.0,0.0013928413391113281
6,229,6,0.5,2,True,True,True,0.0017015635967254639,0.0,0.0,0.0
7,248,7,0.5,3,True,False,False,0.0013158023357391357,450156.58984375,0.0011801719665527344,0.011302709579467773
8,270,8,0.75,0,True,True,True,0.0018124282360076904,0.0,0.0,0.0
9,335,9,0.75,1,True,False,False,-0.016443323343992233,185793.46069335938,0.4122996926307678,33.72311019897461
10,339,10,0.75,2,True,True,True,0.0009221732616424561,0.0,0.0,0.0
11,340,11,0.75,3,True,True,True,0.001097649335861206,0.0,0.0,0.0
12,345,12,1.0,0,True,True,True,0.0018131434917449951,0.0,0.0,0.0
13,375,13,1.0,1,True,True,True,0.0009351670742034912,0.0,0.0,0.0
14,399,14,1.0,2,True,True,True,0.0017545521259307861,0.0,0.0,0.0
15,431,15,1.0,3,True,False,False,0.0016903579235076904,2698545.8515625,0.0,2.1200668811798096
16,435,0,0.0,0,True,False,False,-0.03289652615785599,120494.640625,0.0,0.0013155937194824219
17,462,1,0.0,1,True,False,False,0.0014149844646453857,148521.45849609375,0.0,0.0018703937530517578
18,479,2,0.0,2,True,False,False,0.0011633336544036865,103035.857421875,0.0,0.001302480697631836
19,607,3,0.0,3,True,True,True,0.000676766037940979,0.0,0.0,0.0
20,706,4,0.5,0,True,False,False,-0.005326002836227417,0.0,0.0,0.0
21,720,5,0.5,1,True,True,True,0.001550227403640747,0.0,0.0,0.0
22,726,6,0.5,2,True,False,False,0.0013528168201446533,3075659.0234375,0.0,2.085444211959839
23,739,7,0.5,3,True,False,False,0.0011291205883026123,190025.21875,0.0,0.2774953842163086
24,801,8,0.75,0,True,False,False,0.0018467605113983154,190361.64453125,0.0,0.004171609878540039
25,804,9,0.75,1,True,True,True,0.0011703073978424072,0.0,0.0,0.0
26,846,10,0.75,2,True,False,False,0.0012280046939849854,156281.47119140625,0.0,0.0016744136810302734
27,926,11,0.75,3,True,False,False,-0.003716476261615753,0.0,0.0,0.0
28,1067,12,1.0,0,True,False,False,-0.009036198258399963,862.204345703125,0.0,0.0
29,1069,13,1.0,1,True,True,True,0.0016495883464813232,0.0,0.0,0.0
30,1074,14,1.0,2,True,False,False,0.000888139009475708,130872.10302734375,0.0,0.0032646656036376953
31,1212,15,1.0,3,True,True,True,0.0013336241245269775,0.0,0.0,0.0
32,1284,0,0.0,0,True,True,True,0.0015091001987457275,0.0,0.0,0.0
33,1288,1,0.0,1,True,True,True,0.0013667643070220947,0.0,0.0,0.0
34,1353,2,0.0,2,True,False,False,0.0009585916996002197,230358.296875,0.0,0.890639066696167
35,1377,3,0.0,3,True,True,True,0.0014593899250030518,0.0,0.0,0.0
36,1421,4,0.5,0,True,False,False,0.001508563756942749,159722.984375,0.0,0.0018012523651123047
37,1458,5,0.5,1,True,True,True,0.001168280839920044,0.0,0.0,0.0
38,1473,6,0.5,2,True,False,False,0.001465827226638794,12000149.5,4.76837158203125e-07,19.42079734802246
39,1508,7,0.5,3,True,False,False,0.0015619099140167236,18341.666015625,0.0,0.006911039352416992
40,1518,8,0.75,0,True,True,True,0.001149684190750122,0.0,0.0,0.0
41,1524,9,0.75,1,True,False,False,0.0015328824520111084,730712.6103515625,0.0,2.954988718032837
42,1543,10,0.75,2,True,True,True,0.0011671483516693115,0.0,0.0,0.0
43,1591,11,0.75,3,True,True,True,0.00089225172996521,0.0,0.0,0.0
44,1616,12,1.0,0,True,True,True,0.0013214647769927979,0.0,0.0,0.0
45,1674,13,1.0,1,True,False,False,0.0011924803256988525,62993.4140625,1.4901161193847656e-05,2.0188984870910645
46,1678,14,1.0,2,True,False,False,0.0017252862453460693,133967.91528320312,0.0,0.0015461444854736328
47,1718,15,1.0,3,True,False,False,0.0016293227672576904,143764.66833496094,0.0,0.001905679702758789
48,1766,0,0.0,0,True,False,False,-0.03470374271273613,111728.28601074219,0.1241702139377594,30.106489181518555
49,1779,1,0.0,1,True,True,True,0.0017500817775726318,0.0,0.0,0.0
50,1793,2,0.0,2,True,True,True,0.0009585916996002197,0.0,0.0,0.0
51,1830,3,0.0,3,True,True,True,0.001689821481704712,0.0,0.0,0.0
52,1834,4,0.5,0,True,True,True,0.00042960792779922485,0.0,0.0,0.0
53,1887,5,0.5,1,True,True,True,0.0014431774616241455,0.0,0.0,0.0
54,1966,6,0.5,2,True,True,True,0.0009293258190155029,0.0,0.0,0.0
55,2049,7,0.5,3,True,True,True,0.0009394586086273193,0.0,0.0,0.0
56,2141,8,0.75,0,True,True,True,0.0011552870273590088,0.0,0.0,0.0
57,2171,9,0.75,1,True,True,True,0.0016314685344696045,0.0,0.0,0.0
58,2172,10,0.75,2,True,True,True,0.0009281337261199951,0.0,0.0,0.0
59,2174,11,0.75,3,True,True,True,0.0015825331211090088,0.0,0.0,0.0
60,2181,12,1.0,0,True,True,True,0.0008591115474700928,0.0,0.0,0.0
61,2219,13,1.0,1,True,False,False,0.0009749233722686768,121242.64698791504,1.3560056686401367e-06,0.26123690605163574
62,2221,14,1.0,2,True,True,True,0.000858992338180542,0.0,0.0,0.0
63,2387,15,1.0,3,True,True,True,0.0011859238147735596,0.0,0.0,0.0
64,2419,0,0.0,0,True,True,True,0.0010258853435516357,0.0,0.0,0.0
65,2435,1,0.0,1,True,True,True,0.0009269416332244873,0.0,0.0,0.0
66,2451,2,0.0,2,True,False,False,0.001581817865371704,93381.74743652344,0.0,0.08620166778564453
67,2487,3,0.0,3,True,True,True,0.001331239938735962,0.0,0.0,0.0
68,2520,4,0.5,0,True,True,True,0.0012864768505096436,0.0,0.0,0.0
69,2566,5,0.5,1,True,False,False,-0.0061965808272361755,0.0,0.0,0.0
70,2592,6,0.5,2,True,True,True,0.0013223588466644287,0.0,0.0,0.0
71,2595,7,0.5,3,True,False,False,-0.0019187331199645996,0.0,0.0,0.0
72,2624,8,0.75,0,True,True,True,0.0012091100215911865,0.0,0.0,0.0
73,2626,9,0.75,1,True,False,False,0.001188427209854126,133591.10205078125,0.0,0.6288847923278809
74,2656,10,0.75,2,True,True,True,0.0013162791728973389,0.0,0.0,0.0
75,2663,11,0.75,3,True,False,False,0.0017094910144805908,13489931.25,0.00032163120340555906,20.217384338378906
76,2796,12,1.0,0,True,True,False,0.0018288195133209229,0.0,1.049041748046875e-05,0.0
77,2810,13,1.0,1,True,False,False,0.0015290677547454834,119221.74096679688,0.0,0.05072736740112305
78,2812,14,1.0,2,True,False,False,0.0011393725872039795,131008.28564453125,0.0,0.002137422561645508
79,2932,15,1.0,3,True,True,True,0.0011874139308929443,0.0,0.0,0.0
80,2976,0,0.0,0,True,False,False,0.000858992338180542,2617.6572265625,9.5367431640625e-06,0.0
81,3022,1,0.0,1,True,False,False,0.0015583932399749756,133448.84375,0.0,0.0020987987518310547
82,3033,2,0.0,2,True,True,True,0.0017065107822418213,0.0,0.0,0.0
83,3062,3,0.0,3,True,False,False,0.0011130869388580322,100848.931640625,0.0,0.09908723831176758
84,3078,4,0.5,0,True,True,True,0.0017341077327728271,0.0,0.0,0.0
85,3116,5,0.5,1,True,False,False,-0.002340361475944519,130068.244140625,0.0,0.002364635467529297
86,3144,6,0.5,2,True,False,False,0.0008545815944671631,122767.81286621094,9.5367431640625e-07,0.0016055107116699219
87,3209,7,0.5,3,True,True,True,0.0008568465709686279,0.0,0.0,0.0
88,3225,8,0.75,0,True,True,True,0.0012889206409454346,0.0,0.0,0.0
89,3254,9,0.75,1,True,True,True,0.0008599460124969482,0.0,0.0,0.0
90,3275,10,0.75,2,True,True,True,0.0008857548236846924,0.0,0.0,0.0
91,3311,11,0.75,3,True,True,True,0.0010385215282440186,0.0,0.0,0.0
92,3331,12,1.0,0,True,True,True,0.0015507638454437256,0.0,0.0,0.0
93,3411,13,1.0,1,True,False,False,0.0017309486865997314,235157.125,0.0,0.004340648651123047
94,3412,14,1.0,2,True,False,False,0.001775115728378296,569342.8408203125,0.0,0.01889324188232422
95,3434,15,1.0,3,True,False,False,0.001526862382888794,158073.80078125,0.0,0.002106904983520508
96,3510,0,0.0,0,True,False,False,0.0016326606273651123,7409120.203125,5.6743621826171875e-05,15.922840118408203
97,3541,1,0.0,1,True,True,True,0.0012355148792266846,0.0,0.0,0.0
98,3560,2,0.0,2,True,False,False,0.0017223060131072998,133336.8076171875,0.0,0.0021948814392089844
99,3618,3,0.0,3,True,True,True,0.0014159977436065674,0.0,0.0,0.0
100,3620,4,0.5,0,True,False,False,0.0013717114925384521,131922.94189453125,0.0,0.052609920501708984
101,3643,5,0.5,1,True,True,True,0.0012118518352508545,0.0,0.0,0.0
102,3651,6,0.5,2,True,False,False,-0.0012941360473632812,0.0,9.059906005859375e-06,0.0
103,3710,7,0.5,3,True,False,False,0.000931471586227417,126232.9765625,0.0,0.0009758472442626953
104,3822,8,0.75,0,True,True,True,0.0010334551334381104,0.0,0.0,0.0
105,3858,9,0.75,1,True,True,True,0.0010233819484710693,0.0,0.0,0.0
106,3866,10,0.75,2,True,False,False,0.0008834898471832275,2766333.25,1.1444091796875e-05,4.710317611694336
107,3893,11,0.75,3,True,True,True,0.0010679662227630615,0.0,0.0,0.0
108,3982,12,1.0,0,True,True,True,0.000947803258895874,0.0,0.0,0.0
109,4035,13,1.0,1,True,True,True,0.001160353422164917,0.0,0.0,0.0
110,4048,14,1.0,2,True,False,False,0.0015861690044403076,125220.140625,0.0,0.002185344696044922
111,4082,15,1.0,3,True,True,True,0.0015469491481781006,0.0,0.0,0.0
112,4092,0,0.0,0,True,False,False,0.001173943281173706,50430.85546875,0.0,0.0003619194030761719
113,4168,1,0.0,1,True,True,True,0.0008047521114349365,0.0,0.0,0.0
114,4304,2,0.0,2,True,True,True,0.0015539824962615967,0.0,0.0,0.0
115,4309,3,0.0,3,True,False,False,0.0009725987911224365,144277.265625,0.0,0.0011861324310302734
116,4320,4,0.5,0,True,True,True,0.0017587840557098389,0.0,0.0,0.0
117,4358,5,0.5,1,True,True,True,0.0013642609119415283,0.0,0.0,0.0
118,4395,6,0.5,2,True,False,False,0.0017386376857757568,140128.2626953125,4.291534423828125e-06,0.003229379653930664
119,4408,7,0.5,3,True,True,True,0.0013421475887298584,0.0,0.0,0.0
120,4411,8,0.75,0,True,False,False,-0.0021193847060203552,0.0,0.0,0.0
121,4469,9,0.75,1,True,True,True,0.0014251172542572021,0.0,0.0,0.0
122,4522,10,0.75,2,True,True,True,0.0011520683765411377,0.0,0.0,0.0
123,4541,11,0.75,3,True,False,False,0.0009476691484451294,343615.3388671875,0.0,1.363879919052124
124,4579,12,1.0,0,True,False,False,0.0013411939144134521,534290.7946777344,0.0,1.6365230083465576
125,4639,13,1.0,1,True,False,False,0.0016680657863616943,369567.46875,0.0,1.135887861251831
126,4671,14,1.0,2,True,False,False,0.0017780959606170654,721911.25390625,4.291534423828125e-06,0.8862631320953369
127,4706,15,1.0,3,True,False,False,-0.01073533296585083,227062.642578125,0.27795878052711487,46.35310363769531
128,4756,0,0.0,0,True,False,False,0.0009645521640777588,203185.72021484375,3.337860107421875e-06,0.0044040679931640625
129,4763,1,0.0,1,True,True,True,0.001106947660446167,0.0,0.0,0.0
130,4768,2,0.0,2,True,False,False,-0.007457323372364044,0.0,0.0,0.0
131,4776,3,0.0,3,True,True,True,0.001061171293258667,0.0,0.0,0.0
132,4794,4,0.5,0,True,False,False,0.0015790760517120361,128669.84375,0.0,0.17508292198181152
133,4804,5,0.5,1,True,True,True,0.001582711935043335,0.0,0.0,0.0
134,4823,6,0.5,2,True,True,True,0.0012357532978057861,0.0,0.0,0.0
135,4830,7,0.5,3,True,True,True,0.0011517703533172607,0.0,0.0,0.0
136,4852,8,0.75,0,True,True,True,0.001593261957168579,0.0,0.0,0.0
137,4887,9,0.75,1,True,False,False,-0.011356495320796967,0.0,0.0,0.0
138,4919,10,0.75,2,True,False,False,0.0015060007572174072,178258.5908203125,0.0,0.002513408660888672
139,4932,11,0.75,3,True,False,False,0.0013242065906524658,179759.234375,0.0,8.487701416015625e-05
140,4955,12,1.0,0,True,True,True,0.0015416443347930908,0.0,0.0,0.0
141,5101,13,1.0,1,True,False,False,0.001276940107345581,312913.7907714844,0.0,0.0055348873138427734
142,5111,14,1.0,2,True,True,True,0.001055210828781128,0.0,0.0,0.0
143,5168,15,1.0,3,True,False,False,0.0011108815670013428,1333398.765625,0.0,0.6288614273071289
144,5188,0,0.0,0,True,True,True,0.0008711516857147217,0.0,0.0,0.0
145,5216,1,0.0,1,True,True,True,0.0012793242931365967,0.0,0.0,0.0
146,5259,2,0.0,2,True,True,True,0.0013169348239898682,0.0,0.0,0.0
147,5287,3,0.0,3,True,True,True,0.001832813024520874,0.0,0.0,0.0
148,5317,4,0.5,0,True,False,False,0.001686781644821167,118642.1015625,0.0,0.3447151184082031
149,5327,5,0.5,1,True,False,False,-0.00650428980588913,0.0,0.0,0.0
150,5329,6,0.5,2,True,False,False,0.0017844736576080322,131929.5302734375,0.0,0.0028104782104492188
151,5406,7,0.5,3,True,False,False,0.0012618601322174072,177431.33203125,0.0,0.003721952438354492
152,5473,8,0.75,0,True,False,False,0.0014832913875579834,135928.7392578125,0.0,0.00048279762268066406
153,5496,9,0.75,1,True,True,True,0.0014299452304840088,0.0,0.0,0.0
154,5570,10,0.75,2,True,False,False,0.0014075934886932373,124155.40905761719,0.0,0.0015892982482910156
155,5606,11,0.75,3,True,True,True,0.001630157232284546,0.0,0.0,0.0
156,5623,12,1.0,0,True,False,False,-0.008523404598236084,0.0,0.0,0.0
157,5628,13,1.0,1,True,True,True,0.001334160566329956,0.0,0.0,0.0
158,5641,14,1.0,2,True,False,False,0.0014452636241912842,210049.5220336914,0.0,0.005190134048461914
159,5646,15,1.0,3,True,True,True,0.0014445483684539795,0.0,0.0,0.0
160,5674,0,0.0,0,True,False,False,0.0012920200824737549,100885.65852615237,1.430511474609375e-06,0.26569175720214844
161,5697,1,0.0,1,True,False,False,0.0016346871852874756,178917.34211730957,0.0,0.002500772476196289
162,5707,2,0.0,2,True,True,True,0.0015837252140045166,0.0,0.0,0.0
163,5773,3,0.0,3,True,True,True,0.000951617956161499,0.0,0.0,0.0
164,5787,4,0.5,0,True,True,True,0.0011841952800750732,0.0,0.0,0.0
165,5798,5,0.5,1,True,True,True,0.0011969506740570068,0.0,0.0,0.0
166,5849,6,0.5,2,True,False,False,0.0016528069972991943,121321.85083007812,1.9073486328125e-06,0.0022916793823242188
167,5859,7,0.5,3,True,True,True,0.0013327300548553467,0.0,0.0,0.0
168,5861,8,0.75,0,True,True,True,0.0010391771793365479,0.0,0.0,0.0
169,5876,9,0.75,1,True,True,True,0.000949472188949585,0.0,0.0,0.0
170,5915,10,0.75,2,True,True,True,0.0014273226261138916,0.0,0.0,0.0
171,5939,11,0.75,3,True,True,True,0.0008904635906219482,0.0,0.0,0.0
172,5973,12,1.0,0,True,True,True,0.0017479360103607178,0.0,0.0,0.0
173,5975,13,1.0,1,True,True,True,0.0013551414012908936,0.0,0.0,0.0
174,5997,14,1.0,2,True,False,False,-0.014468513429164886,0.0,0.00024948513600975275,0.0039331912994384766
175,6065,15,1.0,3,True,False,False,0.0014904439449310303,134963.13096618652,2.384185791015625e-06,0.013984203338623047
176,6092,0,0.0,0,True,True,True,0.0012641847133636475,0.0,0.0,0.0
177,6100,1,0.0,1,True,True,True,0.001828998327255249,0.0,0.0,0.0
178,6180,2,0.0,2,True,False,False,0.0013935267925262451,224711.1396484375,0.0,0.006058931350708008
179,6233,3,0.0,3,True,False,False,0.0016705691814422607,122887.99438476562,0.0,0.0027441978454589844
180,6249,4,0.5,0,True,True,True,0.0018498003482818604,0.0,0.0,0.0
181,6255,5,0.5,1,True,True,True,0.0017499029636383057,0.0,0.0,0.0
182,6311,6,0.5,2,True,False,False,-0.004442527890205383,92538.4765625,0.0,0.001636505126953125
183,6316,7,0.5,3,True,False,False,0.001247793436050415,102511.91748046875,0.0,0.22530055046081543
184,6361,8,0.75,0,True,True,True,0.0012222230434417725,0.0,0.0,0.0
185,6410,9,0.75,1,True,True,False,0.0010700523853302002,0.0,0.0004316590784583241,0.0
186,6447,10,0.75,2,True,True,True,0.0008043944835662842,0.0,0.0,0.0
187,6464,11,0.75,3,True,False,False,0.0010023415088653564,9864832.1875,0.00015664254897274077,14.468595504760742
188,6523,12,1.0,0,True,True,True,0.0012945830821990967,0.0,0.0,0.0
189,6537,13,1.0,1,True,True,True,0.0008520185947418213,0.0,0.0,0.0
190,6570,14,1.0,2,True,True,False,0.0016613900661468506,0.0,0.0,0.0016150474548339844
191,6572,15,1.0,3,True,False,False,0.0011353790760040283,1307778.53125,0.0,3.5047695636749268
192,6596,0,0.0,0,True,True,True,0.0018155872821807861,0.0,0.0,0.0
193,6605,1,0.0,1,True,False,False,0.0017198026180267334,142058.8212890625,0.0,0.002323627471923828
194,6651,2,0.0,2,True,True,True,0.0009019076824188232,0.0,0.0,0.0
195,6653,3,0.0,3,True,True,True,0.0010679066181182861,0.0,0.0,0.0
196,6748,4,0.5,0,True,False,False,0.0011533796787261963,132401.30712890625,0.0,0.0028731822967529297
197,6761,5,0.5,1,True,False,False,0.0009636580944061279,42729.9765625,0.0,0.0
198,6775,6,0.5,2,True,True,True,0.001088470220565796,0.0,0.0,0.0
199,6777,7,0.5,3,True,True,True,0.0011865198612213135,0.0,0.0,0.0
200,6778,8,0.75,0,True,True,True,0.0010915100574493408,0.0,0.0,0.0
201,6783,9,0.75,1,True,True,True,0.0012427270412445068,0.0,0.0,0.0
202,6787,10,0.75,2,True,True,True,0.0009975135326385498,0.0,0.0,0.0
203,6837,11,0.75,3,True,False,False,0.0014667809009552002,173273.12329101562,0.0,0.004589080810546875
204,6878,12,1.0,0,True,False,False,0.0010198652744293213,122759.86032867432,0.0,0.001348257064819336
205,6992,13,1.0,1,True,True,False,0.0018087923526763916,0.0,6.031990051269531e-05,0.0
206,7044,14,1.0,2,True,True,False,0.00158730149269104,0.0,0.0,0.01034688949584961
207,7056,15,1.0,3,True,True,False,0.0008789598941802979,0.0,0.0,0.016490697860717773
208,7100,0,0.0,0,True,False,False,-0.0055728331208229065,0.0,0.0,0.0
209,7118,1,0.0,1,True,True,True,0.0008966624736785889,0.0,0.0,0.0
210,7139,2,0.0,2,True,False,False,0.001728147268295288,166099.49609375,0.0,0.0029900074005126953
211,7140,3,0.0,3,True,True,True,0.0009525716304779053,0.0,0.0,0.0
212,7192,4,0.5,0,True,True,True,0.0017283856868743896,0.0,0.0,0.0
213,7268,5,0.5,1,True,False,False,0.0013314783573150635,91524.9072265625,0.0,0.0011529922485351562
214,7280,6,0.5,2,True,True,True,0.0008442103862762451,0.0,0.0,0.0
215,7307,7,0.5,3,True,False,False,0.001695483922958374,95145.38150978088,0.0,0.26433706283569336
216,7326,8,0.75,0,True,True,True,0.0012145936489105225,0.0,0.0,0.0
217,7330,9,0.75,1,True,True,True,0.0017008483409881592,0.0,0.0,0.0
218,7338,10,0.75,2,True,False,False,0.0010193288326263428,182248.42602539062,0.0,0.004964590072631836
219,7344,11,0.75,3,True,True,True,0.0008387863636016846,0.0,0.0,0.0
220,7347,12,1.0,0,True,False,False,0.0010554492473602295,156891.88671875,0.0,0.002549886703491211
221,7378,13,1.0,1,True,False,False,-0.0040304288268089294,0.0,0.0,0.0
222,7385,14,1.0,2,True,True,True,0.0014255344867706299,0.0,0.0,0.0
223,7390,15,1.0,3,True,True,True,0.0013830363750457764,0.0,0.0,0.0
224,7470,0,0.0,0,True,True,True,0.0010215938091278076,0.0,0.0,0.0
225,7479,1,0.0,1,True,False,False,0.0011179745197296143,98838.0556640625,0.0,0.0014939308166503906
226,7494,2,0.0,2,True,True,True,0.0010446012020111084,0.0,0.0,0.0
227,7497,3,0.0,3,True,True,True,0.0016082227230072021,0.0,0.0,0.0
228,7540,4,0.5,0,True,True,True,0.0014594495296478271,0.0,0.0,0.0
229,7551,5,0.5,1,True,False,False,-0.00028946995735168457,130883.8701171875,0.0,0.0
230,7576,6,0.5,2,True,True,True,0.0010316073894500732,0.0,0.0,0.0
231,7581,7,0.5,3,True,True,True,0.0008790194988250732,0.0,0.0,0.0
232,7600,8,0.75,0,True,False,False,0.0009424984455108643,133763.4599609375,0.0,0.002699613571166992
233,7609,9,0.75,1,True,True,True,0.0011255443096160889,0.0,0.0,0.0
234,7624,10,0.75,2,True,True,True,0.0016458332538604736,0.0,0.0,0.0
235,7644,11,0.75,3,True,True,True,0.0012319982051849365,0.0,0.0,0.0
236,7685,12,1.0,0,True,False,False,0.0009247362613677979,318457.421875,1.3850919458491262e-05,0.011880874633789062
237,7701,13,1.0,1,True,True,True,0.0013594329357147217,0.0,0.0,0.0
238,7717,14,1.0,2,True,False,False,-0.015669167041778564,131406.12622070312,0.0,0.0068166255950927734
239,7720,15,1.0,3,True,False,False,0.001635223627090454,223747.56481933594,0.0,0.0024552345275878906
240,7724,0,0.0,0,True,False,False,0.001120537519454956,282436.4375,0.0,0.0015091896057128906
241,7800,1,0.0,1,True,True,True,0.0018168389797210693,0.0,0.0,0.0
242,7823,2,0.0,2,True,False,False,0.0016011297702789307,21585257.5,0.0,15.88400650024414
243,7964,3,0.0,3,True,True,True,0.001603931188583374,0.0,0.0,0.0
244,8096,4,0.5,0,True,True,True,0.0018086135387420654,0.0,0.0,0.0
245,8184,5,0.5,1,True,True,True,0.0013469159603118896,0.0,0.0,0.0
246,8192,6,0.5,2,True,False,False,0.0013490021228790283,141216.72534179688,1.9073486328125e-06,0.002663135528564453
247,8228,7,0.5,3,True,False,False,0.0002969801425933838,227905.017578125,0.0,0.0027375221252441406
248,8239,8,0.75,0,True,False,False,0.0017043650150299072,159853.390625,0.0,0.029947519302368164
249,8247,9,0.75,1,True,True,True,0.0016727149486541748,0.0,0.0,0.0
250,8255,10,0.75,2,True,True,True,0.0013035833835601807,0.0,0.0,0.0
251,8380,11,0.75,3,True,True,True,0.0008704960346221924,0.0,0.0,0.0
252,8435,12,1.0,0,True,False,False,0.0012595951557159424,8195579.375,0.0002921439881902188,7.2487335205078125
253,8455,13,1.0,1,True,False,False,0.0015429556369781494,100535.6015625,0.0,0.0011456012725830078
254,8503,14,1.0,2,True,True,True,0.0013920962810516357,0.0,0.0,0.0
255,8555,15,1.0,3,True,True,True,0.0017288625240325928,0.0,0.0,0.0
256,8556,0,0.0,0,True,True,True,0.0008831918239593506,0.0,0.0,0.0
257,8557,1,0.0,1,True,True,True,0.000867694616317749,0.0,0.0,0.0
258,8558,2,0.0,2,True,False,False,0.0010745823383331299,108106.20471382141,0.0,0.4551351070404053
259,8595,3,0.0,3,True,True,True,0.001018613576889038,0.0,0.0,0.0
260,8600,4,0.5,0,True,True,True,0.0013526380062103271,0.0,0.0,0.0
261,8603,5,0.5,1,True,False,False,0.0011478960514068604,3431.6259765625,0.0,0.0
262,8618,6,0.5,2,True,True,True,0.0012011826038360596,0.0,0.0,0.0
263,8765,7,0.5,3,True,True,True,0.0010313689708709717,0.0,0.0,0.0
264,8804,8,0.75,0,True,True,True,0.00040103495121002197,0.0,0.0,0.0
265,8932,9,0.75,1,True,False,False,0.0016108453273773193,6363640.25,5.492371928994544e-05,33.20063400268555
266,8981,10,0.75,2,True,True,True,0.0015872418880462646,0.0,0.0,0.0
267,8993,11,0.75,3,True,True,True,0.0012767612934112549,0.0,0.0,0.0
268,9000,12,1.0,0,True,False,False,-0.000985667109489441,0.0,0.0,0.008542537689208984
269,9011,13,1.0,1,True,False,False,0.0016169846057891846,321351.36328125,0.0,0.0018963813781738281
270,9055,14,1.0,2,True,True,False,0.001746445894241333,0.0,0.0,0.0004942417144775391
271,9088,15,1.0,3,True,True,True,0.0016414225101470947,0.0,0.0,0.0
272,9208,0,0.0,0,True,True,True,0.0016973316669464111,0.0,0.0,0.0
273,9233,1,0.0,1,True,True,True,0.0012694299221038818,0.0,0.0,0.0
274,9244,2,0.0,2,True,True,True,0.001468569040298462,0.0,0.0,0.0
275,9304,3,0.0,3,True,False,False,0.0013596117496490479,784037.302734375,0.0,0.009248495101928711
276,9312,4,0.5,0,True,True,True,0.0008814632892608643,0.0,0.0,0.0
277,9340,5,0.5,1,True,True,True,0.0014062225818634033,0.0,0.0,0.0
278,9392,6,0.5,2,True,False,False,0.0017432868480682373,143994.4407043457,0.0,0.002003192901611328
279,9414,7,0.5,3,True,False,False,0.0012572705745697021,260041.0928955078,0.0,0.0005381107330322266
280,9471,8,0.75,0,True,True,True,0.0010310113430023193,0.0,0.0,0.0
281,9475,9,0.75,1,True,False,False,-0.005634471774101257,0.0,0.0,0.0
282,9532,10,0.75,2,True,False,False,0.0013457238674163818,183113.265625,0.0,0.8080358505249023
283,9545,11,0.75,3,True,True,True,0.001301199197769165,0.0,0.0,0.0
284,9555,12,1.0,0,True,False,False,0.0009521543979644775,96326.88891601562,0.0,0.05867409706115723
285,9599,13,1.0,1,True,False,False,0.0008891522884368896,121390.58284759521,0.0,0.026900291442871094
286,9641,14,1.0,2,True,True,True,0.001137763261795044,0.0,0.0,0.0
287,9656,15,1.0,3,True,False,False,0.0010472238063812256,173980.4530029297,0.0,0.0033140182495117188
288,9673,0,0.0,0,True,False,False,0.0017656981945037842,3974.197265625,0.0,0.0
289,9680,1,0.0,1,True,False,False,0.001238495111465454,213612.1798095703,0.0,0.004273653030395508
290,9689,2,0.0,2,True,True,True,0.0010394752025604248,0.0,0.0,0.0
291,9763,3,0.0,3,True,True,True,0.0011812150478363037,0.0,0.0,0.0
292,9774,4,0.5,0,True,False,False,0.0013010799884796143,116773.95001220703,0.0,0.003139019012451172
293,9782,5,0.5,1,True,True,True,0.0010243356227874756,0.0,0.0,0.0
294,9829,6,0.5,2,True,True,True,0.001848071813583374,0.0,0.0,0.0
295,9855,7,0.5,3,True,False,False,0.0015905797481536865,312084.4013671875,0.0,0.005203962326049805
296,9888,8,0.75,0,True,False,False,0.0015986263751983643,192601.88916015625,0.0,0.00691986083984375
297,9935,9,0.75,1,True,True,True,0.0018479526042938232,0.0,0.0,0.0
298,9958,10,0.75,2,True,True,True,0.001225203275680542,0.0,0.0,0.0
299,9985,11,0.75,3,True,False,False,0.0010821521282196045,125017.06684112549,0.0,0.003482341766357422
300,10034,12,1.0,0,True,True,False,0.001417011022567749,0.0,0.0002211794489994645,0.0
301,10136,13,1.0,1,True,False,False,0.0010438859462738037,54541.9228515625,0.0,0.009876728057861328
302,10148,14,1.0,2,True,True,True,0.001592487096786499,0.0,0.0,0.0
303,10203,15,1.0,3,True,True,True,0.0009033381938934326,0.0,0.0,0.0
304,10219,0,0.0,0,True,True,True,0.0014741122722625732,0.0,0.0,0.0
305,10226,1,0.0,1,True,True,True,0.0011732280254364014,0.0,0.0,0.0
306,10351,2,0.0,2,True,False,False,-0.017523745074868202,126825.33642578125,0.0,4.163741588592529
307,10352,3,0.0,3,True,False,False,0.001037687063217163,150809.19213867188,0.0,0.0034456253051757812
308,10366,4,0.5,0,True,True,True,0.0018478929996490479,0.0,0.0,0.0
309,10386,5,0.5,1,True,True,True,0.0018092095851898193,0.0,0.0,0.0
310,10457,6,0.5,2,True,False,False,0.0008453428745269775,116611.58807373047,0.0,0.006415605545043945
311,10505,7,0.5,3,True,True,True,0.0016629397869110107,0.0,0.0,0.0
312,10567,8,0.75,0,True,False,False,0.0011039674282073975,193245.99267578125,0.0,0.00429081916809082
313,10575,9,0.75,1,True,False,False,0.0014605820178985596,127830.25402832031,0.0,0.18381881713867188
314,10626,10,0.75,2,True,True,True,0.001031249761581421,0.0,0.0,0.0
315,10657,11,0.75,3,True,True,True,0.0010155141353607178,0.0,0.0,0.0
316,10659,12,1.0,0,True,True,True,0.0011375844478607178,0.0,0.0,0.0
317,10719,13,1.0,1,True,False,False,0.0010651051998138428,119394.9697265625,0.0,0.1505424976348877
318,10721,14,1.0,2,True,True,False,0.0013336241245269775,0.0,0.0,0.003765106201171875
319,10730,15,1.0,3,True,False,False,0.0016020238399505615,107815.24609375,0.0,0.0049495697021484375
320,10750,0,0.0,0,True,False,False,0.0017856061458587646,140191.4462890625,0.0,0.0019397735595703125
321,10782,1,0.0,1,True,False,False,0.001336902379989624,124032.5751953125,0.0,0.0027854442596435547
322,10799,2,0.0,2,True,True,True,0.00016589462757110596,0.0,0.0,0.0
323,10848,3,0.0,3,True,False,False,0.001041501760482788,134001.22930908203,0.0,0.002650737762451172
324,11009,4,0.5,0,True,False,False,-0.009788192808628082,133952.50421142578,0.0,0.0023288726806640625
325,11045,5,0.5,1,True,False,False,0.001857846975326538,346476.1904296875,0.0,0.007719993591308594
326,11141,6,0.5,2,True,False,False,0.001024872064590454,1252.4505615234375,0.0,0.0
327,11182,7,0.5,3,True,True,True,0.0010424554347991943,0.0,0.0,0.0
328,11265,8,0.75,0,True,True,True,0.0009553730487823486,0.0,0.0,0.0
329,11268,9,0.75,1,True,True,True,0.0012170374393463135,0.0,0.0,0.0
330,11316,10,0.75,2,True,True,True,0.0013372600078582764,0.0,0.0,0.0
331,11358,11,0.75,3,True,True,True,0.0013490617275238037,0.0,0.0,0.0
332,11411,12,1.0,0,True,False,False,0.0018092095851898193,192569.453125,0.0,0.0016520023345947266
333,11441,13,1.0,1,True,True,True,0.00180855393409729,0.0,2.384185791015625e-07,0.0
334,11452,14,1.0,2,True,True,False,0.001759260892868042,0.0,0.0,0.07989358901977539
335,11461,15,1.0,3,True,True,True,0.0017634332180023193,0.0,0.0,0.0
336,11466,0,0.0,0,True,True,True,0.0014533698558807373,0.0,0.0,0.0
337,11583,1,0.0,1,True,True,True,0.0017043054103851318,0.0,0.0,0.0
338,11608,2,0.0,2,True,True,True,0.001200944185256958,0.0,0.0,0.0
339,11626,3,0.0,3,True,True,True,0.001467198133468628,0.0,0.0,0.0
340,11666,4,0.5,0,True,True,True,0.0008920729160308838,0.0,0.0,0.0
341,11676,5,0.5,1,True,False,False,0.001451939344406128,127160.6201171875,1.9073486328125e-06,0.002518177032470703
342,11690,6,0.5,2,True,True,True,0.001732856035232544,0.0,0.0,0.0
343,11706,7,0.5,3,True,True,True,0.001344054937362671,0.0,0.0,0.0
344,11789,8,0.75,0,True,True,True,0.0010429322719573975,0.0,0.0,0.0
345,11828,9,0.75,1,True,False,False,0.001812666654586792,672913.4423828125,0.0,0.010838747024536133
346,11848,10,0.75,2,True,True,True,0.0015974342823028564,0.0,0.0,0.0
347,11908,11,0.75,3,True,False,False,0.0008042752742767334,149758.85278320312,0.0,0.003212451934814453
348,11972,12,1.0,0,True,False,False,-0.013139048591256142,118512.97229003906,7.450580596923828e-05,14.026857376098633
349,11988,13,1.0,1,True,False,False,0.0014242827892303467,160773.6112060547,0.0,0.0013308525085449219
350,12035,14,1.0,2,True,False,False,0.0014528930187225342,3544535.73046875,0.0,5.279351234436035
351,12056,15,1.0,3,True,False,False,0.0013057887554168701,135060.2021484375,0.0,0.0012514591217041016
352,12059,0,0.0,0,True,True,True,0.0016531646251678467,0.0,0.0,0.0
353,12107,1,0.0,1,True,False,False,0.0015027821063995361,282010.935546875,0.0,0.006140232086181641
354,12130,2,0.0,2,True,True,True,0.0011291205883026123,0.0,0.0,0.0
355,12200,3,0.0,3,True,False,False,0.0015875399112701416,9733962.65234375,1.621246337890625e-05,22.104623794555664
356,12235,4,0.5,0,True,True,True,0.0012858808040618896,0.0,0.0,0.0
357,12317,5,0.5,1,True,False,False,0.0010075271129608154,480268.541015625,0.0,0.011063098907470703
358,12471,6,0.5,2,True,True,True,0.0018003284931182861,0.0,0.0,0.0
359,12491,7,0.5,3,True,False,False,0.0016981661319732666,271177.8447265625,0.0,0.0033991336822509766
360,12505,8,0.75,0,True,True,True,0.0015113651752471924,0.0,0.0,0.0
361,12513,9,0.75,1,True,False,False,0.0009050667285919189,130813.6806640625,0.0,0.2841970920562744
362,12617,10,0.75,2,True,False,False,-0.0021947845816612244,125821.66760253906,0.0,0.475048303604126
363,12666,11,0.75,3,True,True,True,0.001061767339706421,0.0,0.0,0.0
364,12714,12,1.0,0,True,True,True,0.001843780279159546,0.0,0.0,0.0
365,12755,13,1.0,1,True,False,False,0.0014812648296356201,125643.40319824219,0.0,0.0028083324432373047
366,12767,14,1.0,2,True,True,True,0.0015087425708770752,0.0,0.0,0.0
367,12802,15,1.0,3,True,True,True,0.0011760890483856201,0.0,0.0,0.0
368,12809,0,0.0,0,True,False,False,0.0014190375804901123,278300.6484375,0.0,0.0022535324096679688
369,12836,1,0.0,1,True,False,False,0.001548856496810913,405183.068359375,0.0,0.005800485610961914
370,12841,2,0.0,2,True,True,True,0.0016637742519378662,0.0,0.0,0.0
371,12855,3,0.0,3,True,False,False,0.0015245378017425537,92084.32421875,0.0,0.0014073848724365234
372,12880,4,0.5,0,True,True,True,0.0009070336818695068,0.0,0.0,0.0
373,12891,5,0.5,1,True,True,True,0.001048058271408081,0.0,0.0,0.0
374,12894,6,0.5,2,True,True,True,0.0011179745197296143,0.0,0.0,0.0
375,12915,7,0.5,3,True,False,False,0.0008075535297393799,419696.3232421875,0.0,0.007021665573120117
376,12946,8,0.75,0,True,False,False,-0.006726130843162537,0.0,0.0,0.0
377,13052,9,0.75,1,True,False,False,0.0012278258800506592,100022.650390625,0.0,0.4230031967163086
378,13059,10,0.75,2,True,True,True,0.0014184415340423584,0.0,9.5367431640625e-07,0.0
379,13064,11,0.75,3,True,False,False,0.001256316900253296,237586.625,0.0,0.001344919204711914
380,13090,12,1.0,0,True,True,True,0.0012898743152618408,0.0,0.0,0.0
381,13114,13,1.0,1,True,True,True,0.0013134181499481201,0.0,0.0,0.0
382,13127,14,1.0,2,True,True,True,0.001420825719833374,0.0,0.0,0.0
383,13144,15,1.0,3,True,False,False,0.0010773241519927979,92522.46875,0.0,0.00055694580078125
384,13145,0,0.0,0,True,False,False,0.0011544525623321533,312948.09765625,0.0,0.006268024444580078
385,13150,1,0.0,1,True,False,False,0.001252204179763794,234884.96875,0.0,0.0061779022216796875
386,13151,2,0.0,2,True,False,False,0.0009218156337738037,135618.74829101562,0.0,0.002404451370239258
387,13269,3,0.0,3,True,False,False,0.0009817779064178467,98169.6650390625,0.0,0.0022635459899902344
388,13284,4,0.5,0,True,False,False,0.0012831389904022217,26881.513671875,0.0,0.0
389,13289,5,0.5,1,True,False,False,0.0009216368198394775,143280.67822265625,0.0,0.002635955810546875
390,13336,6,0.5,2,True,False,False,0.0008077323436737061,135455.41064453125,0.0,0.23346447944641113
391,13392,7,0.5,3,True,True,True,0.0010068714618682861,0.0,0.0,0.0
392,13488,8,0.75,0,True,False,False,-0.021533071994781494,137487.8911743164,0.0,0.6433038711547852
393,13502,9,0.75,1,True,True,True,0.001806706190109253,0.0,0.0,0.0
394,13560,10,0.75,2,True,False,False,0.0010332763195037842,49282.35498046875,0.0,0.49893665313720703
395,13562,11,0.75,3,True,False,False,0.000855177640914917,157310.587890625,0.0,0.003725290298461914
396,13613,12,1.0,0,True,False,False,0.001297682523727417,194497.693359375,1.9073486328125e-06,0.0
397,13627,13,1.0,1,True,True,True,0.0012589991092681885,0.0,0.0,0.0
398,13631,14,1.0,2,True,False,False,-0.009145766496658325,0.0,0.0,0.014895915985107422
399,13654,15,1.0,3,True,False,False,0.0012112557888031006,109852.9638671875,0.0,0.0019478797912597656
400,13658,0,0.0,0,True,False,False,0.001260608434677124,99080.49963378906,0.0,0.31113290786743164
401,13670,1,0.0,1,True,True,True,0.0011381208896636963,0.0,0.0,0.0
402,13704,2,0.0,2,True,True,True,0.0010626018047332764,0.0,0.0,0.0
403,13792,3,0.0,3,True,True,True,0.0014421641826629639,0.0,0.0,0.0
404,13807,4,0.5,0,True,True,True,6.385147571563721e-05,0.0,0.0,0.0
405,13838,5,0.5,1,True,False,False,0.0015983879566192627,5842.71240234375,0.0,0.0
406,13873,6,0.5,2,True,True,True,0.000858992338180542,0.0,4.291534423828125e-06,0.0
407,13893,7,0.5,3,True,True,True,0.0012614428997039795,0.0,0.0,0.0
408,13908,8,0.75,0,True,False,False,0.0011378228664398193,104133.12548828125,0.0,0.0010738372802734375
409,13942,9,0.75,1,True,False,False,0.0012403428554534912,7688888.1875,0.0,26.02585792541504
410,13953,10,0.75,2,True,False,False,0.00180855393409729,139903.1669921875,0.0,0.0018682479858398438
411,13972,11,0.75,3,True,False,False,0.000883251428604126,1555.9326171875,0.0,0.0
412,13990,12,1.0,0,True,True,True,0.001353234052658081,0.0,0.0,0.0
413,14003,13,1.0,1,True,True,True,0.0013388097286224365,0.0,0.0,0.0
414,14019,14,1.0,2,True,False,False,-0.022416137158870697,469.43389892578125,0.0,0.0
415,14071,15,1.0,3,True,True,False,0.0008518397808074951,0.0,0.0,0.011517047882080078
416,14080,0,0.0,0,True,False,False,0.0017177760601043701,145702.140625,0.0,0.001981973648071289
417,14088,1,0.0,1,True,True,True,0.0013141334056854248,0.0,0.0,0.0
418,14113,2,0.0,2,True,False,False,0.0008130371570587158,141760.35986328125,0.0,0.001708984375
419,14153,3,0.0,3,True,True,True,0.0009060800075531006,0.0,0.0,0.0
420,14161,4,0.5,0,True,True,True,0.0015145838260650635,0.0,0.0,0.0
421,14196,5,0.5,1,True,True,True,0.0014114677906036377,0.0,0.0,0.0
422,14278,6,0.5,2,True,True,True,0.0008486807346343994,0.0,0.0,0.0
423,14306,7,0.5,3,True,False,False,0.0013780295848846436,166785.94506835938,0.0,0.0020198822021484375
424,14342,8,0.75,0,True,False,False,0.0011909902095794678,356826.296875,0.0,0.00985407829284668
425,14351,9,0.75,1,True,False,False,0.0010902583599090576,131643.51333618164,2.765655517578125e-05,1.3910558223724365
426,14383,10,0.75,2,True,True,True,0.0010639727115631104,0.0,0.0,0.0
427,14418,11,0.75,3,True,True,True,0.0016140639781951904,0.0,0.0,0.0
428,14423,12,1.0,0,True,True,True,0.0016566216945648193,0.0,0.0,0.0
429,14427,13,1.0,1,True,False,False,0.0010522902011871338,79980.4765625,0.0,0.04449200630187988
430,14462,14,1.0,2,True,True,True,0.0012585818767547607,0.0,0.0,0.0
431,14500,15,1.0,3,True,False,False,0.0008783638477325439,130941.57397460938,0.0,0.3961222171783447
432,14565,0,0.0,0,True,True,True,0.0016724765300750732,0.0,0.0,0.0
433,14618,1,0.0,1,True,True,True,0.0011161118745803833,0.0,0.0,0.0
434,14665,2,0.0,2,True,False,False,0.0008585155010223389,129465.70446777344,0.0,0.002667665481567383
435,14777,3,0.0,3,True,False,False,0.000936359167098999,232103.3270263672,0.0,0.003066539764404297
436,14783,4,0.5,0,True,True,True,0.0011284053325653076,0.0,0.0,0.0
437,14787,5,0.5,1,True,True,True,0.001843482255935669,0.0,0.0,0.0
438,14794,6,0.5,2,True,False,False,0.0013361871242523193,286407.23779296875,0.0,0.003387928009033203
439,14838,7,0.5,3,True,False,False,0.001309722661972046,1308775.61328125,0.0,3.5355966091156006
440,14848,8,0.75,0,True,False,False,0.0014540255069732666,1536964.375,0.0,3.3531181812286377
441,14887,9,0.75,1,True,True,True,0.0008545815944671631,0.0,0.0,0.0
442,14893,10,0.75,2,True,True,True,0.0013602674007415771,0.0,0.0,0.0
443,14899,11,0.75,3,True,True,True,0.00143393874168396,0.0,0.0,0.0
444,14987,12,1.0,0,True,True,True,0.0012315213680267334,0.0,0.0,0.0
445,15001,13,1.0,1,True,True,True,0.0016872584819793701,0.0,0.0,0.0
446,15059,14,1.0,2,True,False,False,0.0009150207042694092,133094.0926513672,0.0,0.42861413955688477
447,15070,15,1.0,3,True,True,True,0.0017419159412384033,0.0,0.0,0.0
448,15094,0,0.0,0,True,False,False,0.0008473098278045654,115605.599609375,0.0,0.0017845630645751953
449,15205,1,0.0,1,True,True,True,0.0008210241794586182,0.0,0.0,0.0
450,15211,2,0.0,2,True,True,True,0.0013211071491241455,0.0,0.0,0.0
451,15246,3,0.0,3,True,True,True,0.0017683207988739014,0.0,0.0,0.0
452,15269,4,0.5,0,True,True,True,0.001374751329421997,0.0,0.0,0.0
453,15273,5,0.5,1,True,False,False,0.0014275014400482178,102920.07116699219,8.106231689453125e-06,0.32204771041870117
454,15279,6,0.5,2,True,True,True,0.0013916194438934326,0.0,0.0,0.0
455,15281,7,0.5,3,True,True,True,0.0014700591564178467,0.0,0.0,0.0
456,15333,8,0.75,0,True,False,False,0.0011437833309173584,230317.6864013672,1.728534698486328e-05,0.0035517215728759766
457,15368,9,0.75,1,True,False,False,0.001231163740158081,172106.697265625,0.0,0.0025663375854492188
458,15398,10,0.75,2,True,False,False,0.0015433728694915771,125172.54995727539,0.0,0.0016832351684570312
459,15406,11,0.75,3,True,False,False,0.0016432702541351318,98129.54443359375,0.0,0.002345561981201172
460,15427,12,1.0,0,True,True,True,0.001445680856704712,0.0,0.0,0.0
461,15462,13,1.0,1,True,False,False,0.0014815032482147217,118910.69366455078,0.0,0.053498029708862305
462,15483,14,1.0,2,True,False,False,0.0012542307376861572,178207.6904296875,4.76837158203125e-07,0.8187675476074219
463,15502,15,1.0,3,True,False,False,0.001252681016921997,118801.6796875,0.0,0.12435078620910645
464,15585,0,0.0,0,True,False,False,0.0009498298168182373,108516.99230957031,0.0,0.3137199878692627
465,15605,1,0.0,1,True,False,False,0.001059204339981079,17828.94921875,0.0,0.0
466,15665,2,0.0,2,True,False,False,0.0008148849010467529,168279.015625,0.0,0.0033218860626220703
467,15706,3,0.0,3,True,False,False,-0.006181024014949799,0.0,0.0,0.0
468,15828,4,0.5,0,True,True,True,0.0011276304721832275,0.0,0.0,0.0
469,15852,5,0.5,1,True,True,True,0.0014537274837493896,0.0,0.0,0.0
470,15874,6,0.5,2,True,False,False,0.0016675889492034912,131093.0086669922,8.106231689453125e-06,0.0019156932830810547
471,15883,7,0.5,3,True,False,False,0.0016204416751861572,102532.36328125,0.0,0.004036426544189453
472,15905,8,0.75,0,True,False,False,0.001394718885421753,179897.4375,0.0,0.003949880599975586
473,15921,9,0.75,1,True,False,False,0.0012018382549285889,207687.091796875,0.0,0.003911733627319336
474,15932,10,0.75,2,True,True,True,0.0015745460987091064,0.0,0.0,0.0
475,15963,11,0.75,3,True,False,False,0.0014313161373138428,429060.0625,0.0,0.009893178939819336
476,16066,12,1.0,0,True,True,True,0.0016349256038665771,0.0,0.0,0.0
477,16138,13,1.0,1,True,False,False,-0.011096440255641937,0.0,5.066394805908203e-07,0.0
478,16175,14,1.0,2,True,False,False,0.0011201202869415283,183872.703125,0.0,0.576073408126831
479,16176,15,1.0,3,True,True,True,0.0012440979480743408,0.0,0.0,0.0
480,16247,0,0.0,0,True,True,True,0.0013154447078704834,0.0,0.0,0.0
481,16454,1,0.0,1,True,True,True,0.0014288723468780518,0.0,0.0,0.0
482,16470,2,0.0,2,True,False,False,-0.014251708984375,0.0,0.0,0.0
483,16481,3,0.0,3,True,False,False,7.230043411254883e-05,125464.71875,0.0,0.0017592906951904297
484,16486,4,0.5,0,True,True,True,0.0009207427501678467,0.0,0.0,0.0
485,16496,5,0.5,1,True,True,True,0.001394420862197876,0.0,0.0,0.0
486,16499,6,0.5,2,True,True,True,0.001278012990951538,0.0,0.0,0.0
487,16539,7,0.5,3,True,False,False,-0.001237913966178894,0.0,0.0,0.0
488,16570,8,0.75,0,True,False,False,0.0014645159244537354,134842.4737548828,0.0,0.26181983947753906
489,16658,9,0.75,1,True,True,True,0.0015251338481903076,0.0,0.0,0.0
490,16678,10,0.75,2,True,False,False,0.0017427504062652588,136061.04565429688,0.0,0.33112525939941406
491,16728,11,0.75,3,True,True,True,0.001109093427658081,0.0,0.0,0.0
492,16765,12,1.0,0,True,False,False,0.0018346011638641357,73787.408203125,2.384185791015625e-06,0.042166948318481445
493,16854,13,1.0,1,True,False,False,0.0009444653987884521,369542.01171875,0.0,0.006512641906738281
494,16886,14,1.0,2,True,True,True,0.0008949339389801025,0.0,0.0,0.0
495,16894,15,1.0,3,True,True,False,0.000858992338180542,0.0,1.71661376953125e-05,0.0
496,16924,0,0.0,0,True,False,False,0.001635521650314331,21586.107421875,0.0,4.4894022941589355
497,17031,1,0.0,1,True,True,True,0.001488715410232544,0.0,0.0,0.0
498,17032,2,0.0,2,True,False,False,0.0014074742794036865,374970.43701171875,0.0,1.2962238788604736
499,17082,3,0.0,3,True,True,True,0.0011746585369110107,0.0,0.0,0.0
500,17117,4,0.5,0,True,False,False,0.0014615952968597412,353582.375,0.0,0.005934476852416992
501,17126,5,0.5,1,True,True,True,0.0010659992694854736,0.0,0.0,0.0
502,17128,6,0.5,2,True,True,True,0.0017791688442230225,0.0,0.0,0.0
503,17186,7,0.5,3,True,True,True,0.0015384852886199951,0.0,0.0,0.0
504,17209,8,0.75,0,True,False,False,0.0013973414897918701,167335.3017578125,0.0,0.004223346710205078
505,17305,9,0.75,1,True,False,False,-0.006191037595272064,0.0,0.0,0.0
506,17315,10,0.75,2,True,True,True,0.0015094578266143799,0.0,0.0,0.0
507,17325,11,0.75,3,True,True,True,0.0010043084621429443,0.0,0.0,0.0
508,17412,12,1.0,0,True,False,False,0.0018288791179656982,15310970.5,0.0007243083091452718,30.674570083618164
509,17417,13,1.0,1,True,True,True,0.001224607229232788,0.0,0.0,0.0
510,17485,14,1.0,2,True,False,False,0.001126617193222046,27423.82421875,0.0,0.02817702293395996
511,17494,15,1.0,3,True,False,False,-0.02345021814107895,125286.6953125,0.0,0.09891557693481445
