column,native_name,controlled26,position_lower,position_upper,observed_q_min,observed_q_max,native_vmax,observed_qd_min,observed_qd_max,negative_vmax_count,positive_vmax_count,scope
0,F_L/fr3_joint1,True,-2.743699789047241,2.743699789047241,-2.743699789047241,2.743699789047241,2.619999647140503,-2.619999647140503,2.619999647140503,8,8,DEVELOPMENT_PROPOSALS_ONLY_NOT_NATIVE
1,F_L/fr3_joint2,True,-1.7836999893188477,1.7836999893188477,-1.7836999893188477,1.7836999893188477,2.619999647140503,-2.619999647140503,2.619999647140503,8,8,DEVELOPMENT_PROPOSALS_ONLY_NOT_NATIVE
2,F_L/fr3_joint3,True,-2.9006998538970947,2.9006998538970947,-2.9006998538970947,2.9006998538970947,2.619999647140503,-2.619999647140503,2.619999647140503,8,8,DEVELOPMENT_PROPOSALS_ONLY_NOT_NATIVE
3,F_L/fr3_joint4,True,-3.042099952697754,-0.1517999917268753,-3.042099952697754,-0.1517999917268753,2.619999647140503,-2.619999647140503,2.619999647140503,8,8,DEVELOPMENT_PROPOSALS_ONLY_NOT_NATIVE
4,F_L/fr3_joint5,True,-2.80649995803833,2.80649995803833,-2.80649995803833,2.80649995803833,5.260000228881836,-5.260000228881836,5.260000228881836,8,8,DEVELOPMENT_PROPOSALS_ONLY_NOT_NATIVE
5,F_L/fr3_joint6,True,0.544499933719635,4.516899585723877,0.544499933719635,4.516899585723877,4.179999828338623,-4.179999828338623,4.179999828338623,8,8,DEVELOPMENT_PROPOSALS_ONLY_NOT_NATIVE
6,F_L/fr3_joint7,True,-3.015899658203125,3.015899658203125,-3.015899658203125,3.015899658203125,5.260000228881836,-5.260000228881836,5.260000228881836,8,8,DEVELOPMENT_PROPOSALS_ONLY_NOT_NATIVE
7,F_L/left_index_1_joint,False,0.0,1.4659998416900635,0.0,1.4659998416900635,6.28000020980835,-6.28000020980835,6.28000020980835,8,8,DEVELOPMENT_PROPOSALS_ONLY_NOT_NATIVE
8,F_L/left_middle_1_joint,False,0.0,1.4659998416900635,0.0,1.4659998416900635,6.28000020980835,-6.28000020980835,6.28000020980835,8,8,DEVELOPMENT_PROPOSALS_ONLY_NOT_NATIVE
9,F_L/left_pinky_1_joint,False,0.0,1.4659998416900635,0.0,1.4659998416900635,6.28000020980835,-6.28000020980835,6.28000020980835,8,8,DEVELOPMENT_PROPOSALS_ONLY_NOT_NATIVE
10,F_L/left_ring_1_joint,False,0.0,1.4659998416900635,0.0,1.4659998416900635,6.28000020980835,-6.28000020980835,6.28000020980835,8,8,DEVELOPMENT_PROPOSALS_ONLY_NOT_NATIVE
11,F_L/left_thumb_1_joint,False,0.0,1.9999998807907104,0.0,1.9999998807907104,6.28000020980835,-6.28000020980835,6.28000020980835,8,8,DEVELOPMENT_PROPOSALS_ONLY_NOT_NATIVE
12,F_L/left_index_2_joint,False,0.0,1.6924998760223389,0.0,1.6924998760223389,6.28000020980835,-6.28000020980835,6.28000020980835,8,8,DEVELOPMENT_PROPOSALS_ONLY_NOT_NATIVE
13,F_L/left_middle_2_joint,False,0.0,1.6924998760223389,0.0,1.6924998760223389,6.28000020980835,-6.28000020980835,6.28000020980835,8,8,DEVELOPMENT_PROPOSALS_ONLY_NOT_NATIVE
14,F_L/left_pinky_2_joint,False,0.0,1.6924998760223389,0.0,1.6924998760223389,6.28000020980835,-6.28000020980835,6.28000020980835,8,8,DEVELOPMENT_PROPOSALS_ONLY_NOT_NATIVE
15,F_L/left_ring_2_joint,False,0.0,1.6924998760223389,0.0,1.6924998760223389,6.28000020980835,-6.28000020980835,6.28000020980835,8,8,DEVELOPMENT_PROPOSALS_ONLY_NOT_NATIVE
16,F_L/left_thumb_2_joint,False,0.0,0.7853999733924866,0.0,0.7853999733924866,6.28000020980835,-6.28000020980835,6.28000020980835,8,8,DEVELOPMENT_PROPOSALS_ONLY_NOT_NATIVE
17,F_L/left_thumb_3_joint,False,0.0,0.5672320127487183,0.0,0.5672320127487183,6.28000020980835,-6.28000020980835,6.28000020980835,8,8,DEVELOPMENT_PROPOSALS_ONLY_NOT_NATIVE
18,F_L/left_thumb_4_joint,False,0.0,0.39570000767707825,0.0,0.39570000767707825,6.28000020980835,-6.28000020980835,6.28000020980835,8,8,DEVELOPMENT_PROPOSALS_ONLY_NOT_NATIVE
19,F_R/fr3_joint1,True,-2.743699789047241,2.743699789047241,-2.743699789047241,2.743699789047241,2.619999647140503,-2.619999647140503,2.619999647140503,8,8,DEVELOPMENT_PROPOSALS_ONLY_NOT_NATIVE
20,F_R/fr3_joint2,True,-1.7836999893188477,1.7836999893188477,-1.7836999893188477,1.7836999893188477,2.619999647140503,-2.619999647140503,2.619999647140503,8,8,DEVELOPMENT_PROPOSALS_ONLY_NOT_NATIVE
21,F_R/fr3_joint3,True,-2.9006998538970947,2.9006998538970947,-2.9006998538970947,2.9006998538970947,2.619999647140503,-2.619999647140503,2.619999647140503,8,8,DEVELOPMENT_PROPOSALS_ONLY_NOT_NATIVE
22,F_R/fr3_joint4,True,-3.042099952697754,-0.1517999917268753,-3.042099952697754,-0.1517999917268753,2.619999647140503,-2.619999647140503,2.619999647140503,8,8,DEVELOPMENT_PROPOSALS_ONLY_NOT_NATIVE
23,F_R/fr3_joint5,True,-2.80649995803833,2.80649995803833,-2.80649995803833,2.80649995803833,5.260000228881836,-5.260000228881836,5.260000228881836,8,8,DEVELOPMENT_PROPOSALS_ONLY_NOT_NATIVE
24,F_R/fr3_joint6,True,0.544499933719635,4.516899585723877,0.544499933719635,4.516899585723877,4.179999828338623,-4.179999828338623,4.179999828338623,8,8,DEVELOPMENT_PROPOSALS_ONLY_NOT_NATIVE
25,F_R/fr3_joint7,True,-3.015899658203125,3.015899658203125,-3.015899658203125,3.015899658203125,5.260000228881836,-5.260000228881836,5.260000228881836,8,8,DEVELOPMENT_PROPOSALS_ONLY_NOT_NATIVE
26,F_R/right_index_1_joint,False,0.0,1.4659998416900635,0.0,1.4659998416900635,6.28000020980835,-6.28000020980835,6.28000020980835,8,8,DEVELOPMENT_PROPOSALS_ONLY_NOT_NATIVE
27,F_R/right_middle_1_joint,False,0.0,1.4659998416900635,0.0,1.4659998416900635,6.28000020980835,-6.28000020980835,6.28000020980835,8,8,DEVELOPMENT_PROPOSALS_ONLY_NOT_NATIVE
28,F_R/right_pinky_1_joint,False,0.0,1.4659998416900635,0.0,1.4659998416900635,6.28000020980835,-6.28000020980835,6.28000020980835,8,8,DEVELOPMENT_PROPOSALS_ONLY_NOT_NATIVE
29,F_R/right_ring_1_joint,False,0.0,1.4659998416900635,0.0,1.4659998416900635,6.28000020980835,-6.28000020980835,6.28000020980835,8,8,DEVELOPMENT_PROPOSALS_ONLY_NOT_NATIVE
30,F_R/right_thumb_1_joint,False,0.0,1.9999998807907104,0.0,1.9999998807907104,6.28000020980835,-6.28000020980835,6.28000020980835,8,8,DEVELOPMENT_PROPOSALS_ONLY_NOT_NATIVE
31,F_R/right_index_2_joint,False,0.0,1.6924998760223389,0.0,1.6924998760223389,6.28000020980835,-6.28000020980835,6.28000020980835,8,8,DEVELOPMENT_PROPOSALS_ONLY_NOT_NATIVE
32,F_R/right_middle_2_joint,False,0.0,1.6924998760223389,0.0,1.6924998760223389,6.28000020980835,-6.28000020980835,6.28000020980835,8,8,DEVELOPMENT_PROPOSALS_ONLY_NOT_NATIVE
33,F_R/right_pinky_2_joint,False,0.0,1.6924998760223389,0.0,1.6924998760223389,6.28000020980835,-6.28000020980835,6.28000020980835,8,8,DEVELOPMENT_PROPOSALS_ONLY_NOT_NATIVE
34,F_R/right_ring_2_joint,False,0.0,1.6924998760223389,0.0,1.6924998760223389,6.28000020980835,-6.28000020980835,6.28000020980835,8,8,DEVELOPMENT_PROPOSALS_ONLY_NOT_NATIVE
35,F_R/right_thumb_2_joint,False,0.0,0.7853999733924866,0.0,0.7853999733924866,6.28000020980835,-6.28000020980835,6.28000020980835,8,8,DEVELOPMENT_PROPOSALS_ONLY_NOT_NATIVE
36,F_R/right_thumb_3_joint,False,0.0,0.5672320127487183,0.0,0.5672320127487183,6.28000020980835,-6.28000020980835,6.28000020980835,8,8,DEVELOPMENT_PROPOSALS_ONLY_NOT_NATIVE
37,F_R/right_thumb_4_joint,False,0.0,0.39570000767707825,0.0,0.39570000767707825,6.28000020980835,-6.28000020980835,6.28000020980835,8,8,DEVELOPMENT_PROPOSALS_ONLY_NOT_NATIVE
38,U_L/shoulder_pan_joint,True,-6.2831854820251465,6.2831854820251465,-6.2831854820251465,6.2831854820251465,3.1415998935699463,-3.1415998935699463,3.1415998935699463,8,8,DEVELOPMENT_PROPOSALS_ONLY_NOT_NATIVE
39,U_L/shoulder_lift_joint,True,-6.2831854820251465,6.2831854820251465,-6.2831854820251465,6.2831854820251465,3.1415998935699463,-3.1415998935699463,3.1415998935699463,8,8,DEVELOPMENT_PROPOSALS_ONLY_NOT_NATIVE
40,U_L/elbow_joint,True,-3.1415927410125732,3.1415927410125732,-3.1415927410125732,3.1415927410125732,3.1415998935699463,-3.1415998935699463,3.1415998935699463,8,8,DEVELOPMENT_PROPOSALS_ONLY_NOT_NATIVE
41,U_L/wrist_1_joint,True,-6.2831854820251465,6.2831854820251465,-6.2831854820251465,6.2831854820251465,3.1415998935699463,-3.1415998935699463,3.1415998935699463,8,8,DEVELOPMENT_PROPOSALS_ONLY_NOT_NATIVE
42,U_L/wrist_2_joint,True,-6.2831854820251465,6.2831854820251465,-6.2831854820251465,6.2831854820251465,3.1415998935699463,-3.1415998935699463,3.1415998935699463,8,8,DEVELOPMENT_PROPOSALS_ONLY_NOT_NATIVE
43,U_L/wrist_3_joint,True,-6.2831854820251465,6.2831854820251465,-6.2831854820251465,6.2831854820251465,3.1415998935699463,-3.1415998935699463,3.1415998935699463,8,8,DEVELOPMENT_PROPOSALS_ONLY_NOT_NATIVE
44,U_L/left_index_1_joint,False,0.0,1.3442769050598145,0.0,1.3442769050598145,6.28000020980835,-6.28000020980835,6.28000020980835,8,8,DEVELOPMENT_PROPOSALS_ONLY_NOT_NATIVE
45,U_L/left_little_1_joint,False,0.0,1.3442769050598145,0.0,1.3442769050598145,6.28000020980835,-6.28000020980835,6.28000020980835,8,8,DEVELOPMENT_PROPOSALS_ONLY_NOT_NATIVE
46,U_L/left_middle_1_joint,False,0.0,1.3442769050598145,0.0,1.3442769050598145,6.28000020980835,-6.28000020980835,6.28000020980835,8,8,DEVELOPMENT_PROPOSALS_ONLY_NOT_NATIVE
47,U_L/left_ring_1_joint,False,0.0,1.3442769050598145,0.0,1.3442769050598145,6.28000020980835,-6.28000020980835,6.28000020980835,8,8,DEVELOPMENT_PROPOSALS_ONLY_NOT_NATIVE
48,U_L/left_thumb_1_joint,False,0.0,1.310383915901184,0.0,1.310383915901184,6.28000020980835,-6.28000020980835,6.28000020980835,8,8,DEVELOPMENT_PROPOSALS_ONLY_NOT_NATIVE
49,U_L/left_index_2_joint,False,0.0,1.5956199169158936,0.0,1.5956199169158936,6.28000020980835,-6.28000020980835,6.28000020980835,8,8,DEVELOPMENT_PROPOSALS_ONLY_NOT_NATIVE
50,U_L/left_little_2_joint,False,0.0,1.5956199169158936,0.0,1.5956199169158936,6.28000020980835,-6.28000020980835,6.28000020980835,8,8,DEVELOPMENT_PROPOSALS_ONLY_NOT_NATIVE
51,U_L/left_middle_2_joint,False,0.0,1.5956199169158936,0.0,1.5956199169158936,6.28000020980835,-6.28000020980835,6.28000020980835,8,8,DEVELOPMENT_PROPOSALS_ONLY_NOT_NATIVE
52,U_L/left_ring_2_joint,False,0.0,1.5956199169158936,0.0,1.5956199169158936,6.28000020980835,-6.28000020980835,6.28000020980835,8,8,DEVELOPMENT_PROPOSALS_ONLY_NOT_NATIVE
53,U_L/left_thumb_2_joint,False,0.0,0.5234770178794861,0.0,0.5234770178794861,6.28000020980835,-6.28000020980835,6.28000020980835,8,8,DEVELOPMENT_PROPOSALS_ONLY_NOT_NATIVE
54,U_L/left_thumb_3_joint,False,0.0,0.6068440079689026,0.0,0.6068440079689026,6.28000020980835,-6.28000020980835,6.28000020980835,8,8,DEVELOPMENT_PROPOSALS_ONLY_NOT_NATIVE
55,U_L/left_thumb_4_joint,False,0.0,0.43086597323417664,0.0,0.43086597323417664,6.28000020980835,-6.28000020980835,6.28000020980835,8,8,DEVELOPMENT_PROPOSALS_ONLY_NOT_NATIVE
56,U_R/shoulder_pan_joint,True,-6.2831854820251465,6.2831854820251465,-6.2831854820251465,6.2831854820251465,3.1415998935699463,-3.1415998935699463,3.1415998935699463,8,8,DEVELOPMENT_PROPOSALS_ONLY_NOT_NATIVE
57,U_R/shoulder_lift_joint,True,-6.2831854820251465,6.2831854820251465,-6.2831854820251465,6.2831854820251465,3.1415998935699463,-3.1415998935699463,3.1415998935699463,8,8,DEVELOPMENT_PROPOSALS_ONLY_NOT_NATIVE
58,U_R/elbow_joint,True,-3.1415927410125732,3.1415927410125732,-3.1415927410125732,3.1415927410125732,3.1415998935699463,-3.1415998935699463,3.1415998935699463,8,8,DEVELOPMENT_PROPOSALS_ONLY_NOT_NATIVE
59,U_R/wrist_1_joint,True,-6.2831854820251465,6.2831854820251465,-6.2831854820251465,6.2831854820251465,3.1415998935699463,-3.1415998935699463,3.1415998935699463,8,8,DEVELOPMENT_PROPOSALS_ONLY_NOT_NATIVE
60,U_R/wrist_2_joint,True,-6.2831854820251465,6.2831854820251465,-6.2831854820251465,6.2831854820251465,3.1415998935699463,-3.1415998935699463,3.1415998935699463,8,8,DEVELOPMENT_PROPOSALS_ONLY_NOT_NATIVE
61,U_R/wrist_3_joint,True,-6.2831854820251465,6.2831854820251465,-6.2831854820251465,6.2831854820251465,3.1415998935699463,-3.1415998935699463,3.1415998935699463,8,8,DEVELOPMENT_PROPOSALS_ONLY_NOT_NATIVE
62,U_R/right_index_1_joint,False,0.0,1.3442769050598145,0.0,1.3442769050598145,6.28000020980835,-6.28000020980835,6.28000020980835,8,8,DEVELOPMENT_PROPOSALS_ONLY_NOT_NATIVE
63,U_R/right_little_1_joint,False,0.0,1.3442769050598145,0.0,1.3442769050598145,6.28000020980835,-6.28000020980835,6.28000020980835,8,8,DEVELOPMENT_PROPOSALS_ONLY_NOT_NATIVE
64,U_R/right_middle_1_joint,False,0.0,1.3442769050598145,0.0,1.3442769050598145,6.28000020980835,-6.28000020980835,6.28000020980835,8,8,DEVELOPMENT_PROPOSALS_ONLY_NOT_NATIVE
65,U_R/right_ring_1_joint,False,0.0,1.3442769050598145,0.0,1.3442769050598145,6.28000020980835,-6.28000020980835,6.28000020980835,8,8,DEVELOPMENT_PROPOSALS_ONLY_NOT_NATIVE
66,U_R/right_thumb_1_joint,False,0.0,1.310383915901184,0.0,1.310383915901184,6.28000020980835,-6.28000020980835,6.28000020980835,8,8,DEVELOPMENT_PROPOSALS_ONLY_NOT_NATIVE
67,U_R/right_index_2_joint,False,0.0,1.5956199169158936,0.0,1.5956199169158936,6.28000020980835,-6.28000020980835,6.28000020980835,8,8,DEVELOPMENT_PROPOSALS_ONLY_NOT_NATIVE
68,U_R/right_little_2_joint,False,0.0,1.5956199169158936,0.0,1.5956199169158936,6.28000020980835,-6.28000020980835,6.28000020980835,8,8,DEVELOPMENT_PROPOSALS_ONLY_NOT_NATIVE
69,U_R/right_middle_2_joint,False,0.0,1.5956199169158936,0.0,1.5956199169158936,6.28000020980835,-6.28000020980835,6.28000020980835,8,8,DEVELOPMENT_PROPOSALS_ONLY_NOT_NATIVE
70,U_R/right_ring_2_joint,False,0.0,1.5956199169158936,0.0,1.5956199169158936,6.28000020980835,-6.28000020980835,6.28000020980835,8,8,DEVELOPMENT_PROPOSALS_ONLY_NOT_NATIVE
71,U_R/right_thumb_2_joint,False,0.0,0.5234770178794861,0.0,0.5234770178794861,6.28000020980835,-6.28000020980835,6.28000020980835,8,8,DEVELOPMENT_PROPOSALS_ONLY_NOT_NATIVE
72,U_R/right_thumb_3_joint,False,0.0,0.6068440079689026,0.0,0.6068440079689026,6.28000020980835,-6.28000020980835,6.28000020980835,8,8,DEVELOPMENT_PROPOSALS_ONLY_NOT_NATIVE
73,U_R/right_thumb_4_joint,False,0.0,0.43086597323417664,0.0,0.43086597323417664,6.28000020980835,-6.28000020980835,6.28000020980835,8,8,DEVELOPMENT_PROPOSALS_ONLY_NOT_NATIVE
