env,seed_index,proposal_id,native_point,simulation_time_s,simulation_step,F_L/fr3_joint1,F_L/fr3_joint2,F_L/fr3_joint3,F_L/fr3_joint4,F_L/fr3_joint5,F_L/fr3_joint6,F_L/fr3_joint7,F_L/left_index_1_joint,F_L/left_middle_1_joint,F_L/left_pinky_1_joint,F_L/left_ring_1_joint,F_L/left_thumb_1_joint,F_L/left_index_2_joint,F_L/left_middle_2_joint,F_L/left_pinky_2_joint,F_L/left_ring_2_joint,F_L/left_thumb_2_joint,F_L/left_thumb_3_joint,F_L/left_thumb_4_joint,F_R/fr3_joint1,F_R/fr3_joint2,F_R/fr3_joint3,F_R/fr3_joint4,F_R/fr3_joint5,F_R/fr3_joint6,F_R/fr3_joint7,F_R/right_index_1_joint,F_R/right_middle_1_joint,F_R/right_pinky_1_joint,F_R/right_ring_1_joint,F_R/right_thumb_1_joint,F_R/right_index_2_joint,F_R/right_middle_2_joint,F_R/right_pinky_2_joint,F_R/right_ring_2_joint,F_R/right_thumb_2_joint,F_R/right_thumb_3_joint,F_R/right_thumb_4_joint,U_L/shoulder_pan_joint,U_L/shoulder_lift_joint,U_L/elbow_joint,U_L/wrist_1_joint,U_L/wrist_2_joint,U_L/wrist_3_joint,U_L/left_index_1_joint,U_L/left_little_1_joint,U_L/left_middle_1_joint,U_L/left_ring_1_joint,U_L/left_thumb_1_joint,U_L/left_index_2_joint,U_L/left_little_2_joint,U_L/left_middle_2_joint,U_L/left_ring_2_joint,U_L/left_thumb_2_joint,U_L/left_thumb_3_joint,U_L/left_thumb_4_joint,U_R/shoulder_pan_joint,U_R/shoulder_lift_joint,U_R/elbow_joint,U_R/wrist_1_joint,U_R/wrist_2_joint,U_R/wrist_3_joint,U_R/right_index_1_joint,U_R/right_little_1_joint,U_R/right_middle_1_joint,U_R/right_ring_1_joint,U_R/right_thumb_1_joint,U_R/right_index_2_joint,U_R/right_little_2_joint,U_R/right_middle_2_joint,U_R/right_ring_2_joint,U_R/right_thumb_2_joint,U_R/right_thumb_3_joint,U_R/right_thumb_4_joint
0,0,0,0,0.025000001303851604,3,-1.1396310329437256,1.4899351596832275,-0.923396110534668,-0.22958213090896606,3.0054049491882324,-1.6374258995056152,1.6086387634277344,3.717569351196289,5.614473819732666,-4.542930603027344,-5.075875282287598,-5.546727657318115,-2.415158748626709,2.76688814163208,-4.15996789932251,-2.7809317111968994,-3.600066900253296,3.828077793121338,3.061321258544922,-0.6892917156219482,-1.2172492742538452,0.15319718420505524,0.8900937438011169,0.8285157084465027,0.5130281448364258,-1.490132451057434,6.067872047424316,-2.946587085723877,3.6094577312469482,4.094932556152344,0.914421021938324,4.37365198135376,-4.708406448364258,3.855034112930298,-3.775351047515869,0.19446130096912384,-4.371811866760254,-6.124627113342285,2.257117509841919,-1.239696979522705,-0.8189894556999207,2.5044100284576416,1.9381979703903198,1.286014437675476,4.3488240242004395,1.5181020498275757,5.30099630355835,-6.128803253173828,-5.8241119384765625,6.206907272338867,5.2346882820129395,-5.241460800170898,4.097637176513672,3.7908689975738525,0.6045747399330139,-1.8162355422973633,2.368485927581787,0.6386376619338989,1.8084784746170044,-0.6188125610351562,-2.6414103507995605,-2.5629665851593018,4.805808067321777,2.054363489151001,-3.66994047164917,4.658746242523193,2.4807441234588623,4.854447364807129,0.012086987495422363,-0.5779045224189758,-1.0942813158035278,-2.4413399696350098,-4.705142498016357,-2.540151357650757
1,0,1,0,0.025000001303851604,3,-0.7594387531280518,0.2641140818595886,1.696588397026062,-2.477281332015991,-3.542811393737793,-1.8099943399429321,-4.556243896484375,-0.20408640801906586,-4.692149639129639,-2.6558923721313477,-2.8880128860473633,-5.357171058654785,-2.8054356575012207,-0.7686728835105896,5.497447967529297,0.3244202435016632,-6.149340629577637,-4.310784816741943,5.945321083068848,-0.5627219676971436,0.6428394317626953,-0.11727704852819443,-1.9104059934616089,-5.231672286987305,-0.8777406215667725,4.757768630981445,4.769011974334717,-1.871816873550415,4.643289566040039,-5.642776966094971,-0.08960498869419098,-4.054357528686523,1.756298542022705,2.8294918537139893,0.7898701429367065,-4.9488844871521,6.07538366317749,-4.2714996337890625,-1.6823745965957642,-2.83817195892334,1.8479387760162354,2.2499523162841797,1.432953119277954,-3.0305497646331787,5.468142509460449,0.9665607810020447,3.6905856132507324,1.0324820280075073,1.596628189086914,-2.388011932373047,-1.2647281885147095,-1.85782790184021,-2.169233560562134,-3.344491720199585,3.7810091972351074,4.308249473571777,-2.854779005050659,-1.975595474243164,-1.4251046180725098,0.3451539874076843,1.4396815299987793,-3.023822784423828,-5.389827728271484,-5.160621166229248,5.512689113616943,-3.1072936058044434,-3.152402639389038,3.241041898727417,0.6786510348320007,1.4649155139923096,-1.7618951797485352,-0.5496745705604553,3.7982747554779053,-3.1548006534576416
2,0,2,0,0.025000001303851604,3,1.4907636642456055,1.4949522018432617,-0.8283211588859558,0.19746160507202148,1.3674228191375732,3.0888869762420654,1.609127402305603,-4.155222415924072,-2.7491936683654785,4.1697211265563965,-1.5965399742126465,5.088342189788818,0.65656977891922,1.4606398344039917,-4.182515621185303,-2.573638677597046,-0.2643946409225464,3.824711561203003,1.3246889114379883,1.5700541734695435,2.202397584915161,-0.0029716752469539642,1.4969937801361084,1.5695496797561646,0.7915207743644714,1.8930578231811523,-3.8274831771850586,3.0286827087402344,1.2778489589691162,5.910411834716797,5.192983150482178,-1.4370304346084595,5.123563289642334,-3.2346324920654297,2.2623836994171143,-0.21200187504291534,-0.5191369652748108,2.6875457763671875,2.3450355529785156,-1.546829342842102,1.3212547302246094,2.4990592002868652,1.876612663269043,1.429561972618103,4.138320446014404,2.6008520126342773,0.42906269431114197,6.254662036895752,-5.316440105438232,-1.7932438850402832,-5.869632720947266,0.4575847387313843,-5.60941219329834,-1.522670865058899,-5.051785945892334,2.900817394256592,-1.2081444263458252,-1.0457353591918945,0.2577415704727173,-1.6596908569335938,-1.5924241542816162,0.4482027292251587,2.747711181640625,6.105287075042725,5.204190254211426,-5.572207450866699,3.359065294265747,2.031904935836792,-1.7555303573608398,2.757713556289673,0.971398651599884,-5.152459621429443,-4.881213665008545,-2.1425275802612305
3,0,3,0,0.025000001303851604,3,-2.619999647140503,2.2602109909057617,2.1981170177459717,0.1479305475950241,-1.2182954549789429,4.07516622543335,-1.8179659843444824,0.3188207745552063,2.3999879360198975,-5.838813781738281,-0.3639192283153534,-2.8940210342407227,-5.592226028442383,-4.973848342895508,-5.97895622253418,5.976973533630371,-1.9473669528961182,6.173295021057129,5.067862033843994,-1.657830834388733,-0.18334347009658813,0.9551034569740295,-0.4079332649707794,4.856767654418945,-0.17289046943187714,4.097365856170654,-1.6832823753356934,-1.1743088960647583,5.149275779724121,2.1428864002227783,4.098917484283447,0.10989813506603241,0.45062389969825745,-2.482374906539917,-2.959270477294922,-0.06775127351284027,5.594037055969238,6.20523738861084,-1.457804560661316,0.22021755576133728,-2.2268049716949463,2.3857686519622803,-3.0682644844055176,0.0415363609790802,-2.47114634513855,2.650970458984375,-2.400055170059204,1.9827523231506348,4.712210655212402,6.055247783660889,0.8904358148574829,-4.2447733879089355,-5.07876443862915,-4.664469242095947,-4.860802173614502,1.2185161113739014,1.635705590248108,1.2748043537139893,-2.6425952911376953,-2.9612600803375244,1.7613192796707153,1.1120820045471191,4.951130390167236,0.5066913366317749,-3.10278058052063,4.3983378410339355,-0.5692625641822815,0.27983057498931885,-1.4816168546676636,-3.18825364112854,0.589727520942688,4.420827865600586,2.3790042400360107,0.41659778356552124
4,0,4,0,0.025000001303851604,3,0.4814394414424896,1.0188111066818237,0.810627281665802,-1.583477258682251,-3.778597354888916,1.6950901746749878,2.204782009124756,-3.041187047958374,2.152775526046753,-0.7648783326148987,-5.129665374755859,-2.6048102378845215,3.570997714996338,-3.1243555545806885,4.179959297180176,0.44959694147109985,0.7223549485206604,-1.0301932096481323,5.8011794090271,-0.8376538157463074,1.4336405992507935,-2.203789472579956,-0.07418946176767349,0.7384040951728821,0.9477477073669434,4.055127143859863,3.519622802734375,-4.680567741394043,-4.157510757446289,4.258079528808594,0.8969683051109314,-2.4424383640289307,-4.882442474365234,-4.92673397064209,-0.9934086799621582,-2.174177646636963,-5.5331573486328125,-3.4726812839508057,-2.325453042984009,1.456406593322754,1.839763879776001,-0.00024861496058292687,2.1794207096099854,0.42452046275138855,-5.984782695770264,5.013134956359863,5.966913223266602,-1.9610285758972168,2.693777322769165,0.041006483137607574,4.842547416687012,1.2093819379806519,-3.8366167545318604,-3.5713343620300293,4.603103160858154,-2.065042734146118,-2.5265443325042725,1.9377964735031128,-1.1855170726776123,1.7534857988357544,2.397270679473877,-0.6693580746650696,-3.6308209896087646,-4.981994152069092,-4.421092510223389,5.04948091506958,4.917842864990234,1.5324574708938599,-5.3744120597839355,4.667033672332764,-1.5838611125946045,-2.208493232727051,-4.062211036682129,2.4725401401519775
5,0,5,0,0.025000001303851604,3,-0.5994367003440857,2.0640804767608643,-2.199143648147583,-1.8230212926864624,0.45295676589012146,3.405820369720459,-4.868314743041992,5.777517318725586,-0.15881256759166718,4.017970561981201,1.4517000913619995,-2.0561819076538086,2.4919791221618652,4.1205620765686035,-2.580160140991211,6.192653179168701,-2.600870370864868,5.094808578491211,5.825325012207031,0.7215447425842285,1.4201850891113281,0.07608912885189056,1.0392942428588867,3.6231260299682617,3.566290855407715,-4.124709129333496,-6.262197017669678,-6.013158798217773,1.5752116441726685,5.82203483581543,-2.676222324371338,-0.8920243978500366,-5.353731632232666,4.803560733795166,3.24863862991333,-5.229538440704346,-5.426350116729736,2.3125195503234863,1.575166940689087,-0.6006898880004883,-1.5963515043258667,-2.6938936710357666,-0.9421653747558594,-2.8917136192321777,4.80269193649292,4.5588579177856445,2.6227774620056152,-5.934556007385254,-5.338995933532715,3.6127214431762695,3.1499342918395996,-1.903860092163086,2.2564191818237305,4.615835666656494,6.265773773193359,-1.1708654165267944,2.1086764335632324,1.1604409217834473,-2.3367760181427,-2.733372449874878,3.0278918743133545,2.7533607482910156,-4.779618263244629,-3.610626459121704,-2.8938212394714355,0.3614281415939331,-6.008434772491455,-1.4878534078598022,1.6595357656478882,-0.30073994398117065,-1.264255404472351,-1.4035580158233643,4.520136833190918,4.825457572937012
6,0,6,0,0.025000001303851604,3,1.2079405784606934,2.0721542835235596,1.123354196548462,2.55238938331604,-2.392348289489746,1.0386135578155518,-4.78761625289917,1.948611855506897,-6.025839328765869,0.3686160445213318,2.861485004425049,2.1048810482025146,3.215991258621216,-1.2132688760757446,-0.26979467272758484,-0.789572536945343,-1.9228546619415283,-0.8510997295379639,4.616354942321777,1.2573957443237305,-1.8879203796386719,2.4734926223754883,-0.42739933729171753,5.137964248657227,-0.29764312505722046,-4.235429763793945,0.1761762797832489,-6.256058216094971,-0.7227070927619934,-5.402309894561768,5.226681232452393,-4.08997106552124,2.2231619358062744,-4.987055778503418,5.609432697296143,4.612009525299072,-0.34595245122909546,-5.6420674324035645,-1.8519419431686401,-2.899264335632324,-2.01237416267395,-0.2028573900461197,-2.7145206928253174,-1.8893096446990967,-4.394113540649414,1.2358465194702148,0.6616358757019043,3.237619161605835,3.5795955657958984,-3.5360565185546875,0.634870707988739,1.4851713180541992,0.16126668453216553,-1.1656291484832764,5.081304550170898,-0.28399917483329773,-0.9985257983207703,-0.891934871673584,-0.92112135887146,-0.9987229704856873,2.981755018234253,1.595590591430664,-2.603196620941162,-0.6917144060134888,-5.184373378753662,4.679075717926025,6.075845718383789,5.153287410736084,-2.1440048217773438,3.5095179080963135,-4.774377346038818,2.024182081222534,2.2594451904296875,2.70566463470459
7,0,7,0,0.025000001303851604,3,-0.1529030054807663,-2.619999647140503,-2.0322420597076416,1.4261000156402588,0.5619553923606873,-1.4448081254959106,-0.15128904581069946,2.311156988143921,-1.725171685218811,5.406813144683838,-4.5238237380981445,4.729557037353516,-4.272772312164307,4.3010969161987305,-0.6101251244544983,-0.3002258241176605,-1.4596352577209473,0.00799555890262127,-5.314348220825195,-2.5392069816589355,1.245695948600769,-1.7426707744598389,-1.613835096359253,-5.1825947761535645,-3.0567853450775146,4.140583038330078,-0.11281491816043854,5.468568801879883,-6.159783363342285,-0.7679893374443054,-1.3696037530899048,4.18701696395874,3.2143030166625977,1.3134231567382812,0.29206791520118713,-1.6288039684295654,0.9695810675621033,-5.703500747680664,0.4079345762729645,0.3241637349128723,1.131920337677002,2.064819574356079,-3.028947114944458,-1.0077465772628784,-2.411121368408203,-2.0084304809570312,2.9510369300842285,-1.9011733531951904,5.728316783905029,-0.5575960278511047,-3.3639132976531982,-1.454408884048462,-1.536163330078125,5.728529930114746,5.492977619171143,2.1561195850372314,1.6796848773956299,2.5423548221588135,-0.8830952048301697,-1.7898526191711426,-0.3082246482372284,1.433113932609558,-5.709354877471924,2.741070032119751,-4.939843654632568,0.46746012568473816,-4.449763774871826,1.106374740600586,-3.751990795135498,4.192759990692139,-3.3527350425720215,4.423478603363037,-3.8493611812591553,4.2522759437561035
8,0,8,0,0.025000001303851604,3,2.4551007747650146,1.1688034534454346,2.596360445022583,0.47872740030288696,-3.2270233631134033,2.994802713394165,-2.036834478378296,-2.5495553016662598,4.648881912231445,-4.573459625244141,4.553271293640137,-6.03512716293335,-2.469134569168091,-3.346501111984253,2.5893166065216064,5.445149898529053,6.018320083618164,5.2110161781311035,-1.8340610265731812,1.5486159324645996,1.2280339002609253,-1.5996054410934448,1.9895966053009033,2.593510389328003,-2.1671204566955566,3.2382235527038574,4.967146873474121,0.7087972164154053,3.599407911300659,2.9828896522521973,-1.1458065509796143,-0.4794479012489319,-1.3345268964767456,-5.564693450927734,0.7071687579154968,0.456569641828537,3.376192092895508,5.529239654541016,-1.7041147947311401,-1.2460575103759766,-1.3526091575622559,1.0186736583709717,-2.6820170879364014,-2.353632926940918,-4.435567378997803,4.880077362060547,-2.310506820678711,0.7816395163536072,2.073892116546631,-1.2379759550094604,-1.524630069732666,-4.505326271057129,6.244654178619385,-2.514749526977539,-6.0367631912231445,1.248131513595581,0.34595006704330444,1.4540613889694214,-0.6302992105484009,-2.4724037647247314,1.154770016670227,-3.0663421154022217,-6.238835334777832,0.8224866390228271,-5.133908271789551,5.629323959350586,-1.392098069190979,2.143824577331543,-4.843684673309326,-3.376396417617798,-1.5702582597732544,3.7624824047088623,5.189419269561768,-3.349971294403076
9,0,9,0,0.025000001303851604,3,-1.2347837686538696,-0.9819416403770447,-0.2778819799423218,2.3589537143707275,-4.12845516204834,2.4017624855041504,-1.2511932849884033,-2.243323802947998,-0.13308510184288025,-4.064877986907959,2.8901448249816895,-2.408773183822632,-4.871756553649902,3.233278512954712,-5.74017333984375,4.762363433837891,-1.9401434659957886,-1.269550085067749,4.394837856292725,-0.04571147263050079,-1.818581223487854,2.4263880252838135,1.4700461626052856,-1.6287227869033813,1.6139791011810303,-4.205151557922363,-1.9509520530700684,-2.6558749675750732,-5.9898271560668945,3.820502281188965,-5.240015506744385,-0.4111744463443756,3.632030963897705,-0.6575431227684021,2.3007450103759766,5.378789901733398,1.936349868774414,-0.39260947704315186,0.25876858830451965,0.5568934082984924,0.6023121476173401,0.36698073148727417,-0.6583249568939209,-1.5692639350891113,0.4493882358074188,2.3468637466430664,2.2682583332061768,-5.484580039978027,1.4904448986053467,2.959099769592285,-1.1939761638641357,4.433480262756348,4.596963882446289,-3.8746461868286133,1.0996133089065552,-4.163471221923828,2.9338772296905518,0.026043947786092758,0.4998682737350464,1.6840236186981201,2.3413660526275635,-2.4143385887145996,-1.1883739233016968,0.6563460826873779,5.468745231628418,-5.85750150680542,-0.9736973643302917,-1.5430479049682617,0.4992668032646179,3.9460489749908447,3.764784574508667,2.0347814559936523,-1.188894271850586,-1.7926329374313354
10,0,10,0,0.025000001303851604,3,0.7422287464141846,2.2649991512298584,0.8787234425544739,1.4193425178527832,-0.02377961575984955,3.153639554977417,-3.888547897338867,2.3019375801086426,-6.267074108123779,3.547581672668457,0.009527012705802917,-1.8658910989761353,-0.40941354632377625,4.350118160247803,5.142750263214111,2.9113564491271973,4.344252109527588,-0.3445475697517395,-3.971405267715454,-1.2935481071472168,-2.0620644092559814,-0.915790855884552,0.6077905297279358,-0.5385701060295105,2.4165537357330322,3.440279960632324,-2.330695152282715,-3.3239784240722656,-3.183317184448242,4.5538010597229,0.8456205725669861,3.60962176322937,1.6482810974121094,3.7405004501342773,-1.1424195766448975,2.816922187805176,-0.85947185754776,0.030549591407179832,-0.6123973727226257,-2.911100387573242,-1.7581424713134766,0.8225620985031128,-3.076038122177124,-2.092130422592163,-4.1604838371276855,1.3117955923080444,-1.604458212852478,-3.758373260498047,-5.559262752532959,1.4408061504364014,-2.657461404800415,3.632077693939209,-6.169695854187012,4.976029872894287,-3.419107675552368,1.7853468656539917,2.0483503341674805,0.9375477433204651,1.753450632095337,1.05793297290802,-2.993496894836426,1.945935606956482,-1.9772405624389648,5.905508995056152,-3.8162102699279785,-6.0129570960998535,4.421694278717041,0.43832024931907654,-0.6108219623565674,-6.170823574066162,-0.8069959282875061,-0.8591536283493042,-3.0817437171936035,-2.199708938598633
11,0,11,0,0.025000001303851604,3,-1.3786447048187256,-0.2778121829032898,-2.619999647140503,0.1985235959291458,2.923349142074585,-2.14046311378479,1.5350316762924194,-4.965836524963379,1.3514596223831177,0.6870340704917908,0.2832396924495697,3.66813325881958,-5.994509220123291,1.6116383075714111,4.287909984588623,2.7077443599700928,6.268013954162598,-2.292006492614746,-4.364416599273682,-2.256896495819092,-1.5660245418548584,-2.0846004486083984,-1.9158568382263184,4.09716272354126,0.5230015516281128,-4.259875297546387,-0.5294113755226135,-1.7349761724472046,2.0194878578186035,-5.137852668762207,-0.6274722814559937,-6.2064995765686035,-5.2521843910217285,2.7489521503448486,3.684523344039917,-1.622805118560791,5.896342754364014,-4.928065299987793,2.8456156253814697,-2.3254759311676025,0.7305554151535034,2.020508289337158,2.324490785598755,0.6307576894760132,-2.331524610519409,-6.180844783782959,-0.7066070437431335,1.5483213663101196,-5.951764106750488,-2.71134614944458,-4.903010368347168,3.078425407409668,3.008060932159424,-3.1946003437042236,-3.343822956085205,2.5177807807922363,-2.5175626277923584,-1.974298357963562,0.9415019750595093,2.7945423126220703,-2.7052385807037354,-2.947127103805542,5.038147926330566,-0.8933098912239075,5.22085428237915,-3.8058676719665527,2.5765020847320557,-2.770571708679199,1.4445083141326904,-3.980997323989868,5.233328819274902,1.2061437368392944,-1.9479634761810303,3.9616036415100098
12,0,12,0,0.025000001303851604,3,-0.24177458882331848,-1.3419299125671387,-1.135545253753662,0.3376633822917938,1.8477184772491455,-4.0454487800598145,3.89870023727417,1.1684150695800781,0.8934463858604431,-3.4249958992004395,4.000511169433594,-1.8738343715667725,-3.034040689468384,-3.22332763671875,-5.262692451477051,-1.2557311058044434,1.4166396856307983,-3.381364107131958,-2.584014892578125,-1.0674331188201904,0.6362808346748352,-0.9243002533912659,-2.455977439880371,3.546912908554077,2.858555793762207,2.605565309524536,-5.616455078125,-4.521900653839111,-1.63677179813385,4.814664363861084,1.74762761592865,-5.450626373291016,-2.253190279006958,2.7165019512176514,2.5862231254577637,-4.636867523193359,-6.252457618713379,1.2712186574935913,3.113638401031494,-0.0273102056235075,-2.898319959640503,-1.38984215259552,-0.5611987709999084,2.622972011566162,-1.7700854539871216,2.03574800491333,-5.54248571395874,-0.09573008120059967,6.232191562652588,-0.34323060512542725,5.2487335205078125,4.976558685302734,-2.882065773010254,6.052003860473633,4.4854254722595215,-4.643889427185059,1.3608512878417969,-0.5810843706130981,2.1064867973327637,0.6408441066741943,-2.7117202281951904,-2.855550765991211,-1.8562171459197998,0.24556058645248413,-4.899051666259766,3.51892352104187,-2.6588847637176514,4.646573066711426,4.5704851150512695,3.0434370040893555,-1.7517647743225098,-5.402232646942139,-2.4933385848999023,-1.5652832984924316
13,0,13,0,0.025000001303851604,3,-1.339861512184143,-1.146512746810913,0.27028676867485046,1.8210400342941284,-1.1394336223602295,2.085127115249634,1.2406954765319824,3.306748390197754,0.11099197715520859,-5.265792369842529,0.2582266926765442,2.7020645141601562,-4.7267327308654785,1.774739146232605,-1.286209225654602,2.8835296630859375,-4.783299446105957,-2.6040704250335693,4.138754844665527,-1.8773282766342163,1.3147544860839844,-0.32932841777801514,-0.8678933382034302,0.1912749707698822,0.1967746466398239,4.073576927185059,-1.7315458059310913,0.5973365902900696,-5.4792304039001465,-4.371358394622803,3.194383144378662,4.831320285797119,-5.576710224151611,-3.7891995906829834,2.1548242568969727,2.1785829067230225,2.8894355297088623,-5.5861711502075195,-0.4103536009788513,-2.835353374481201,1.3528426885604858,-0.28255248069763184,-2.39369535446167,-0.6857971549034119,-2.7096660137176514,-4.753672122955322,-1.7836732864379883,-3.431948184967041,-0.03016919456422329,-6.016613960266113,1.1357389688491821,0.34494319558143616,-3.11482310295105,5.589668273925781,1.9227110147476196,1.0313752889633179,-2.552701711654663,-2.497476816177368,2.3565714359283447,2.734466075897217,2.3586385250091553,-2.9903876781463623,0.00123315688688308,6.237738132476807,1.2997119426727295,-3.836353063583374,2.4527409076690674,4.346640110015869,-5.083691596984863,0.6415978670120239,-1.7841739654541016,-4.302728652954102,2.4788053035736084,-1.4426562786102295
14,0,14,0,0.025000001303851604,3,1.6365174055099487,-1.8654285669326782,0.44600313901901245,-0.6724258065223694,-4.190547943115234,0.7182857990264893,0.4561477303504944,-2.05615496635437,-2.7340304851531982,-0.9804535508155823,4.9602861404418945,-1.2184666395187378,2.2282838821411133,5.087664604187012,2.4030890464782715,-2.6280415058135986,3.079404592514038,0.7412791848182678,0.6383486986160278,2.222461223602295,-0.9782073497772217,-2.0952041149139404,-0.10735473781824112,4.235985279083252,-0.04954180493950844,3.988445997238159,0.8605875372886658,-1.5256961584091187,-5.283204078674316,-5.510875225067139,-3.8763818740844727,-1.1663532257080078,-3.098745346069336,1.6154210567474365,0.9008762836456299,-5.659931182861328,-0.02253258042037487,1.075419306755066,2.075612783432007,0.19969406723976135,-2.5926599502563477,0.39146795868873596,2.4605212211608887,-1.5274208784103394,1.7097188234329224,5.030044078826904,1.743762493133545,-1.9192732572555542,-1.3240571022033691,-0.6810745596885681,-2.156085729598999,0.0845208540558815,1.7861158847808838,1.4797998666763306,5.356056213378906,-1.8803434371948242,-2.952249050140381,-0.8354257345199585,-2.329068899154663,-0.24290665984153748,-0.6504883766174316,0.1349339336156845,-2.3795101642608643,5.139251708984375,2.07853102684021,-1.111244797706604,-5.737471580505371,1.546700119972229,2.272050142288208,4.928391456604004,-5.831571102142334,3.682257652282715,-2.4282326698303223,-1.0537495613098145
15,0,15,0,0.025000001303851604,3,2.2140583992004395,-2.4308483600616455,-1.8409407138824463,-2.619999647140503,-4.057470321655273,1.4849599599838257,4.01898193359375,-0.5899461507797241,4.0639801025390625,3.74074387550354,-2.2795462608337402,-4.288109302520752,2.649631977081299,-0.4725631773471832,2.0419366359710693,5.294978618621826,-1.0651746988296509,1.7940459251403809,-4.19673490524292,1.9090381860733032,-0.933764636516571,1.5650559663772583,-1.4423295259475708,3.6095800399780273,-1.3849884271621704,1.910029649734497,2.4149739742279053,-0.5285951495170593,1.9026226997375488,0.9630874395370483,1.8824307918548584,0.4715915024280548,-3.575476884841919,-0.3235844373703003,0.8954494595527649,-5.572812557220459,-1.1751651763916016,-0.42399489879608154,-0.014444430358707905,0.135691836476326,-0.08463416993618011,-2.5427887439727783,-3.009125232696533,1.0119309425354004,-2.6540329456329346,2.872056722640991,3.791318416595459,-5.827768325805664,-0.12297581881284714,-1.2039504051208496,2.1406097412109375,-1.2545114755630493,2.212169885635376,3.147129774093628,3.321467399597168,3.74996280670166,-1.0836389064788818,1.7852224111557007,1.4797554016113281,2.319304943084717,-3.115351438522339,0.619336724281311,1.9433408975601196,-5.58393669128418,-5.726808547973633,-3.5307674407958984,-4.914825439453125,-1.5345699787139893,-2.2613677978515625,4.154521465301514,2.1203722953796387,-0.7363728284835815,5.442488193511963,3.2376129627227783
16,0,16,0,0.025000001303851604,3,-1.1833425760269165,-1.4450011253356934,-0.5996041893959045,-0.01317967101931572,4.231855392456055,-3.9560577869415283,-2.353029489517212,-2.00067400932312,-5.8951334953308105,-0.26924529671669006,-6.1689581871032715,-6.126920223236084,-3.5596532821655273,-5.1559062004089355,-2.9116616249084473,-3.7436928749084473,-0.7473815679550171,2.2299344539642334,-3.3644604682922363,-0.11430865526199341,0.9509099125862122,1.3835577964782715,-0.023885218426585197,2.6582250595092773,-3.87483286857605,-1.8703932762145996,1.0322890281677246,4.447581768035889,-2.291858434677124,4.2394208908081055,-4.981950283050537,-4.850285053253174,-1.4205023050308228,-4.2006306648254395,1.714119553565979,0.45378440618515015,6.2394843101501465,-0.014106355607509613,-0.8250589370727539,2.966609477996826,2.6290154457092285,-2.7520833015441895,-2.043097972869873,-1.5757521390914917,-3.3886938095092773,-2.7662975788116455,-4.4147210121154785,3.145820379257202,-5.263120651245117,-1.2778315544128418,2.4699079990386963,4.319352149963379,2.3349194526672363,-2.461913585662842,-0.3056754171848297,5.505158424377441,-0.27825188636779785,-2.5728909969329834,0.05075785145163536,-3.0034279823303223,-2.0831449031829834,-0.9953289031982422,-2.6488356590270996,0.8108250498771667,-2.3963847160339355,1.4964447021484375,0.5344477891921997,-4.659452438354492,-2.641894817352295,2.286741256713867,2.3142151832580566,2.916783571243286,0.5194599628448486,-1.759395718574524
17,0,17,0,0.025000001303851604,3,1.6686073541641235,-0.7586729526519775,-1.8047573566436768,-0.023137377575039864,4.141295433044434,3.2345356941223145,-4.519277572631836,-1.3761035203933716,1.4653220176696777,3.890413522720337,-3.885803461074829,4.4155378341674805,0.06998845934867859,-4.04199743270874,2.8515470027923584,-2.1373724937438965,2.45306134223938,1.0792431831359863,0.670784592628479,1.4268903732299805,-1.9640761613845825,-1.0696576833724976,0.23892928659915924,-1.3651657104492188,2.8145787715911865,1.6097440719604492,-4.102004051208496,5.217824935913086,4.779326438903809,-0.5743158459663391,4.947000026702881,3.7944204807281494,3.7482411861419678,-2.2558908462524414,1.732635259628296,1.7255288362503052,6.114945888519287,1.415309190750122,2.11191987991333,-0.4607805013656616,-2.0365536212921143,2.585331678390503,-1.6493598222732544,2.0580289363861084,3.0877785682678223,3.2061994075775146,-4.4798665046691895,-1.0525827407836914,-0.20555391907691956,-5.879906177520752,4.2410383224487305,5.91946268081665,5.439759254455566,-5.185334205627441,-2.9874987602233887,-5.9077982902526855,2.6698451042175293,1.793229579925537,-0.19845019280910492,-3.082942008972168,-1.3548789024353027,-1.5434653759002686,2.6697778701782227,-4.358726978302002,1.8496646881103516,-1.8507726192474365,-1.637307047843933,2.250838041305542,2.799842596054077,5.6246161460876465,-5.703357219696045,-1.904350757598877,-0.2348768711090088,-5.458463668823242
18,0,18,0,0.025000001303851604,3,-0.29899346828460693,1.4193623065948486,-1.211802363395691,-0.824675977230072,-1.9216067790985107,-1.3427183628082275,2.8632283210754395,1.7509758472442627,-0.5333350896835327,-3.9226529598236084,-1.5490951538085938,-3.290362596511841,1.5670039653778076,2.889193534851074,4.657069683074951,-1.7315857410430908,1.8626072406768799,-3.817988872528076,5.886650562286377,0.7560715079307556,0.7270516753196716,1.5724364519119263,2.544725179672241,-3.4780406951904297,3.3608853816986084,-4.0622968673706055,-3.2530159950256348,-0.07500515878200531,-5.893208026885986,-2.102750301361084,2.7011289596557617,-2.821681499481201,-1.306024193763733,-1.5883342027664185,-4.983548641204834,4.347527503967285,2.0359575748443604,-0.3960861563682556,0.39022061228752136,0.6530184745788574,1.1082223653793335,1.477118968963623,-1.8328348398208618,-3.026081085205078,5.433372497558594,1.9448083639144897,3.68477463722229,2.9014105796813965,1.5798943042755127,2.751734733581543,2.8297009468078613,2.2973973751068115,2.6250975131988525,0.44399356842041016,1.796845555305481,-0.2204136699438095,-2.8494033813476562,-1.2590596675872803,-1.4808588027954102,0.8426091074943542,2.5421996116638184,1.5828158855438232,-5.43593168258667,-5.745957374572754,-4.519725799560547,0.9421873092651367,-0.6496540307998657,5.240710258483887,3.123029947280884,3.3601951599121094,-6.050591468811035,-4.878740310668945,0.6150376200675964,-5.204087257385254
19,0,19,0,0.025000001303851604,3,-2.5698323249816895,-1.8930912017822266,-1.3874198198318481,-0.9987934231758118,-5.260000228881836,-1.3678700923919678,3.6918892860412598,3.785043954849243,1.4421756267547607,6.1990227699279785,5.066960334777832,-5.778088569641113,-1.9462507963180542,-4.411722660064697,-4.8021674156188965,-0.07253944873809814,-1.7174993753433228,4.572498798370361,-1.7676277160644531,-0.9571672081947327,-2.165977716445923,-1.7030855417251587,2.5413079261779785,2.3254106044769287,-3.530388832092285,-2.7097723484039307,-5.036447525024414,-1.6285593509674072,-4.2107086181640625,5.771679401397705,1.4339648485183716,-0.3573298156261444,3.0402443408966064,4.160701751708984,0.9955793619155884,2.3352761268615723,5.2790846824646,-1.5790228843688965,-1.7669808864593506,1.4517395496368408,0.8131199479103088,1.093900203704834,-1.175561785697937,1.0937058925628662,1.6734161376953125,5.730967044830322,3.1259188652038574,2.225750207901001,-2.555814266204834,3.4591641426086426,-2.2890708446502686,0.7793629765510559,-0.9601115584373474,5.234633922576904,-6.149796962738037,-3.91525936126709,-0.1468452662229538,-1.6480600833892822,1.7449564933776855,-2.2678515911102295,2.1146080493927,-2.0613925457000732,5.836629867553711,1.9289621114730835,2.4175145626068115,3.341939687728882,-1.2763829231262207,3.664405584335327,-1.4116727113723755,2.7202248573303223,-5.564370155334473,-1.521891474723816,-4.004626274108887,3.324528455734253
20,0,20,0,0.025000001303851604,3,0.7307285666465759,2.546992778778076,-0.204000324010849,-0.07582072913646698,-1.406894326210022,-2.05987811088562,-2.0228796005249023,-4.347327709197998,0.635021448135376,-3.998974323272705,1.864330768585205,0.5899305939674377,0.7961643934249878,-1.4878863096237183,0.9929240942001343,0.010293313302099705,-5.421584606170654,-5.193371295928955,5.396992206573486,-1.9295835494995117,-2.3038294315338135,-0.21458272635936737,-2.0125808715820312,-1.3237528800964355,1.4340704679489136,2.630139112472534,4.037377834320068,-4.4564337730407715,-3.3056421279907227,-2.117304563522339,2.9919819831848145,5.604078769683838,2.870105266571045,3.9820683002471924,-6.194533348083496,-1.1139097213745117,-1.0282244682312012,-1.4509903192520142,-0.031248055398464203,1.3011478185653687,2.7764666080474854,1.667546272277832,-1.8480478525161743,3.054067850112915,5.2465033531188965,-1.0645889043807983,1.5247176885604858,-3.151618242263794,1.5379091501235962,4.21592378616333,-4.657655715942383,4.188762664794922,-6.034503936767578,-4.484395980834961,1.152791142463684,1.6168103218078613,1.3149226903915405,2.4398868083953857,-0.6935696005821228,3.1412529945373535,0.8444597721099854,2.2967467308044434,-1.3210787773132324,1.6402311325073242,-3.8344643115997314,-3.377002000808716,-4.142443656921387,-5.522455215454102,2.5687451362609863,-5.572371482849121,2.212066888809204,4.881172180175781,-3.2638676166534424,3.1989998817443848
21,0,21,0,0.025000001303851604,3,-1.6345491409301758,1.3437703847885132,0.5568440556526184,-0.6645150184631348,3.0639305114746094,-2.0233347415924072,3.476001262664795,-3.619230270385742,5.302073955535889,1.5130640268325806,-5.933043956756592,-5.451633930206299,-0.6422699093818665,5.852966785430908,2.6045098304748535,-2.621429443359375,-5.248323440551758,0.1432339996099472,-4.223842620849609,-0.1297943890094757,1.7100709676742554,1.506999135017395,0.12713927030563354,-3.183119535446167,-0.25299832224845886,-2.247204542160034,-0.30061548948287964,5.762540817260742,2.6205239295959473,3.2408571243286133,4.267926216125488,2.981912612915039,-2.2138922214508057,1.4688762426376343,4.533988952636719,-4.667160987854004,-2.166074514389038,0.07461739331483841,-2.9542300701141357,-1.1501586437225342,1.6864030361175537,-2.0627753734588623,0.12425877898931503,-0.7260555624961853,-3.684690237045288,-4.738532543182373,2.0793211460113525,-3.5155885219573975,1.581052303314209,-1.4656797647476196,3.1981472969055176,-5.791232109069824,-5.508338451385498,-1.9093432426452637,1.27913498878479,-4.671345233917236,2.4382500648498535,0.8938209414482117,-1.1281838417053223,1.8659579753875732,-1.9153571128845215,-2.220705509185791,1.6173702478408813,1.635928988456726,-3.9978139400482178,-4.981510639190674,3.6620633602142334,4.999495983123779,5.071014404296875,2.093860387802124,-3.4056801795959473,-4.313168048858643,2.5341525077819824,-1.2922393083572388
22,0,22,0,0.025000001303851604,3,-1.0782501697540283,0.9162676930427551,-0.4059908986091614,-1.957655906677246,-3.286294937133789,-2.92783522605896,1.8638349771499634,1.7193708419799805,-3.3921689987182617,-3.901350498199463,5.8806633949279785,-0.9149295687675476,-2.5989372730255127,6.133330821990967,2.878455400466919,0.21877655386924744,0.16889427602291107,2.2117221355438232,0.5303263664245605,-2.411757230758667,2.436579704284668,2.525627851486206,-0.9924882054328918,1.2483464479446411,-2.0816969871520996,4.421437740325928,-0.6807287931442261,5.682641506195068,-1.6616424322128296,-4.689917087554932,-4.072033882141113,-5.139828205108643,-0.9974006414413452,-4.296755313873291,3.0512428283691406,-4.395092010498047,-4.949617385864258,-0.5479052662849426,-1.1265345811843872,1.9129408597946167,-2.2193665504455566,1.1144949197769165,0.9202890396118164,-2.0175492763519287,-0.0416468121111393,-3.28368878364563,-5.884466648101807,-2.7909014225006104,-0.13482941687107086,5.321578502655029,5.133161544799805,4.704604625701904,-5.878385543823242,-2.3302037715911865,5.679778099060059,0.17194099724292755,-2.618311643600464,0.9944631457328796,-0.9007639288902283,1.7209197282791138,1.4587275981903076,-2.5449836254119873,-3.086660861968994,-2.5896122455596924,-2.2807347774505615,1.3811180591583252,-2.6518754959106445,5.0643815994262695,4.868073463439941,3.4848058223724365,-1.1641651391983032,5.845146179199219,0.6966714262962341,2.5927212238311768
23,0,23,0,0.025000001303851604,3,2.1263153553009033,-2.486386299133301,-0.8067704439163208,-1.0537158250808716,2.6130478382110596,-4.179999828338623,3.0923502445220947,-0.017370568588376045,0.03056452050805092,-2.4975783824920654,4.807755947113037,-1.557816982269287,-4.433532238006592,-3.9390740394592285,2.571211576461792,3.240414619445801,-1.2140111923217773,-0.2479565590620041,-4.9856276512146,1.4375278949737549,1.2430046796798706,-1.2079246044158936,0.26575222611427307,2.037034749984741,-3.308575391769409,-1.1460461616516113,5.508022308349609,-3.173813819885254,3.0858683586120605,-3.4037325382232666,-5.552987575531006,-2.056065797805786,-6.125155448913574,-3.97190523147583,2.7627437114715576,-0.7465207576751709,-5.29617977142334,-2.6723647117614746,3.036855697631836,1.8686089515686035,1.989686131477356,1.1932618618011475,1.9664006233215332,-2.120351791381836,2.004924774169922,-0.3861587345600128,-0.9719061255455017,6.056838512420654,-0.8016635179519653,4.659704685211182,-0.4693533182144165,-0.889476478099823,-1.021898627281189,6.255220413208008,2.7743639945983887,1.634941816329956,-0.31210631132125854,-0.9334957599639893,0.1146794781088829,1.7655068635940552,-1.1626958847045898,-0.42753756046295166,0.4698338806629181,1.8206223249435425,-0.12146332859992981,-3.818124294281006,-0.9330689907073975,-3.8433291912078857,0.15959253907203674,5.360287666320801,2.934574604034424,-0.18613405525684357,-1.5560234785079956,-1.9329153299331665
24,0,24,0,0.025000001303851604,3,-1.1744399070739746,0.5991643667221069,1.1287705898284912,2.1769967079162598,-3.2299551963806152,-1.866956353187561,2.488149404525757,3.2012810707092285,2.8000893592834473,-2.8702127933502197,6.003645896911621,0.8125887513160706,-5.791119575500488,-4.498887538909912,-1.4597262144088745,-5.994628429412842,-2.0373942852020264,-0.5143227577209473,0.9302205443382263,-2.267033576965332,1.4554187059402466,-0.2688966989517212,1.3181883096694946,-2.201228380203247,4.1799540519714355,-2.4127120971679688,4.191351890563965,2.540621042251587,-5.023900985717773,-3.435235023498535,-2.5370383262634277,-3.98289155960083,-5.6548380851745605,3.267676591873169,-0.2981428802013397,-4.426324844360352,0.8664757013320923,-1.2885205745697021,2.0281643867492676,0.8733901977539062,1.618915319442749,0.4216170012950897,-2.9814391136169434,1.8141707181930542,-5.239492416381836,0.011845657601952553,-1.5446528196334839,2.821228504180908,5.5675554275512695,0.12743252515792847,2.85884165763855,-0.8933389186859131,1.6983617544174194,-6.07357931137085,-1.7218773365020752,-2.84635853767395,-2.4113070964813232,-0.773357629776001,1.341965913772583,1.123725414276123,0.15613847970962524,1.6298210620880127,3.8908450603485107,4.726478576660156,-5.877346515655518,5.777303695678711,0.10103476047515869,5.889401912689209,6.115323543548584,0.6273470520973206,-0.7659307718276978,4.750821113586426,-3.2768356800079346,5.449916362762451
25,0,25,0,0.025000001303851604,3,0.7471630573272705,0.35154396295547485,0.32854771614074707,-1.8051263093948364,-3.3405985832214355,0.0685875415802002,0.10159460455179214,-5.203733444213867,-3.9194934368133545,1.7160018682479858,0.11169440299272537,3.421140670776367,1.0690966844558716,3.917527914047241,3.354335069656372,1.915534496307373,-2.3857617378234863,0.3766278624534607,2.8331503868103027,-2.201368570327759,-1.7359784841537476,-1.3175504207611084,-0.49041667580604553,-3.3309853076934814,0.9341127872467041,-4.735818386077881,-5.242628574371338,-4.726637840270996,-4.992472171783447,3.3121860027313232,-0.4914782643318176,-0.9924779534339905,-3.109452962875366,-3.311328411102295,-0.9717147350311279,-0.4140718877315521,-0.6956673264503479,1.9564158916473389,-2.6577601432800293,-0.023551862686872482,-2.3684916496276855,0.17467479407787323,3.102564811706543,-0.4339536428451538,-5.966064453125,-4.647222995758057,-3.5435826778411865,3.3000385761260986,3.8123018741607666,3.353203773498535,1.0500905513763428,-3.711643934249878,-3.804274320602417,4.489070892333984,-1.421288251876831,-0.8977214097976685,-3.066042184829712,1.241767168045044,-3.0086488723754883,2.6131224632263184,1.1932775974273682,-1.192824363708496,-4.80011510848999,-2.6215708255767822,-1.811316967010498,-6.247421741485596,5.827534198760986,2.257890224456787,1.7313557863235474,1.054025411605835,-5.155559062957764,-3.4254493713378906,2.31862735748291,-0.682898223400116
26,0,26,0,0.025000001303851604,3,1.1023554801940918,-0.5014141798019409,-2.0022385120391846,0.39002925157546997,0.9370242357254028,2.0223047733306885,5.226814270019531,-4.538051605224609,-1.0766938924789429,-1.36565101146698,3.3315396308898926,-4.433804035186768,4.002092361450195,-3.297063112258911,0.3158852159976959,3.531703233718872,1.5706562995910645,3.1648008823394775,-4.964715003967285,1.0796761512756348,-0.9257410764694214,-0.6126465797424316,1.4173047542572021,3.2018120288848877,-1.5280367136001587,0.7282006740570068,-1.5198719501495361,-0.13677361607551575,1.1128820180892944,1.4596449136734009,5.0494489669799805,-4.839876651763916,-3.3906853199005127,-1.8766323328018188,1.9737249612808228,2.396106481552124,0.5833306908607483,3.139672040939331,1.5461291074752808,0.23186476528644562,0.22288455069065094,2.5063841342926025,-2.7697813510894775,0.3263225257396698,-3.847395181655884,3.423140287399292,1.0181729793548584,5.431912422180176,2.512251615524292,-5.652575492858887,4.359725475311279,-1.719672679901123,-4.363619327545166,-0.7769558429718018,3.845238447189331,3.5274176597595215,2.3099286556243896,3.133268117904663,2.467716932296753,1.9389368295669556,-2.594658374786377,-2.944185733795166,-0.608648419380188,-0.5770238637924194,5.4885945320129395,-4.889893054962158,4.603847980499268,-3.8731911182403564,0.5701309442520142,3.0560381412506104,-5.478400230407715,-1.8128916025161743,-2.97397780418396,-0.3573019504547119
27,0,27,0,0.025000001303851604,3,-1.9235570430755615,-1.5002806186676025,2.323526620864868,-2.373502254486084,3.017150402069092,1.4647436141967773,-5.260000228881836,2.2909348011016846,4.653295040130615,-6.090639114379883,-0.9858992099761963,-1.2189478874206543,5.136391639709473,4.25990629196167,-0.27058297395706177,-4.148510932922363,1.6025161743164062,-2.1473162174224854,-5.602597236633301,-2.3094327449798584,-1.0930118560791016,-1.5048879384994507,1.8019121885299683,-0.853696882724762,-3.9765052795410156,3.3726282119750977,-0.24268344044685364,-3.8484809398651123,5.945560932159424,-0.24895335733890533,5.586091041564941,-5.8853631019592285,3.4894564151763916,3.040933132171631,-2.513591766357422,-5.357627868652344,-5.2394819259643555,3.6692018508911133,0.29228460788726807,-2.2607078552246094,-2.0883305072784424,1.446384310722351,1.6540520191192627,-0.3964068293571472,3.330397367477417,2.4797844886779785,-4.925387382507324,-2.7954394817352295,-4.908336162567139,-1.2587902545928955,-5.496340274810791,0.8932467103004456,0.31694015860557556,-1.7314600944519043,-0.35484635829925537,-6.119077682495117,2.7264978885650635,-1.8712680339813232,2.26371169090271,-1.571102261543274,-1.1453819274902344,0.5069226622581482,-6.074315071105957,5.796051025390625,6.071782112121582,-3.87070631980896,1.5792945623397827,3.163600444793701,-3.2865612506866455,3.3517212867736816,5.545798301696777,-3.393507957458496,-0.13551181554794312,1.6005648374557495
28,0,28,0,0.025000001303851604,3,-2.397742748260498,-0.30007731914520264,0.007978348061442375,-1.3974339962005615,3.019821882247925,-0.10715075582265854,-3.2763936519622803,6.207402229309082,-6.127359390258789,4.402523040771484,4.480917453765869,4.743533134460449,-3.3475446701049805,2.126143217086792,-3.333240270614624,4.745802402496338,4.195280075073242,0.5995420813560486,-5.207621097564697,1.709468960762024,-1.2358894348144531,-1.8559632301330566,-1.9418768882751465,-3.0258240699768066,-0.383935809135437,-4.664880275726318,6.16920280456543,6.113336086273193,-0.8829466700553894,3.222079038619995,-5.902492046356201,-5.490024566650391,-5.344959735870361,-1.6535933017730713,2.6312808990478516,-6.139084815979004,-1.8009096384048462,4.756011009216309,-0.08130446076393127,1.7336485385894775,-0.777679443359375,0.4236307740211487,2.926626443862915,-2.116835117340088,6.244082450866699,-5.647608280181885,-3.6054253578186035,-2.5143861770629883,0.7973173260688782,-5.585954666137695,4.944815158843994,1.2515320777893066,6.14372444152832,-3.8865723609924316,-5.510245323181152,1.0688154697418213,-1.0168838500976562,-0.7909941673278809,2.234339714050293,1.2670302391052246,-2.9413974285125732,-2.1526730060577393,-3.9130475521087646,0.8639811277389526,-4.938855171203613,-5.555261611938477,-1.281512975692749,-4.915752410888672,-0.9782813191413879,-0.020432239398360252,-1.459890604019165,4.0698041915893555,-0.0539611279964447,5.689670085906982
29,0,29,0,0.025000001303851604,3,-0.5906919240951538,-2.354433536529541,-0.9700006246566772,1.8948200941085815,3.1874845027923584,3.6712818145751953,0.7324697375297546,-0.2916572690010071,3.6366190910339355,0.8757442235946655,4.558846950531006,5.323625564575195,4.674267292022705,-2.6683621406555176,6.126404285430908,-2.007657289505005,1.963889718055725,0.8815879821777344,-2.2924182415008545,-0.9150047898292542,1.0052430629730225,-0.15314389765262604,-0.8321090340614319,4.341890811920166,0.6256093382835388,-1.3951380252838135,-1.5933818817138672,-1.8623957633972168,1.105793833732605,-4.538205623626709,-3.553727626800537,-3.2907824516296387,-0.8286986947059631,5.175297737121582,4.732626438140869,3.26796555519104,-1.202028512954712,-5.121394157409668,0.34934985637664795,2.285118818283081,-0.018235547468066216,1.0838373899459839,1.8279896974563599,1.3194223642349243,5.007049560546875,3.941878080368042,4.07372522354126,-4.205316066741943,2.5815227031707764,-1.336017370223999,5.980000019073486,-4.921700477600098,-5.846541404724121,2.4037740230560303,2.299023151397705,0.05104299634695053,0.8372907042503357,2.5393924713134766,-2.6490254402160645,0.5154604911804199,-0.5626497864723206,2.158968687057495,4.1613030433654785,-6.2052459716796875,2.0702755451202393,-0.12674564123153687,1.1435534954071045,-3.7595200538635254,4.066696643829346,-4.158657550811768,1.8743796348571777,-1.5870211124420166,5.5328264236450195,-5.113699913024902
30,0,30,0,0.025000001303851604,3,1.0193430185317993,2.6054511070251465,0.12640027701854706,2.260990619659424,3.2167959213256836,2.944103240966797,-3.2461111545562744,-0.40242597460746765,-2.8374147415161133,-2.5738365650177,-2.2490222454071045,0.14306139945983887,-1.1036262512207031,-2.392199754714966,-5.814518928527832,-0.5899315476417542,2.0806522369384766,0.8155690431594849,1.733304500579834,-0.30038729310035706,-0.2172444760799408,-0.8998443484306335,-1.8877549171447754,4.23859977722168,0.02661065012216568,-4.718225002288818,-4.669599533081055,5.008368492126465,-2.780256986618042,1.3375239372253418,4.320878982543945,5.580593585968018,1.3775697946548462,-3.0753509998321533,-4.532808303833008,-1.3590222597122192,1.8269100189208984,5.084456443786621,2.933358669281006,1.5791727304458618,0.5986853837966919,2.899632215499878,-2.0565805435180664,-0.4436139762401581,5.708820343017578,4.472712516784668,1.0161230564117432,-4.396453857421875,0.21076691150665283,-4.852756500244141,2.486173152923584,2.812882661819458,-2.3627028465270996,1.733473539352417,-6.072058200836182,4.4662322998046875,2.0679759979248047,-0.43373697996139526,-0.1402381956577301,-2.708435297012329,3.0866973400115967,2.9096806049346924,3.892524242401123,-4.1097731590271,-2.3296496868133545,-6.029739856719971,3.446587324142456,5.58329439163208,3.75103497505188,-6.200607776641846,-2.857883930206299,0.5392963290214539,-0.9448914527893066,4.2791523933410645
31,0,31,0,0.025000001303851604,3,1.5310423374176025,-2.0135838985443115,0.8766874670982361,1.0471010208129883,-3.6195244789123535,3.950314998626709,-3.4691624641418457,-6.28000020980835,3.9160218238830566,2.5373640060424805,5.744410991668701,5.687384128570557,-5.297969341278076,-4.149894714355469,5.974544048309326,-5.5080952644348145,-5.0012593269348145,-1.5473105907440186,-0.8050484657287598,2.308212995529175,-2.1161842346191406,-1.372116208076477,-2.1594154834747314,-2.3261866569519043,-0.7787518501281738,-1.3355320692062378,4.19725227355957,3.444683074951172,3.8064045906066895,-0.5411534905433655,6.094580173492432,3.955656051635742,-1.7931079864501953,5.419075012207031,4.635956764221191,1.1801568269729614,-6.030165672302246,2.4932284355163574,0.5166996717453003,1.1534206867218018,2.9209139347076416,0.18564827740192413,1.778419017791748,-2.8949036598205566,5.835360050201416,-2.262486696243286,0.5000352263450623,-1.1935973167419434,0.12186706066131592,0.40287813544273376,3.580623149871826,-2.2691006660461426,5.5683512687683105,4.1855878829956055,4.97479772567749,-0.9410936832427979,-1.1525241136550903,-1.500845193862915,1.6719435453414917,-0.39573508501052856,-2.4184165000915527,-0.5874055624008179,-1.7148158550262451,3.91874098777771,-0.25518956780433655,2.6129181385040283,2.7816576957702637,-5.517210006713867,-5.8305983543396,-3.505441904067993,2.342839241027832,0.6245219707489014,-5.124745845794678,4.358306884765625
