joint,initial_span_fraction,occupied_marginal_bins_of10,mean_range_rad_raw,mean_range_rad_projection,mean_range_rad_alpha_v4,mean_range_rad_alpha_v5
F_L/fr3_joint1,0.9614721536636353,10,0.0388699546456337,0.013047033920884132,0.022534765303134918,0.03248726204037666
F_L/fr3_joint2,0.9530033469200134,10,0.033348001539707184,0.01833014376461506,0.025594502687454224,0.030360229313373566
F_L/fr3_joint3,0.9960091710090637,10,0.03851450979709625,0.009101448580622673,0.02048419415950775,0.031271595507860184
F_L/fr3_joint4,0.9742848873138428,10,0.026394842192530632,0.009037848562002182,0.01619991473853588,0.022765085101127625
F_L/fr3_joint5,0.9933602809906006,10,0.034852124750614166,0.003594488138332963,0.01656481623649597,0.028833139687776566
F_L/fr3_joint6,0.9863027334213257,10,0.028617195785045624,0.002564547583460808,0.012340271845459938,0.023235317319631577
F_L/fr3_joint7,0.9754015803337097,10,0.03782423585653305,0.00017543081776238978,0.01630774699151516,0.030603671446442604
F_R/fr3_joint1,0.9724875092506409,10,0.04136401414871216,0.016636231914162636,0.027354218065738678,0.03534753620624542
F_R/fr3_joint2,0.9781541228294373,10,0.03234689682722092,0.016636742278933525,0.025187840685248375,0.029379168525338173
F_R/fr3_joint3,0.9909436702728271,10,0.03877105191349983,0.00994320958852768,0.02092570811510086,0.03225218877196312
F_R/fr3_joint4,0.9474640488624573,10,0.027639053761959076,0.010603358037769794,0.01871904730796814,0.024130575358867645
F_R/fr3_joint5,0.9938356280326843,10,0.03500913083553314,0.0040003773756325245,0.015552938915789127,0.028646672144532204
F_R/fr3_joint6,0.9533147811889648,10,0.02745341882109642,0.004244954325258732,0.01358240656554699,0.02301016077399254
F_R/fr3_joint7,0.9926134943962097,10,0.036553673446178436,0.00011921001714654267,0.015267642214894295,0.029611166566610336
U_L/shoulder_pan_joint,0.9863826632499695,10,0.06408503651618958,0.01317044161260128,0.03458375483751297,0.05253119766712189
U_L/shoulder_lift_joint,0.9952297210693359,8,0.07562906295061111,0.021622981876134872,0.04402390122413635,0.06360684335231781
U_L/elbow_joint,0.8494143486022949,10,0.04781859368085861,0.009907638654112816,0.024353500455617905,0.040306270122528076
U_L/wrist_1_joint,0.9876570105552673,10,0.06557783484458923,0.0014435070334002376,0.02891986444592476,0.054014816880226135
U_L/wrist_2_joint,0.9819827079772949,8,0.06226014345884323,0.0008570540230721235,0.02259926311671734,0.04934176057577133
U_L/wrist_3_joint,0.975094199180603,10,0.06767281889915466,0.0004716005059890449,0.0279762651771307,0.054956696927547455
U_R/shoulder_pan_joint,0.9947655200958252,10,0.07232338935136795,0.010878952220082283,0.03556666523218155,0.060940612107515335
U_R/shoulder_lift_joint,0.7462471127510071,6,0.06646718084812164,0.019867151975631714,0.03950919955968857,0.05699949339032173
U_R/elbow_joint,0.8464207649230957,10,0.04623490571975708,0.008434092625975609,0.0230569951236248,0.038276560604572296
U_R/wrist_1_joint,0.9914976954460144,10,0.0588836669921875,0.0013061638455837965,0.024869482964277267,0.0483790747821331
U_R/wrist_2_joint,0.9883778095245361,8,0.06851895153522491,0.0007847058586776257,0.02633061446249485,0.056216415017843246
U_R/wrist_3_joint,0.9897282123565674,10,0.07043622434139252,0.0004182331031188369,0.029553141444921494,0.05808698385953903
