id,flow,method,seed,status,windows,completed_windows,initial_violations,initially_safe,safe_initial_violations,unknown_outcome_windows
wide_iid_731923_raw,wide_iid,raw,731923,complete,64,64,51,13,13,0
wide_iid_731923_system0,wide_iid,original128,731923,invalid,64,0,51,13,,64
wide_iid_2048171_raw,wide_iid,raw,2048171,complete,64,64,55,9,9,0
wide_iid_2048171_system0,wide_iid,original128,2048171,invalid,64,0,55,9,,64
wide_iid_9987031_raw,wide_iid,raw,9987031,complete,64,64,49,15,15,0
wide_iid_9987031_system0,wide_iid,original128,9987031,invalid,64,0,49,15,,64
wide_burst_731923_raw,wide_burst,raw,731923,complete,64,64,51,13,13,0
wide_burst_731923_system0,wide_burst,original128,731923,invalid,64,0,51,13,,64
wide_burst_2048171_raw,wide_burst,raw,2048171,complete,64,64,55,9,9,0
wide_burst_2048171_system0,wide_burst,original128,2048171,invalid,64,0,55,9,,64
wide_burst_9987031_raw,wide_burst,raw,9987031,complete,64,64,49,15,15,0
wide_burst_9987031_system0,wide_burst,original128,9987031,invalid,64,0,49,15,,64
global_burst_731923_raw,global_burst,raw,731923,complete,64,64,63,1,1,0
global_burst_731923_system0,global_burst,original128,731923,invalid,64,0,63,1,,64
global_burst_2048171_raw,global_burst,raw,2048171,complete,64,64,63,1,1,0
global_burst_2048171_system0,global_burst,original128,2048171,invalid,64,0,63,1,,64
global_burst_9987031_raw,global_burst,raw,9987031,complete,64,64,60,4,4,0
global_burst_9987031_system0,global_burst,original128,9987031,invalid,64,0,60,4,,64
wide_iid_731923_system0_dynamic,wide_iid,dynamic512,731923,complete,64,64,51,13,3,0
wide_iid_2048171_system0_dynamic,wide_iid,dynamic512,2048171,complete,64,64,55,9,3,0
wide_iid_9987031_system0_dynamic,wide_iid,dynamic512,9987031,complete,64,64,49,15,4,0
feasible_burst_13447771_raw,feasible_burst,raw,13447771,complete,64,64,0,64,64,0
feasible_burst_13447771_system0,feasible_burst,dynamic512,13447771,complete,64,64,0,64,36,0
feasible_burst_27180353_raw,feasible_burst,raw,27180353,complete,64,64,0,64,64,0
feasible_burst_27180353_system0,feasible_burst,dynamic512,27180353,complete,64,64,0,64,38,0
feasible_burst_48921161_raw,feasible_burst,raw,48921161,complete,64,64,0,64,64,0
feasible_burst_48921161_system0,feasible_burst,dynamic512,48921161,complete,64,64,0,64,41,0
