env_id,arm,attempt,requested_azimuth_deg,actual_azimuth_deg,signed_error_deg,absolute_error_deg,horizontal_baseline_mm,direction_condition,elevation_deg,eye_max_abs_rounding_um,matrix_axis_vs_requested_deg,actual_eye_is_exact_float32_request,producer_pose_component_gate_pass
0,F_L,1,209.70649481802266,209.70665941428715,0.0001645962644829524,0.0001645962644829524,211.62960509058806,2.625680085831899,67.61342660118521,0.45574231677392163,0.00027686884402555734,True,True
0,F_L,4,29.70649481802268,29.706359244387272,-0.00013557363541849554,0.00013557363541849554,212.44366913074356,2.6256766653511954,-67.61339585747363,0.3984494085784718,-0.0002448326075636942,True,True
3,U_R,2,76.6466257592137,76.64683053014475,0.0002047709310488699,0.0002047709310488699,121.55435771121232,4.113386164325036,75.92990818621846,0.4426182993455541,0.00019182300962938825,True,True
3,U_R,6,256.6466257592137,256.64683053014477,0.0002047709310772916,0.0002047709310772916,121.55435771121232,4.113386164325036,-75.92990818621846,0.4426182993455541,0.0002175688286456534,True,True
6,U_L,3,244.7693431024865,244.7692261510309,-0.00011695145559542652,0.00011695145559542652,26.336132438855355,18.98532400209523,86.9807043643504,0.10058088939501886,-0.00022820500100806385,True,True
6,U_L,5,64.76934310248649,64.7692261510309,-0.00011695145559542652,0.00011695145559542652,26.336132438855355,18.985323966781394,-86.98070435872913,0.10058088939501886,-7.75371591998919e-06,True,True
8,F_R,2,43.520302532671245,43.52020191729014,-0.00010061538111472146,0.00010061538111472146,179.5712397587574,2.7844108387744826,68.95246259012254,0.4225271332813918,-4.525810192035351e-05,True,True
8,F_R,6,223.52030253267125,223.52020191729014,-0.00010061538111472146,0.00010061538111472146,179.5712397587574,2.7844108387744826,-68.95246259012254,0.4225271332813918,-0.00015565422518193373,True,True
9,F_R,3,47.05191424673458,47.05201612535804,0.00010187862346811016,0.00010187862346811016,260.5123562848755,1.919294597588947,58.5989847434065,0.3659232277186675,0.00013646803080291647,True,True
12,F_L,3,113.8982463217139,113.89837282654445,0.0001265048305469918,0.0001265048305469918,78.66980040758371,6.355678898931633,80.94748909990061,0.19184006383454744,0.00012867765988744395,True,True
15,U_R,1,138.88586275873337,138.88597080372668,0.00010804499331129591,0.00010804499331129591,106.94395113888206,4.67534618297162,77.64970868243499,0.28410282126856146,0.00010786411937147022,True,True
15,U_R,4,318.88586275873337,318.8859708037267,0.00010804499333971762,0.00010804499333971762,106.94395113888206,4.675345774636559,-77.64970758676372,0.28410282126856146,0.00010867359651456354,True,True
25,U_L,3,316.7413129668701,316.73930182695074,-0.002011139919375182,0.002011139919375182,5.693290524293959,92.10186178531747,89.37789634006315,0.15520009188918493,0.0030256923736828867,True,True
25,U_R,2,306.8553121648633,306.85499512007317,-0.0003170447901084117,0.0003170447901084117,102.29797709309491,5.375656340051301,79.2791722003742,0.4578780465891441,-0.00047932286400964585,True,True
25,U_R,6,126.85531216486329,126.85546891996772,0.0001567551044274751,0.0001567551044274751,102.6275667307662,5.3756555615320085,-79.27917062937297,0.22435279056765012,0.0003159412065087963,True,True
29,U_R,3,324.3036756501679,324.3035685498751,-0.00010710029283700351,0.00010710029283700351,130.0070192491502,3.926136453562275,75.24399365716187,0.17707777111297673,-0.00019275588203981897,True,True
