case_id,family,controls,orientation_x_deg,mean_of_four_step_momentum_Nm,mean_of_four_step_projection_Nm,mean_explicit_readback_Nm,conditional_mean_drive_residual_Nm,sign_observations,zero_drive_counterexample_steps,passive_or_load_response_steps,projection_momentum_agreement_steps,within_micro_peak,production_drive_torque
P_ZERO,P_PASSIVE_REFERENCE,"{""kp"": 0.0, ""kd"": 0.0, ""q0"": 0.0, ""qd0"": 0.0, ""target"": 0.0, ""velocity_target"": 0.0, ""explicit"": 0.0, ""body_torque"": 0.0, ""limits"": [-100.0, 100.0], ""max_velocity"": 100.0, ""friction"": [0.0, 0.0, 0.0], ""armature"": 0.0, ""max_force"": 0.2, ""drive_type"": ""force""}",0.0,0.0,0.0,0.0,0.0,"[{""momentum"": ""ZERO_WITHIN_DIAGNOSTIC_TOLERANCE"", ""projected"": ""ZERO_WITHIN_DIAGNOSTIC_TOLERANCE"", ""explicit"": ""ZERO_WITHIN_DIAGNOSTIC_TOLERANCE"", ""conditional_residual"": ""ZERO_WITHIN_DIAGNOSTIC_TOLERANCE""}, {""momentum"": ""ZERO_WITHIN_DIAGNOSTIC_TOLERANCE"", ""projected"": ""ZERO_WITHIN_DIAGNOSTIC_TOLERANCE"", ""explicit"": ""ZERO_WITHIN_DIAGNOSTIC_TOLERANCE"", ""conditional_residual"": ""ZERO_WITHIN_DIAGNOSTIC_TOLERANCE""}, {""momentum"": ""ZERO_WITHIN_DIAGNOSTIC_TOLERANCE"", ""projected"": ""ZERO_WITHIN_DIAGNOSTIC_TOLERANCE"", ""explicit"": ""ZERO_WITHIN_DIAGNOSTIC_TOLERANCE"", ""conditional_residual"": ""ZERO_WITHIN_DIAGNOSTIC_TOLERANCE""}, {""momentum"": ""ZERO_WITHIN_DIAGNOSTIC_TOLERANCE"", ""projected"": ""ZERO_WITHIN_DIAGNOSTIC_TOLERANCE"", ""explicit"": ""ZERO_WITHIN_DIAGNOSTIC_TOLERANCE"", ""conditional_residual"": ""ZERO_WITHIN_DIAGNOSTIC_TOLERANCE""}]",[],[],"[0, 1, 2, 3]",UNKNOWN,UNKNOWN
A_MODEST_-1,A_PURE_DRIVE,"{""kp"": 2.0, ""kd"": 0.02, ""q0"": 0.0, ""qd0"": 0.0, ""target"": -0.02, ""velocity_target"": 0.0, ""explicit"": 0.0, ""body_torque"": 0.0, ""limits"": [-100.0, 100.0], ""max_velocity"": 100.0, ""friction"": [0.0, 0.0, 0.0], ""armature"": 0.0, ""max_force"": 0.2, ""drive_type"": ""force""}",90.0,-0.035749110579490664,-0.03574910666793585,0.0,-0.035749110579490664,"[{""momentum"": ""NEGATIVE"", ""projected"": ""NEGATIVE"", ""explicit"": ""ZERO_WITHIN_DIAGNOSTIC_TOLERANCE"", ""conditional_residual"": ""NEGATIVE""}, {""momentum"": ""NEGATIVE"", ""projected"": ""NEGATIVE"", ""explicit"": ""ZERO_WITHIN_DIAGNOSTIC_TOLERANCE"", ""conditional_residual"": ""NEGATIVE""}, {""momentum"": ""NEGATIVE"", ""projected"": ""NEGATIVE"", ""explicit"": ""ZERO_WITHIN_DIAGNOSTIC_TOLERANCE"", ""conditional_residual"": ""NEGATIVE""}, {""momentum"": ""NEGATIVE"", ""projected"": ""NEGATIVE"", ""explicit"": ""ZERO_WITHIN_DIAGNOSTIC_TOLERANCE"", ""conditional_residual"": ""NEGATIVE""}]",[],[],"[0, 1, 2, 3]",UNKNOWN,UNKNOWN
A_SATURATING_-1,A_PURE_DRIVE,"{""kp"": 2.0, ""kd"": 0.02, ""q0"": 0.0, ""qd0"": 0.0, ""target"": -2.0, ""velocity_target"": 0.0, ""explicit"": 0.0, ""body_torque"": 0.0, ""limits"": [-100.0, 100.0], ""max_velocity"": 100.0, ""friction"": [0.0, 0.0, 0.0], ""armature"": 0.0, ""max_force"": 0.2, ""drive_type"": ""force""}",0.0,-0.20000002384185794,-0.19999998435378075,0.0,-0.20000002384185794,"[{""momentum"": ""NEGATIVE"", ""projected"": ""NEGATIVE"", ""explicit"": ""ZERO_WITHIN_DIAGNOSTIC_TOLERANCE"", ""conditional_residual"": ""NEGATIVE""}, {""momentum"": ""NEGATIVE"", ""projected"": ""NEGATIVE"", ""explicit"": ""ZERO_WITHIN_DIAGNOSTIC_TOLERANCE"", ""conditional_residual"": ""NEGATIVE""}, {""momentum"": ""NEGATIVE"", ""projected"": ""NEGATIVE"", ""explicit"": ""ZERO_WITHIN_DIAGNOSTIC_TOLERANCE"", ""conditional_residual"": ""NEGATIVE""}, {""momentum"": ""NEGATIVE"", ""projected"": ""NEGATIVE"", ""explicit"": ""ZERO_WITHIN_DIAGNOSTIC_TOLERANCE"", ""conditional_residual"": ""NEGATIVE""}]",[],[],"[0, 1, 2, 3]",UNKNOWN,UNKNOWN
A_MODEST_+1,A_PURE_DRIVE,"{""kp"": 2.0, ""kd"": 0.02, ""q0"": 0.0, ""qd0"": 0.0, ""target"": 0.02, ""velocity_target"": 0.0, ""explicit"": 0.0, ""body_torque"": 0.0, ""limits"": [-100.0, 100.0], ""max_velocity"": 100.0, ""friction"": [0.0, 0.0, 0.0], ""armature"": 0.0, ""max_force"": 0.2, ""drive_type"": ""force""}",90.0,0.035749110579490664,0.03574910666793585,0.0,0.035749110579490664,"[{""momentum"": ""POSITIVE"", ""projected"": ""POSITIVE"", ""explicit"": ""ZERO_WITHIN_DIAGNOSTIC_TOLERANCE"", ""conditional_residual"": ""POSITIVE""}, {""momentum"": ""POSITIVE"", ""projected"": ""POSITIVE"", ""explicit"": ""ZERO_WITHIN_DIAGNOSTIC_TOLERANCE"", ""conditional_residual"": ""POSITIVE""}, {""momentum"": ""POSITIVE"", ""projected"": ""POSITIVE"", ""explicit"": ""ZERO_WITHIN_DIAGNOSTIC_TOLERANCE"", ""conditional_residual"": ""POSITIVE""}, {""momentum"": ""POSITIVE"", ""projected"": ""POSITIVE"", ""explicit"": ""ZERO_WITHIN_DIAGNOSTIC_TOLERANCE"", ""conditional_residual"": ""POSITIVE""}]",[],[],"[0, 1, 2, 3]",UNKNOWN,UNKNOWN
A_SATURATING_+1,A_PURE_DRIVE,"{""kp"": 2.0, ""kd"": 0.02, ""q0"": 0.0, ""qd0"": 0.0, ""target"": 2.0, ""velocity_target"": 0.0, ""explicit"": 0.0, ""body_torque"": 0.0, ""limits"": [-100.0, 100.0], ""max_velocity"": 100.0, ""friction"": [0.0, 0.0, 0.0], ""armature"": 0.0, ""max_force"": 0.2, ""drive_type"": ""force""}",0.0,0.20000002384185794,0.19999998435378075,0.0,0.20000002384185794,"[{""momentum"": ""POSITIVE"", ""projected"": ""POSITIVE"", ""explicit"": ""ZERO_WITHIN_DIAGNOSTIC_TOLERANCE"", ""conditional_residual"": ""POSITIVE""}, {""momentum"": ""POSITIVE"", ""projected"": ""POSITIVE"", ""explicit"": ""ZERO_WITHIN_DIAGNOSTIC_TOLERANCE"", ""conditional_residual"": ""POSITIVE""}, {""momentum"": ""POSITIVE"", ""projected"": ""POSITIVE"", ""explicit"": ""ZERO_WITHIN_DIAGNOSTIC_TOLERANCE"", ""conditional_residual"": ""POSITIVE""}, {""momentum"": ""POSITIVE"", ""projected"": ""POSITIVE"", ""explicit"": ""ZERO_WITHIN_DIAGNOSTIC_TOLERANCE"", ""conditional_residual"": ""POSITIVE""}]",[],[],"[0, 1, 2, 3]",UNKNOWN,UNKNOWN
B_EXPLICIT_-1,B_EXPLICIT_ONLY,"{""kp"": 0.0, ""kd"": 0.0, ""q0"": 0.0, ""qd0"": 0.0, ""target"": 0.0, ""velocity_target"": 0.0, ""explicit"": -0.04, ""body_torque"": 0.0, ""limits"": [-100.0, 100.0], ""max_velocity"": 100.0, ""friction"": [0.0, 0.0, 0.0], ""armature"": 0.0, ""max_force"": 0.2, ""drive_type"": ""force""}",90.0,-0.04000002443790437,-0.040000008419156075,-0.03999999910593033,-2.5331974039255467e-08,"[{""momentum"": ""NEGATIVE"", ""projected"": ""NEGATIVE"", ""explicit"": ""NEGATIVE"", ""conditional_residual"": ""ZERO_WITHIN_DIAGNOSTIC_TOLERANCE""}, {""momentum"": ""NEGATIVE"", ""projected"": ""NEGATIVE"", ""explicit"": ""NEGATIVE"", ""conditional_residual"": ""ZERO_WITHIN_DIAGNOSTIC_TOLERANCE""}, {""momentum"": ""NEGATIVE"", ""projected"": ""NEGATIVE"", ""explicit"": ""NEGATIVE"", ""conditional_residual"": ""ZERO_WITHIN_DIAGNOSTIC_TOLERANCE""}, {""momentum"": ""NEGATIVE"", ""projected"": ""NEGATIVE"", ""explicit"": ""NEGATIVE"", ""conditional_residual"": ""ZERO_WITHIN_DIAGNOSTIC_TOLERANCE""}]","[0, 1, 2, 3]",[],"[0, 1, 2, 3]",UNKNOWN,UNKNOWN
B_EXPLICIT_+1,B_EXPLICIT_ONLY,"{""kp"": 0.0, ""kd"": 0.0, ""q0"": 0.0, ""qd0"": 0.0, ""target"": 0.0, ""velocity_target"": 0.0, ""explicit"": 0.04, ""body_torque"": 0.0, ""limits"": [-100.0, 100.0], ""max_velocity"": 100.0, ""friction"": [0.0, 0.0, 0.0], ""armature"": 0.0, ""max_force"": 0.2, ""drive_type"": ""force""}",0.0,0.040000030398368844,0.04000001214444637,0.03999999910593033,3.129243851540675e-08,"[{""momentum"": ""POSITIVE"", ""projected"": ""POSITIVE"", ""explicit"": ""POSITIVE"", ""conditional_residual"": ""ZERO_WITHIN_DIAGNOSTIC_TOLERANCE""}, {""momentum"": ""POSITIVE"", ""projected"": ""POSITIVE"", ""explicit"": ""POSITIVE"", ""conditional_residual"": ""ZERO_WITHIN_DIAGNOSTIC_TOLERANCE""}, {""momentum"": ""POSITIVE"", ""projected"": ""POSITIVE"", ""explicit"": ""POSITIVE"", ""conditional_residual"": ""ZERO_WITHIN_DIAGNOSTIC_TOLERANCE""}, {""momentum"": ""POSITIVE"", ""projected"": ""POSITIVE"", ""explicit"": ""POSITIVE"", ""conditional_residual"": ""ZERO_WITHIN_DIAGNOSTIC_TOLERANCE""}]","[0, 1, 2, 3]",[],"[0, 1, 2, 3]",UNKNOWN,UNKNOWN
C_COMBINED_D-1_E-1,C_COMBINED,"{""kp"": 2.0, ""kd"": 0.02, ""q0"": 0.0, ""qd0"": 0.0, ""target"": -2.0, ""velocity_target"": 0.0, ""explicit"": -0.04, ""body_torque"": 0.0, ""limits"": [-100.0, 100.0], ""max_velocity"": 100.0, ""friction"": [0.0, 0.0, 0.0], ""armature"": 0.0, ""max_force"": 0.2, ""drive_type"": ""force""}",90.0,-0.24000008106231693,-0.23999999463558197,-0.03999999910593033,-0.2000000819563866,"[{""momentum"": ""NEGATIVE"", ""projected"": ""NEGATIVE"", ""explicit"": ""NEGATIVE"", ""conditional_residual"": ""NEGATIVE""}, {""momentum"": ""NEGATIVE"", ""projected"": ""NEGATIVE"", ""explicit"": ""NEGATIVE"", ""conditional_residual"": ""NEGATIVE""}, {""momentum"": ""NEGATIVE"", ""projected"": ""NEGATIVE"", ""explicit"": ""NEGATIVE"", ""conditional_residual"": ""NEGATIVE""}, {""momentum"": ""NEGATIVE"", ""projected"": ""NEGATIVE"", ""explicit"": ""NEGATIVE"", ""conditional_residual"": ""NEGATIVE""}]",[],[],"[0, 1, 2, 3]",UNKNOWN,UNKNOWN
C_COMBINED_D-1_E+1,C_COMBINED,"{""kp"": 2.0, ""kd"": 0.02, ""q0"": 0.0, ""qd0"": 0.0, ""target"": -2.0, ""velocity_target"": 0.0, ""explicit"": 0.04, ""body_torque"": 0.0, ""limits"": [-100.0, 100.0], ""max_velocity"": 100.0, ""friction"": [0.0, 0.0, 0.0], ""armature"": 0.0, ""max_force"": 0.2, ""drive_type"": ""force""}",0.0,-0.15999999046325686,-0.15999993681907654,0.03999999910593033,-0.1999999895691872,"[{""momentum"": ""NEGATIVE"", ""projected"": ""NEGATIVE"", ""explicit"": ""POSITIVE"", ""conditional_residual"": ""NEGATIVE""}, {""momentum"": ""NEGATIVE"", ""projected"": ""NEGATIVE"", ""explicit"": ""POSITIVE"", ""conditional_residual"": ""NEGATIVE""}, {""momentum"": ""NEGATIVE"", ""projected"": ""NEGATIVE"", ""explicit"": ""POSITIVE"", ""conditional_residual"": ""NEGATIVE""}, {""momentum"": ""NEGATIVE"", ""projected"": ""NEGATIVE"", ""explicit"": ""POSITIVE"", ""conditional_residual"": ""NEGATIVE""}]",[],[],"[0, 1, 2, 3]",UNKNOWN,UNKNOWN
C_COMBINED_D+1_E-1,C_COMBINED,"{""kp"": 2.0, ""kd"": 0.02, ""q0"": 0.0, ""qd0"": 0.0, ""target"": 2.0, ""velocity_target"": 0.0, ""explicit"": -0.04, ""body_torque"": 0.0, ""limits"": [-100.0, 100.0], ""max_velocity"": 100.0, ""friction"": [0.0, 0.0, 0.0], ""armature"": 0.0, ""max_force"": 0.2, ""drive_type"": ""force""}",90.0,0.1600000381469727,0.15999998897314072,-0.03999999910593033,0.20000003725290302,"[{""momentum"": ""POSITIVE"", ""projected"": ""POSITIVE"", ""explicit"": ""NEGATIVE"", ""conditional_residual"": ""POSITIVE""}, {""momentum"": ""POSITIVE"", ""projected"": ""POSITIVE"", ""explicit"": ""NEGATIVE"", ""conditional_residual"": ""POSITIVE""}, {""momentum"": ""POSITIVE"", ""projected"": ""POSITIVE"", ""explicit"": ""NEGATIVE"", ""conditional_residual"": ""POSITIVE""}, {""momentum"": ""POSITIVE"", ""projected"": ""POSITIVE"", ""explicit"": ""NEGATIVE"", ""conditional_residual"": ""POSITIVE""}]",[],[],"[0, 1, 2, 3]",UNKNOWN,UNKNOWN
C_COMBINED_D+1_E+1,C_COMBINED,"{""kp"": 2.0, ""kd"": 0.02, ""q0"": 0.0, ""qd0"": 0.0, ""target"": 2.0, ""velocity_target"": 0.0, ""explicit"": 0.04, ""body_torque"": 0.0, ""limits"": [-100.0, 100.0], ""max_velocity"": 100.0, ""friction"": [0.0, 0.0, 0.0], ""armature"": 0.0, ""max_force"": 0.2, ""drive_type"": ""force""}",0.0,0.24000005722045903,0.23999997600913048,0.03999999910593033,0.2000000581145287,"[{""momentum"": ""POSITIVE"", ""projected"": ""POSITIVE"", ""explicit"": ""POSITIVE"", ""conditional_residual"": ""POSITIVE""}, {""momentum"": ""POSITIVE"", ""projected"": ""POSITIVE"", ""explicit"": ""POSITIVE"", ""conditional_residual"": ""POSITIVE""}, {""momentum"": ""POSITIVE"", ""projected"": ""POSITIVE"", ""explicit"": ""POSITIVE"", ""conditional_residual"": ""POSITIVE""}, {""momentum"": ""POSITIVE"", ""projected"": ""POSITIVE"", ""explicit"": ""POSITIVE"", ""conditional_residual"": ""POSITIVE""}]",[],[],"[0, 1, 2, 3]",UNKNOWN,UNKNOWN
D_STOP_-1,D_STOP,"{""kp"": 0.0, ""kd"": 0.0, ""q0"": -0.0495, ""qd0"": -1.0, ""target"": 0.0, ""velocity_target"": 0.0, ""explicit"": 0.0, ""body_torque"": 0.0, ""limits"": [-0.05, 0.05], ""max_velocity"": 100.0, ""friction"": [0.0, 0.0, 0.0], ""armature"": 0.0, ""max_force"": 0.2, ""drive_type"": ""force""}",90.0,0.2000000059604638,0.19999998807907104,0.0,UNKNOWN,"[{""momentum"": ""POSITIVE"", ""projected"": ""POSITIVE"", ""explicit"": ""ZERO_WITHIN_DIAGNOSTIC_TOLERANCE"", ""conditional_residual"": ""UNKNOWN""}, {""momentum"": ""ZERO_WITHIN_DIAGNOSTIC_TOLERANCE"", ""projected"": ""ZERO_WITHIN_DIAGNOSTIC_TOLERANCE"", ""explicit"": ""ZERO_WITHIN_DIAGNOSTIC_TOLERANCE"", ""conditional_residual"": ""UNKNOWN""}, {""momentum"": ""ZERO_WITHIN_DIAGNOSTIC_TOLERANCE"", ""projected"": ""ZERO_WITHIN_DIAGNOSTIC_TOLERANCE"", ""explicit"": ""ZERO_WITHIN_DIAGNOSTIC_TOLERANCE"", ""conditional_residual"": ""UNKNOWN""}, {""momentum"": ""ZERO_WITHIN_DIAGNOSTIC_TOLERANCE"", ""projected"": ""ZERO_WITHIN_DIAGNOSTIC_TOLERANCE"", ""explicit"": ""ZERO_WITHIN_DIAGNOSTIC_TOLERANCE"", ""conditional_residual"": ""UNKNOWN""}]",[0],[0],"[0, 1, 2, 3]",UNKNOWN,UNKNOWN
D_CLAMP_-1,D_CLAMP,"{""kp"": 0.0, ""kd"": 0.0, ""q0"": 0.0, ""qd0"": -1.0, ""target"": 0.0, ""velocity_target"": 0.0, ""explicit"": 0.0, ""body_torque"": 0.0, ""limits"": [-100.0, 100.0], ""max_velocity"": 0.25, ""friction"": [0.0, 0.0, 0.0], ""armature"": 0.0, ""max_force"": 0.2, ""drive_type"": ""force""}",0.0,0.15000000000000002,-5.6757622499103354e-28,0.0,UNKNOWN,"[{""momentum"": ""POSITIVE"", ""projected"": ""ZERO_WITHIN_DIAGNOSTIC_TOLERANCE"", ""explicit"": ""ZERO_WITHIN_DIAGNOSTIC_TOLERANCE"", ""conditional_residual"": ""UNKNOWN""}, {""momentum"": ""ZERO_WITHIN_DIAGNOSTIC_TOLERANCE"", ""projected"": ""ZERO_WITHIN_DIAGNOSTIC_TOLERANCE"", ""explicit"": ""ZERO_WITHIN_DIAGNOSTIC_TOLERANCE"", ""conditional_residual"": ""UNKNOWN""}, {""momentum"": ""ZERO_WITHIN_DIAGNOSTIC_TOLERANCE"", ""projected"": ""ZERO_WITHIN_DIAGNOSTIC_TOLERANCE"", ""explicit"": ""ZERO_WITHIN_DIAGNOSTIC_TOLERANCE"", ""conditional_residual"": ""UNKNOWN""}, {""momentum"": ""ZERO_WITHIN_DIAGNOSTIC_TOLERANCE"", ""projected"": ""ZERO_WITHIN_DIAGNOSTIC_TOLERANCE"", ""explicit"": ""ZERO_WITHIN_DIAGNOSTIC_TOLERANCE"", ""conditional_residual"": ""UNKNOWN""}]",[],[0],"[1, 2, 3]",UNKNOWN,UNKNOWN
D_FRICTION_-1,D_FRICTION,"{""kp"": 0.0, ""kd"": 0.0, ""q0"": 0.0, ""qd0"": -1.0, ""target"": 0.0, ""velocity_target"": 0.0, ""explicit"": 0.0, ""body_torque"": 0.0, ""limits"": [-100.0, 100.0], ""max_velocity"": 100.0, ""friction"": [0.01, 0.005, 0.02], ""armature"": 0.0, ""max_force"": 0.2, ""drive_type"": ""force""}",90.0,0.02351232767105103,0.023512329906225204,0.0,UNKNOWN,"[{""momentum"": ""POSITIVE"", ""projected"": ""POSITIVE"", ""explicit"": ""ZERO_WITHIN_DIAGNOSTIC_TOLERANCE"", ""conditional_residual"": ""UNKNOWN""}, {""momentum"": ""POSITIVE"", ""projected"": ""POSITIVE"", ""explicit"": ""ZERO_WITHIN_DIAGNOSTIC_TOLERANCE"", ""conditional_residual"": ""UNKNOWN""}, {""momentum"": ""POSITIVE"", ""projected"": ""POSITIVE"", ""explicit"": ""ZERO_WITHIN_DIAGNOSTIC_TOLERANCE"", ""conditional_residual"": ""UNKNOWN""}, {""momentum"": ""POSITIVE"", ""projected"": ""POSITIVE"", ""explicit"": ""ZERO_WITHIN_DIAGNOSTIC_TOLERANCE"", ""conditional_residual"": ""UNKNOWN""}]","[0, 1, 2, 3]","[0, 1, 2, 3]","[0, 1, 2, 3]",UNKNOWN,UNKNOWN
D_BODY_LOAD_-1,D_BODY_LOAD,"{""kp"": 0.0, ""kd"": 0.0, ""q0"": 0.0, ""qd0"": 0.0, ""target"": 0.0, ""velocity_target"": 0.0, ""explicit"": 0.0, ""body_torque"": -0.04, ""limits"": [-100.0, 100.0], ""max_velocity"": 100.0, ""friction"": [0.0, 0.0, 0.0], ""armature"": 0.0, ""max_force"": 0.2, ""drive_type"": ""force""}",0.0,-0.03999998271465302,9.313225830091714e-10,0.0,UNKNOWN,"[{""momentum"": ""NEGATIVE"", ""projected"": ""ZERO_WITHIN_DIAGNOSTIC_TOLERANCE"", ""explicit"": ""ZERO_WITHIN_DIAGNOSTIC_TOLERANCE"", ""conditional_residual"": ""UNKNOWN""}, {""momentum"": ""NEGATIVE"", ""projected"": ""ZERO_WITHIN_DIAGNOSTIC_TOLERANCE"", ""explicit"": ""ZERO_WITHIN_DIAGNOSTIC_TOLERANCE"", ""conditional_residual"": ""UNKNOWN""}, {""momentum"": ""NEGATIVE"", ""projected"": ""ZERO_WITHIN_DIAGNOSTIC_TOLERANCE"", ""explicit"": ""ZERO_WITHIN_DIAGNOSTIC_TOLERANCE"", ""conditional_residual"": ""UNKNOWN""}, {""momentum"": ""NEGATIVE"", ""projected"": ""ZERO_WITHIN_DIAGNOSTIC_TOLERANCE"", ""explicit"": ""ZERO_WITHIN_DIAGNOSTIC_TOLERANCE"", ""conditional_residual"": ""UNKNOWN""}]",[],"[0, 1, 2, 3]",[],UNKNOWN,UNKNOWN
D_STOP_+1,D_STOP,"{""kp"": 0.0, ""kd"": 0.0, ""q0"": 0.0495, ""qd0"": 1.0, ""target"": 0.0, ""velocity_target"": 0.0, ""explicit"": 0.0, ""body_torque"": 0.0, ""limits"": [-0.05, 0.05], ""max_velocity"": 100.0, ""friction"": [0.0, 0.0, 0.0], ""armature"": 0.0, ""max_force"": 0.2, ""drive_type"": ""force""}",90.0,-0.2000000059604638,-0.19999998807907104,0.0,UNKNOWN,"[{""momentum"": ""NEGATIVE"", ""projected"": ""NEGATIVE"", ""explicit"": ""ZERO_WITHIN_DIAGNOSTIC_TOLERANCE"", ""conditional_residual"": ""UNKNOWN""}, {""momentum"": ""ZERO_WITHIN_DIAGNOSTIC_TOLERANCE"", ""projected"": ""ZERO_WITHIN_DIAGNOSTIC_TOLERANCE"", ""explicit"": ""ZERO_WITHIN_DIAGNOSTIC_TOLERANCE"", ""conditional_residual"": ""UNKNOWN""}, {""momentum"": ""ZERO_WITHIN_DIAGNOSTIC_TOLERANCE"", ""projected"": ""ZERO_WITHIN_DIAGNOSTIC_TOLERANCE"", ""explicit"": ""ZERO_WITHIN_DIAGNOSTIC_TOLERANCE"", ""conditional_residual"": ""UNKNOWN""}, {""momentum"": ""ZERO_WITHIN_DIAGNOSTIC_TOLERANCE"", ""projected"": ""ZERO_WITHIN_DIAGNOSTIC_TOLERANCE"", ""explicit"": ""ZERO_WITHIN_DIAGNOSTIC_TOLERANCE"", ""conditional_residual"": ""UNKNOWN""}]",[0],[0],"[0, 1, 2, 3]",UNKNOWN,UNKNOWN
D_CLAMP_+1,D_CLAMP,"{""kp"": 0.0, ""kd"": 0.0, ""q0"": 0.0, ""qd0"": 1.0, ""target"": 0.0, ""velocity_target"": 0.0, ""explicit"": 0.0, ""body_torque"": 0.0, ""limits"": [-100.0, 100.0], ""max_velocity"": 0.25, ""friction"": [0.0, 0.0, 0.0], ""armature"": 0.0, ""max_force"": 0.2, ""drive_type"": ""force""}",0.0,-0.15000000000000002,5.6757622499103354e-28,0.0,UNKNOWN,"[{""momentum"": ""NEGATIVE"", ""projected"": ""ZERO_WITHIN_DIAGNOSTIC_TOLERANCE"", ""explicit"": ""ZERO_WITHIN_DIAGNOSTIC_TOLERANCE"", ""conditional_residual"": ""UNKNOWN""}, {""momentum"": ""ZERO_WITHIN_DIAGNOSTIC_TOLERANCE"", ""projected"": ""ZERO_WITHIN_DIAGNOSTIC_TOLERANCE"", ""explicit"": ""ZERO_WITHIN_DIAGNOSTIC_TOLERANCE"", ""conditional_residual"": ""UNKNOWN""}, {""momentum"": ""ZERO_WITHIN_DIAGNOSTIC_TOLERANCE"", ""projected"": ""ZERO_WITHIN_DIAGNOSTIC_TOLERANCE"", ""explicit"": ""ZERO_WITHIN_DIAGNOSTIC_TOLERANCE"", ""conditional_residual"": ""UNKNOWN""}, {""momentum"": ""ZERO_WITHIN_DIAGNOSTIC_TOLERANCE"", ""projected"": ""ZERO_WITHIN_DIAGNOSTIC_TOLERANCE"", ""explicit"": ""ZERO_WITHIN_DIAGNOSTIC_TOLERANCE"", ""conditional_residual"": ""UNKNOWN""}]",[],[0],"[1, 2, 3]",UNKNOWN,UNKNOWN
D_FRICTION_+1,D_FRICTION,"{""kp"": 0.0, ""kd"": 0.0, ""q0"": 0.0, ""qd0"": 1.0, ""target"": 0.0, ""velocity_target"": 0.0, ""explicit"": 0.0, ""body_torque"": 0.0, ""limits"": [-100.0, 100.0], ""max_velocity"": 100.0, ""friction"": [0.01, 0.005, 0.02], ""armature"": 0.0, ""max_force"": 0.2, ""drive_type"": ""force""}",90.0,-0.02351232767105103,-0.023512330371886492,0.0,UNKNOWN,"[{""momentum"": ""NEGATIVE"", ""projected"": ""NEGATIVE"", ""explicit"": ""ZERO_WITHIN_DIAGNOSTIC_TOLERANCE"", ""conditional_residual"": ""UNKNOWN""}, {""momentum"": ""NEGATIVE"", ""projected"": ""NEGATIVE"", ""explicit"": ""ZERO_WITHIN_DIAGNOSTIC_TOLERANCE"", ""conditional_residual"": ""UNKNOWN""}, {""momentum"": ""NEGATIVE"", ""projected"": ""NEGATIVE"", ""explicit"": ""ZERO_WITHIN_DIAGNOSTIC_TOLERANCE"", ""conditional_residual"": ""UNKNOWN""}, {""momentum"": ""NEGATIVE"", ""projected"": ""NEGATIVE"", ""explicit"": ""ZERO_WITHIN_DIAGNOSTIC_TOLERANCE"", ""conditional_residual"": ""UNKNOWN""}]","[0, 1, 2, 3]","[0, 1, 2, 3]","[0, 1, 2, 3]",UNKNOWN,UNKNOWN
D_BODY_LOAD_+1,D_BODY_LOAD,"{""kp"": 0.0, ""kd"": 0.0, ""q0"": 0.0, ""qd0"": 0.0, ""target"": 0.0, ""velocity_target"": 0.0, ""explicit"": 0.0, ""body_torque"": 0.04, ""limits"": [-100.0, 100.0], ""max_velocity"": 100.0, ""friction"": [0.0, 0.0, 0.0], ""armature"": 0.0, ""max_force"": 0.2, ""drive_type"": ""force""}",0.0,0.03999998271465302,-9.313225830091714e-10,0.0,UNKNOWN,"[{""momentum"": ""POSITIVE"", ""projected"": ""ZERO_WITHIN_DIAGNOSTIC_TOLERANCE"", ""explicit"": ""ZERO_WITHIN_DIAGNOSTIC_TOLERANCE"", ""conditional_residual"": ""UNKNOWN""}, {""momentum"": ""POSITIVE"", ""projected"": ""ZERO_WITHIN_DIAGNOSTIC_TOLERANCE"", ""explicit"": ""ZERO_WITHIN_DIAGNOSTIC_TOLERANCE"", ""conditional_residual"": ""UNKNOWN""}, {""momentum"": ""POSITIVE"", ""projected"": ""ZERO_WITHIN_DIAGNOSTIC_TOLERANCE"", ""explicit"": ""ZERO_WITHIN_DIAGNOSTIC_TOLERANCE"", ""conditional_residual"": ""UNKNOWN""}, {""momentum"": ""POSITIVE"", ""projected"": ""ZERO_WITHIN_DIAGNOSTIC_TOLERANCE"", ""explicit"": ""ZERO_WITHIN_DIAGNOSTIC_TOLERANCE"", ""conditional_residual"": ""UNKNOWN""}]",[],"[0, 1, 2, 3]",[],UNKNOWN,UNKNOWN
