case_id,family,view_row,child_link_index,actual_dt_s,analytic_momentum_step_average_Nm,explicit_readback_Nm,projected_incoming_Nm,independent_child_axis_projection_Nm,comparison_abs_tolerance_Nm,drive_cap_readback_Nm,known_body_torque_command_Nm,projection_agrees,explicit_getter_matches_command,projection_matches_momentum,projection_minus_explicit_matches_residual,projection_matches_drive_residual,zero_drive_by_readback,clean_fixture_preconditions,zero_drive_channel_counterexample,passive_or_load_response_observed,inferred_residual_exceeds_drive_cap,inferred_clean_drive_step_average_Nm,q_before,q_after,qd_before,qd_after,delta_q_over_dt,incoming_wrench_child_joint_6D,observed_signs,actual_production_drive_peak,actual_applied_explicit_impulse,safety_acceptance,step
P_ZERO,P_PASSIVE_REFERENCE,0,1,0.008333333333333333,0.0,0.0,0.0,0.0,3.220703125e-05,0.20000000298023224,0.0,True,True,True,True,True,True,True,False,False,False,0.0,0.0,0.0,0.0,0.0,0.0,"[-1.2304339404994868e-16, 0.0, 9.809999465942383, 0.0, 0.0, 0.0]","{""momentum"": ""ZERO_WITHIN_DIAGNOSTIC_TOLERANCE"", ""projected"": ""ZERO_WITHIN_DIAGNOSTIC_TOLERANCE"", ""explicit"": ""ZERO_WITHIN_DIAGNOSTIC_TOLERANCE"", ""conditional_residual"": ""ZERO_WITHIN_DIAGNOSTIC_TOLERANCE""}",UNKNOWN,UNKNOWN,False,0
A_MODEST_-1,A_PURE_DRIVE,1,1,0.008333333333333333,-0.039251735806465154,0.0,-0.039251722395420074,-0.039251718670129776,3.220703125e-05,0.20000000298023224,0.0,True,True,True,True,True,False,True,False,False,False,-0.039251735806465154,0.0,-0.00023126669111661613,0.0,-0.049064669758081436,-0.027752002933993936,"[-0.002267169998958707, 9.809999465942383, -2.98746101634606e-07, -8.403419293756542e-09, 1.905591684447927e-09, -0.039251718670129776]","{""momentum"": ""NEGATIVE"", ""projected"": ""NEGATIVE"", ""explicit"": ""ZERO_WITHIN_DIAGNOSTIC_TOLERANCE"", ""conditional_residual"": ""NEGATIVE""}",UNKNOWN,UNKNOWN,False,0
A_SATURATING_-1,A_PURE_DRIVE,2,1,0.008333333333333333,-0.20000002384185794,0.0,-0.20000000298023224,-0.20000000298023224,3.220703125e-05,0.20000000298023224,0.0,True,True,True,True,True,False,True,False,False,False,-0.20000002384185794,0.0,-0.002083333907648921,0.0,-0.2500000298023224,-0.2500000689178705,"[-2.37276140069298e-06, -2.4266333387146233e-09, 9.810001373291016, 1.847269892607528e-08, -2.1083896781237677e-11, -0.20000000298023224]","{""momentum"": ""NEGATIVE"", ""projected"": ""NEGATIVE"", ""explicit"": ""ZERO_WITHIN_DIAGNOSTIC_TOLERANCE"", ""conditional_residual"": ""NEGATIVE""}",UNKNOWN,UNKNOWN,False,0
A_MODEST_+1,A_PURE_DRIVE,3,1,0.008333333333333333,0.039251735806465154,0.0,0.039251722395420074,0.039251718670129776,3.220703125e-05,0.20000000298023224,0.0,True,True,True,True,True,False,True,False,False,False,0.039251735806465154,0.0,0.00023126669111661613,0.0,0.049064669758081436,0.027752002933993936,"[0.0022659774404019117, 9.8100004196167, 4.2967423041773145e-07, 5.626080046283732e-09, -6.546116537720081e-09, 0.039251718670129776]","{""momentum"": ""POSITIVE"", ""projected"": ""POSITIVE"", ""explicit"": ""ZERO_WITHIN_DIAGNOSTIC_TOLERANCE"", ""conditional_residual"": ""POSITIVE""}",UNKNOWN,UNKNOWN,False,0
A_SATURATING_+1,A_PURE_DRIVE,4,1,0.008333333333333333,0.20000002384185794,0.0,0.20000000298023224,0.20000000298023224,3.220703125e-05,0.20000000298023224,0.0,True,True,True,True,True,False,True,False,False,False,0.20000002384185794,0.0,0.002083333907648921,0.0,0.2500000298023224,0.2500000689178705,"[-2.37276140069298e-06, 2.4266333387146233e-09, 9.810001373291016, -1.847269892607528e-08, -2.1083896781237677e-11, 0.20000000298023224]","{""momentum"": ""POSITIVE"", ""projected"": ""POSITIVE"", ""explicit"": ""ZERO_WITHIN_DIAGNOSTIC_TOLERANCE"", ""conditional_residual"": ""POSITIVE""}",UNKNOWN,UNKNOWN,False,0
B_EXPLICIT_-1,B_EXPLICIT_ONLY,5,1,0.008333333333333333,-0.040000021457672126,-0.03999999910593033,-0.040000010281801224,-0.040000010281801224,3.220703125e-05,0.20000000298023224,0.0,True,True,True,True,False,True,True,True,False,False,-2.2351741797710378e-08,0.0,-0.00041666693869046867,0.0,-0.05000002682209015,-0.05000003264285624,"[-0.004086353350430727, 9.809999465942383, 4.3576044106430345e-08, -3.650903579455189e-09, 5.485024878737477e-09, -0.040000010281801224]","{""momentum"": ""NEGATIVE"", ""projected"": ""NEGATIVE"", ""explicit"": ""NEGATIVE"", ""conditional_residual"": ""ZERO_WITHIN_DIAGNOSTIC_TOLERANCE""}",UNKNOWN,UNKNOWN,False,0
B_EXPLICIT_+1,B_EXPLICIT_ONLY,6,1,0.008333333333333333,0.04000002443790437,0.03999999910593033,0.03999999910593033,0.03999999910593033,3.220703125e-05,0.20000000298023224,0.0,True,True,True,True,False,True,True,True,False,False,2.5331974039255467e-08,0.0,0.00041666693869046867,0.0,0.05000003054738045,0.05000003264285624,"[-4.253767258433072e-07, 6.220369774823098e-10, 9.809999465942383, 4.24587387470865e-09, 6.522139057128784e-13, 0.03999999910593033]","{""momentum"": ""POSITIVE"", ""projected"": ""POSITIVE"", ""explicit"": ""POSITIVE"", ""conditional_residual"": ""ZERO_WITHIN_DIAGNOSTIC_TOLERANCE""}",UNKNOWN,UNKNOWN,False,0
C_COMBINED_D-1_E-1,C_COMBINED,7,1,0.008333333333333333,-0.24000010490417484,-0.03999999910593033,-0.24000000953674316,-0.23999999463558197,3.220703125e-05,0.20000000298023224,0.0,True,True,True,True,False,False,True,False,False,False,-0.2000001057982445,0.0,-0.002500001108273864,0.0,-0.3000001311302185,-0.30000013299286366,"[-0.02452465333044529, 9.809968948364258, -5.44316414163859e-08, -1.800769666715496e-08, 4.110354723252385e-09, -0.23999999463558197]","{""momentum"": ""NEGATIVE"", ""projected"": ""NEGATIVE"", ""explicit"": ""NEGATIVE"", ""conditional_residual"": ""NEGATIVE""}",UNKNOWN,UNKNOWN,False,0
C_COMBINED_D-1_E+1,C_COMBINED,8,1,0.008333333333333333,-0.16000000238418582,0.03999999910593033,-0.15999992191791534,-0.15999992191791534,3.220703125e-05,0.20000000298023224,0.0,True,True,True,True,False,False,True,False,False,False,-0.20000000149011615,0.0,-0.0016666668234393,0.0,-0.20000000298023224,-0.200000018812716,"[-1.967331684227247e-07, -1.91449789355147e-09, 9.809999465942383, -2.0712596082717027e-08, -1.4138899252780224e-11, -0.15999992191791534]","{""momentum"": ""NEGATIVE"", ""projected"": ""NEGATIVE"", ""explicit"": ""POSITIVE"", ""conditional_residual"": ""NEGATIVE""}",UNKNOWN,UNKNOWN,False,0
C_COMBINED_D+1_E-1,C_COMBINED,9,1,0.008333333333333333,0.16000005006790163,-0.03999999910593033,0.1600000262260437,0.1600000262260437,3.220703125e-05,0.20000000298023224,0.0,True,True,True,True,False,False,True,False,False,False,0.20000004917383196,0.0,0.0016666671726852655,0.0,0.20000006258487701,0.20000006072223186,"[0.016348371282219887, 9.80998706817627, 5.201242458952038e-08, 2.061318760127051e-08, -3.79455045163013e-08, 0.1600000262260437]","{""momentum"": ""POSITIVE"", ""projected"": ""POSITIVE"", ""explicit"": ""NEGATIVE"", ""conditional_residual"": ""POSITIVE""}",UNKNOWN,UNKNOWN,False,0
C_COMBINED_D+1_E+1,C_COMBINED,10,1,0.008333333333333333,0.24000005722045903,0.03999999910593033,0.23999997973442078,0.23999997973442078,3.220703125e-05,0.20000000298023224,0.0,True,True,True,True,False,False,True,False,False,False,0.2000000581145287,0.0,0.0025000006426125765,0.0,0.30000007152557373,0.3000000771135092,"[-2.0964237137377495e-06, 3.987930874416179e-09, 9.810001373291016, -1.5406717679411486e-08, -1.213561803131702e-11, 0.23999997973442078]","{""momentum"": ""POSITIVE"", ""projected"": ""POSITIVE"", ""explicit"": ""POSITIVE"", ""conditional_residual"": ""POSITIVE""}",UNKNOWN,UNKNOWN,False,0
D_STOP_-1,D_STOP,11,1,0.008333333333333333,0.8000000238418552,0.0,0.7999999523162842,0.7999999523162842,3.220703125e-05,0.20000000298023224,0.0,True,True,True,True,True,True,False,True,True,,UNKNOWN,-0.0494999997317791,-0.05000000074505806,-1.0,2.9802318834981634e-08,-0.06000012159347534,"[-0.49029088020324707, 9.797740936279297, -3.957279091082455e-07, 8.133729068049433e-08, -4.255985786016936e-08, 0.7999999523162842]","{""momentum"": ""POSITIVE"", ""projected"": ""POSITIVE"", ""explicit"": ""ZERO_WITHIN_DIAGNOSTIC_TOLERANCE"", ""conditional_residual"": ""UNKNOWN""}",UNKNOWN,UNKNOWN,False,0
D_CLAMP_-1,D_CLAMP,12,1,0.008333333333333333,0.6000000000000001,0.0,-1.036783363253053e-27,-7.025525214344853e-28,3.220703125e-05,0.20000000298023224,0.0,True,True,False,False,False,True,False,False,True,,UNKNOWN,0.0,-0.0020833334419876337,-1.0,-0.25,-0.25000001303851604,"[-2.37276140069298e-06, -2.4266333387146233e-09, 9.810001373291016, 9.764682954255228e-21, -4.687604407197181e-18, -7.025525214344853e-28]","{""momentum"": ""POSITIVE"", ""projected"": ""ZERO_WITHIN_DIAGNOSTIC_TOLERANCE"", ""explicit"": ""ZERO_WITHIN_DIAGNOSTIC_TOLERANCE"", ""conditional_residual"": ""UNKNOWN""}",UNKNOWN,UNKNOWN,False,0
D_FRICTION_-1,D_FRICTION,13,1,0.008333333333333333,0.02439026832580567,0.0,0.02439023368060589,0.02439023368060589,3.220703125e-05,0.20000000298023224,0.0,True,True,True,True,True,True,False,True,True,,UNKNOWN,0.0,-0.008078494109213352,-1.0,-0.9695121645927429,-0.9694192931056023,"[-0.07925129681825638, 9.809680938720703, -2.5302378503511136e-07, 2.2241322117366735e-09, -1.401414095880682e-09, 0.02439023368060589]","{""momentum"": ""POSITIVE"", ""projected"": ""POSITIVE"", ""explicit"": ""ZERO_WITHIN_DIAGNOSTIC_TOLERANCE"", ""conditional_residual"": ""UNKNOWN""}",UNKNOWN,UNKNOWN,False,0
D_BODY_LOAD_-1,D_BODY_LOAD,14,1,0.008333333333333333,-0.039999979734420786,0.0,3.725290076417309e-09,3.7252896323280993e-09,3.220703125e-05,0.20000000298023224,-0.04,True,True,False,False,False,True,False,False,True,,UNKNOWN,0.0,-0.00041666647302918136,0.0,-0.04999997466802597,-0.04999997676350176,"[-4.253767258433072e-07, -6.220369774823098e-10, 9.809999465942383, -5.374347189501805e-09, -2.2382479984012216e-12, 3.7252896323280993e-09]","{""momentum"": ""NEGATIVE"", ""projected"": ""ZERO_WITHIN_DIAGNOSTIC_TOLERANCE"", ""explicit"": ""ZERO_WITHIN_DIAGNOSTIC_TOLERANCE"", ""conditional_residual"": ""UNKNOWN""}",UNKNOWN,UNKNOWN,False,0
D_STOP_+1,D_STOP,15,1,0.008333333333333333,-0.8000000238418552,0.0,-0.7999999523162842,-0.7999999523162842,3.220703125e-05,0.20000000298023224,0.0,True,True,True,True,True,True,False,True,True,,UNKNOWN,0.0494999997317791,0.05000000074505806,1.0,-2.9802318834981634e-08,0.06000012159347534,"[0.4902893602848053, 9.797740936279297, 4.962300295119348e-07, -7.493170528505289e-08, 6.948484099211782e-08, -0.7999999523162842]","{""momentum"": ""NEGATIVE"", ""projected"": ""NEGATIVE"", ""explicit"": ""ZERO_WITHIN_DIAGNOSTIC_TOLERANCE"", ""conditional_residual"": ""UNKNOWN""}",UNKNOWN,UNKNOWN,False,0
D_CLAMP_+1,D_CLAMP,16,1,0.008333333333333333,-0.6000000000000001,0.0,1.036783363253053e-27,7.025525214344853e-28,3.220703125e-05,0.20000000298023224,0.0,True,True,False,False,False,True,False,False,True,,UNKNOWN,0.0,0.0020833334419876337,1.0,0.25,0.25000001303851604,"[-2.37276140069298e-06, 2.4266333387146233e-09, 9.810001373291016, -9.764682954255228e-21, -4.687604407197181e-18, 7.025525214344853e-28]","{""momentum"": ""NEGATIVE"", ""projected"": ""ZERO_WITHIN_DIAGNOSTIC_TOLERANCE"", ""explicit"": ""ZERO_WITHIN_DIAGNOSTIC_TOLERANCE"", ""conditional_residual"": ""UNKNOWN""}",UNKNOWN,UNKNOWN,False,0
D_FRICTION_+1,D_FRICTION,17,1,0.008333333333333333,-0.02439026832580567,0.0,-0.02439023368060589,-0.02439023368060589,3.220703125e-05,0.20000000298023224,0.0,True,True,True,True,True,True,False,True,True,,UNKNOWN,0.0,0.008078494109213352,1.0,0.9695121645927429,0.9694192931056023,"[0.07924973219633102, 9.809680938720703, 4.616349542629905e-07, -2.280337474402927e-09, 2.53605292321879e-09, -0.02439023368060589]","{""momentum"": ""NEGATIVE"", ""projected"": ""NEGATIVE"", ""explicit"": ""ZERO_WITHIN_DIAGNOSTIC_TOLERANCE"", ""conditional_residual"": ""UNKNOWN""}",UNKNOWN,UNKNOWN,False,0
D_BODY_LOAD_+1,D_BODY_LOAD,18,1,0.008333333333333333,0.039999979734420786,0.0,-3.725290076417309e-09,-3.7252896323280993e-09,3.220703125e-05,0.20000000298023224,0.04,True,True,False,False,False,True,False,False,True,,UNKNOWN,0.0,0.00041666647302918136,0.0,0.04999997466802597,0.04999997676350176,"[-4.253767258433072e-07, 6.220369774823098e-10, 9.809999465942383, 5.374347189501805e-09, -2.2382479984012216e-12, -3.7252896323280993e-09]","{""momentum"": ""POSITIVE"", ""projected"": ""ZERO_WITHIN_DIAGNOSTIC_TOLERANCE"", ""explicit"": ""ZERO_WITHIN_DIAGNOSTIC_TOLERANCE"", ""conditional_residual"": ""UNKNOWN""}",UNKNOWN,UNKNOWN,False,0
P_ZERO,P_PASSIVE_REFERENCE,0,1,0.008333333333333333,0.0,0.0,0.0,0.0,3.220703125e-05,0.20000000298023224,0.0,True,True,True,True,True,True,True,False,False,False,0.0,0.0,0.0,0.0,0.0,0.0,"[-1.2304339404994868e-16, 0.0, 9.809999465942383, 0.0, 0.0, 0.0]","{""momentum"": ""ZERO_WITHIN_DIAGNOSTIC_TOLERANCE"", ""projected"": ""ZERO_WITHIN_DIAGNOSTIC_TOLERANCE"", ""explicit"": ""ZERO_WITHIN_DIAGNOSTIC_TOLERANCE"", ""conditional_residual"": ""ZERO_WITHIN_DIAGNOSTIC_TOLERANCE""}",UNKNOWN,UNKNOWN,False,1
A_MODEST_-1,A_PURE_DRIVE,1,1,0.008333333333333333,-0.037381038069725044,0.0,-0.03738102689385414,-0.03738102316856384,3.220703125e-05,0.20000000298023224,0.0,True,True,True,True,True,False,True,False,False,False,-0.037381038069725044,-0.00023126669111661613,-0.0008610826916992664,-0.049064669758081436,-0.09579096734523773,-0.07557792006991804,"[-0.008447596803307533, 9.809996604919434, 5.7796864183501384e-08, -1.6873451524901384e-09, 3.9396841344796485e-10, -0.03738102316856384]","{""momentum"": ""NEGATIVE"", ""projected"": ""NEGATIVE"", ""explicit"": ""ZERO_WITHIN_DIAGNOSTIC_TOLERANCE"", ""conditional_residual"": ""NEGATIVE""}",UNKNOWN,UNKNOWN,False,1
A_SATURATING_-1,A_PURE_DRIVE,2,1,0.008333333333333333,-0.20000002384185794,0.0,-0.19999997317790985,-0.19999995827674866,3.220703125e-05,0.20000000298023224,0.0,True,True,True,True,True,False,True,False,False,False,-0.20000002384185794,-0.002083333907648921,-0.006250001024454832,-0.2500000298023224,-0.5000000596046448,-0.5000000540167093,"[1.2415318906278117e-07, -4.822466426190886e-09, 9.809999465942383, -3.2432392771397645e-08, -4.69885033660411e-11, -0.19999995827674866]","{""momentum"": ""NEGATIVE"", ""projected"": ""NEGATIVE"", ""explicit"": ""ZERO_WITHIN_DIAGNOSTIC_TOLERANCE"", ""conditional_residual"": ""NEGATIVE""}",UNKNOWN,UNKNOWN,False,1
A_MODEST_+1,A_PURE_DRIVE,3,1,0.008333333333333333,0.037381038069725044,0.0,0.03738102689385414,0.03738102316856384,3.220703125e-05,0.20000000298023224,0.0,True,True,True,True,True,False,True,False,False,False,0.037381038069725044,0.00023126669111661613,0.0008610826916992664,0.049064669758081436,0.09579096734523773,0.07557792006991804,"[0.00844588689506054, 9.809996604919434, -3.900755984886928e-08, 5.222687615713539e-09, -4.307288303806445e-09, 0.03738102316856384]","{""momentum"": ""POSITIVE"", ""projected"": ""POSITIVE"", ""explicit"": ""ZERO_WITHIN_DIAGNOSTIC_TOLERANCE"", ""conditional_residual"": ""POSITIVE""}",UNKNOWN,UNKNOWN,False,1
A_SATURATING_+1,A_PURE_DRIVE,4,1,0.008333333333333333,0.20000002384185794,0.0,0.19999997317790985,0.19999995827674866,3.220703125e-05,0.20000000298023224,0.0,True,True,True,True,True,False,True,False,False,False,0.20000002384185794,0.002083333907648921,0.006250001024454832,0.2500000298023224,0.5000000596046448,0.5000000540167093,"[1.2415318906278117e-07, 4.822466426190886e-09, 9.809999465942383, 3.2432392771397645e-08, -4.69885033660411e-11, 0.19999995827674866]","{""momentum"": ""POSITIVE"", ""projected"": ""POSITIVE"", ""explicit"": ""ZERO_WITHIN_DIAGNOSTIC_TOLERANCE"", ""conditional_residual"": ""POSITIVE""}",UNKNOWN,UNKNOWN,False,1
B_EXPLICIT_-1,B_EXPLICIT_ONLY,5,1,0.008333333333333333,-0.040000009536743174,-0.03999999910593033,-0.04000000283122063,-0.03999999910593033,3.220703125e-05,0.20000000298023224,0.0,True,True,True,True,False,True,True,True,False,False,-1.0430812845407811e-08,-0.00041666693869046867,-0.00125000043772161,-0.05000002682209015,-0.1000000387430191,-0.10000001988373697,"[-0.012261183001101017, 9.809993743896484, 4.0912382814894954e-07, -2.3729649356596383e-09, 4.6822625776599125e-09, -0.03999999910593033]","{""momentum"": ""NEGATIVE"", ""projected"": ""NEGATIVE"", ""explicit"": ""NEGATIVE"", ""conditional_residual"": ""ZERO_WITHIN_DIAGNOSTIC_TOLERANCE""}",UNKNOWN,UNKNOWN,False,1
B_EXPLICIT_+1,B_EXPLICIT_ONLY,6,1,0.008333333333333333,0.040000042319297796,0.03999999910593033,0.04000001773238182,0.04000001773238182,3.220703125e-05,0.20000000298023224,0.0,True,True,True,True,False,True,True,True,False,False,4.321336746770932e-08,0.00041666693869046867,0.0012500010197982192,0.05000003054738045,0.10000008344650269,0.10000008973293006,"[1.1308598004688974e-06, 2.197728887765038e-09, 9.809999465942383, 1.0591383770020002e-08, -1.7950223284764893e-13, 0.04000001773238182]","{""momentum"": ""POSITIVE"", ""projected"": ""POSITIVE"", ""explicit"": ""POSITIVE"", ""conditional_residual"": ""ZERO_WITHIN_DIAGNOSTIC_TOLERANCE""}",UNKNOWN,UNKNOWN,False,1
C_COMBINED_D-1_E-1,C_COMBINED,7,1,0.008333333333333333,-0.24000015258789067,-0.03999999910593033,-0.23999999463558197,-0.23999997973442078,3.220703125e-05,0.20000000298023224,0.0,True,True,True,True,False,False,True,False,False,False,-0.20000015348196035,-0.002500001108273864,-0.007500004023313522,-0.3000001311302185,-0.6000003218650818,-0.600000349804759,"[-0.07357603311538696, 9.809724807739258, 7.016249981006695e-08, -1.8562781534114947e-08, 6.414880715510662e-08, -0.23999997973442078]","{""momentum"": ""NEGATIVE"", ""projected"": ""NEGATIVE"", ""explicit"": ""NEGATIVE"", ""conditional_residual"": ""NEGATIVE""}",UNKNOWN,UNKNOWN,False,1
C_COMBINED_D-1_E+1,C_COMBINED,8,1,0.008333333333333333,-0.15999997854232792,0.03999999910593033,-0.15999990701675415,-0.15999989211559296,3.220703125e-05,0.20000000298023224,0.0,True,True,True,True,False,False,True,False,False,False,-0.19999997764825825,-0.0016666668234393,-0.005000000353902578,-0.20000000298023224,-0.3999999761581421,-0.4000000236555934,"[-1.156904687604765e-07, -7.087670894634357e-09, 9.809999465942383, -2.203410076617729e-08, 5.030968697194993e-12, -0.15999989211559296]","{""momentum"": ""NEGATIVE"", ""projected"": ""NEGATIVE"", ""explicit"": ""POSITIVE"", ""conditional_residual"": ""NEGATIVE""}",UNKNOWN,UNKNOWN,False,1
C_COMBINED_D+1_E-1,C_COMBINED,9,1,0.008333333333333333,0.16000002622604373,-0.03999999910593033,0.1599999964237213,0.1599999964237213,3.220703125e-05,0.20000000298023224,0.0,True,True,True,True,False,False,True,False,False,False,0.20000002533197406,0.0016666671726852655,0.005000001285225153,0.20000006258487701,0.40000009536743164,0.4000000935047865,"[0.04904628172516823, 9.8098783493042, 2.299664885185848e-07, 1.965619134125518e-08, -4.129215369630401e-08, 0.1599999964237213]","{""momentum"": ""POSITIVE"", ""projected"": ""POSITIVE"", ""explicit"": ""NEGATIVE"", ""conditional_residual"": ""POSITIVE""}",UNKNOWN,UNKNOWN,False,1
C_COMBINED_D+1_E+1,C_COMBINED,10,1,0.008333333333333333,0.24000005722045903,0.03999999910593033,0.23999999463558197,0.23999997973442078,3.220703125e-05,0.20000000298023224,0.0,True,True,True,True,False,False,True,False,False,False,0.2000000581145287,0.0025000006426125765,0.00750000262632966,0.30000007152557373,0.6000001430511475,0.6000002380460501,"[-6.859067411824071e-07, 1.1441592562277947e-08, 9.810001373291016, 1.91004350114099e-08, 9.297117242734743e-11, 0.23999997973442078]","{""momentum"": ""POSITIVE"", ""projected"": ""POSITIVE"", ""explicit"": ""POSITIVE"", ""conditional_residual"": ""POSITIVE""}",UNKNOWN,UNKNOWN,False,1
D_STOP_-1,D_STOP,11,1,0.008333333333333333,0.0,0.0,2.7429279055674962e-34,2.9198292442841923e-34,3.220703125e-05,0.20000000298023224,0.0,True,True,True,True,True,True,False,False,False,,UNKNOWN,-0.05000000074505806,-0.05000000074505806,2.9802318834981634e-08,2.9802318834981634e-08,0.0,"[-0.49029088020324707, 9.797740936279297, -3.957279091082455e-07, 5.168239746517953e-28, -1.5344447779220825e-26, 2.9198292442841923e-34]","{""momentum"": ""ZERO_WITHIN_DIAGNOSTIC_TOLERANCE"", ""projected"": ""ZERO_WITHIN_DIAGNOSTIC_TOLERANCE"", ""explicit"": ""ZERO_WITHIN_DIAGNOSTIC_TOLERANCE"", ""conditional_residual"": ""UNKNOWN""}",UNKNOWN,UNKNOWN,False,1
D_CLAMP_-1,D_CLAMP,12,1,0.008333333333333333,0.0,0.0,5.3063776495581106e-27,4.370970423752741e-27,3.220703125e-05,0.20000000298023224,0.0,True,True,True,True,True,True,False,False,False,,UNKNOWN,-0.0020833334419876337,-0.004166666883975267,-0.25,-0.25,-0.25000001303851604,"[4.248221046054823e-07, -4.4238874785662574e-09, 9.809999465942383, -2.7328279986427556e-20, 3.22572645627099e-18, 4.370970423752741e-27]","{""momentum"": ""ZERO_WITHIN_DIAGNOSTIC_TOLERANCE"", ""projected"": ""ZERO_WITHIN_DIAGNOSTIC_TOLERANCE"", ""explicit"": ""ZERO_WITHIN_DIAGNOSTIC_TOLERANCE"", ""conditional_residual"": ""UNKNOWN""}",UNKNOWN,UNKNOWN,False,1
D_FRICTION_-1,D_FRICTION,13,1,0.008333333333333333,0.02379531860351563,0.0,0.02379535138607025,0.02379535138607025,3.220703125e-05,0.20000000298023224,0.0,True,True,True,True,True,True,False,True,True,,UNKNOWN,-0.008078494109213352,-0.015909139066934586,-0.9695121645927429,-0.9397680163383484,-0.939677394926548,"[-0.15606296062469482, 9.808757781982422, -2.8280777542022406e-07, 1.8344507024536938e-09, -8.870412182560017e-10, 0.02379535138607025]","{""momentum"": ""POSITIVE"", ""projected"": ""POSITIVE"", ""explicit"": ""ZERO_WITHIN_DIAGNOSTIC_TOLERANCE"", ""conditional_residual"": ""UNKNOWN""}",UNKNOWN,UNKNOWN,False,1
D_BODY_LOAD_-1,D_BODY_LOAD,14,1,0.008333333333333333,-0.03999997377395631,0.0,8.034895774743577e-16,6.195335560280697e-16,3.220703125e-05,0.20000000298023224,-0.04,True,True,False,False,False,True,False,False,True,,UNKNOWN,-0.00041666647302918136,-0.0012499992735683918,-0.04999997466802597,-0.09999994188547134,-0.09999993606470525,"[1.1308598004688974e-06, -2.197728887765038e-09, 9.809999465942383, -5.374344080877336e-09, -4.4784909287998165e-12, 6.195335560280697e-16]","{""momentum"": ""NEGATIVE"", ""projected"": ""ZERO_WITHIN_DIAGNOSTIC_TOLERANCE"", ""explicit"": ""ZERO_WITHIN_DIAGNOSTIC_TOLERANCE"", ""conditional_residual"": ""UNKNOWN""}",UNKNOWN,UNKNOWN,False,1
D_STOP_+1,D_STOP,15,1,0.008333333333333333,0.0,0.0,-3.7217418476880603e-34,-3.6358995360093396e-34,3.220703125e-05,0.20000000298023224,0.0,True,True,True,True,True,True,False,False,False,,UNKNOWN,0.05000000074505806,0.05000000074505806,-2.9802318834981634e-08,-2.9802318834981634e-08,0.0,"[0.4902893602848053, 9.797740936279297, 4.962300295119348e-07, 2.507909380912115e-28, 1.5351447379010706e-26, -3.6358995360093396e-34]","{""momentum"": ""ZERO_WITHIN_DIAGNOSTIC_TOLERANCE"", ""projected"": ""ZERO_WITHIN_DIAGNOSTIC_TOLERANCE"", ""explicit"": ""ZERO_WITHIN_DIAGNOSTIC_TOLERANCE"", ""conditional_residual"": ""UNKNOWN""}",UNKNOWN,UNKNOWN,False,1
D_CLAMP_+1,D_CLAMP,16,1,0.008333333333333333,0.0,0.0,-5.3063776495581106e-27,-4.370970423752741e-27,3.220703125e-05,0.20000000298023224,0.0,True,True,True,True,True,True,False,False,False,,UNKNOWN,0.0020833334419876337,0.004166666883975267,0.25,0.25,0.25000001303851604,"[4.248221046054823e-07, 4.4238874785662574e-09, 9.809999465942383, 2.7328279986427556e-20, 3.22572645627099e-18, -4.370970423752741e-27]","{""momentum"": ""ZERO_WITHIN_DIAGNOSTIC_TOLERANCE"", ""projected"": ""ZERO_WITHIN_DIAGNOSTIC_TOLERANCE"", ""explicit"": ""ZERO_WITHIN_DIAGNOSTIC_TOLERANCE"", ""conditional_residual"": ""UNKNOWN""}",UNKNOWN,UNKNOWN,False,1
D_FRICTION_+1,D_FRICTION,17,1,0.008333333333333333,-0.02379531860351563,0.0,-0.02379535138607025,-0.02379535138607025,3.220703125e-05,0.20000000298023224,0.0,True,True,True,True,True,True,False,True,True,,UNKNOWN,0.008078494109213352,0.015909139066934586,0.9695121645927429,0.9397680163383484,0.939677394926548,"[0.15606264770030975, 9.808759689331055, 4.031417120131664e-07, -1.8375573285212e-09, 2.872256432695508e-09, -0.02379535138607025]","{""momentum"": ""NEGATIVE"", ""projected"": ""NEGATIVE"", ""explicit"": ""ZERO_WITHIN_DIAGNOSTIC_TOLERANCE"", ""conditional_residual"": ""UNKNOWN""}",UNKNOWN,UNKNOWN,False,1
D_BODY_LOAD_+1,D_BODY_LOAD,18,1,0.008333333333333333,0.03999997377395631,0.0,-8.034895774743577e-16,-6.195335560280697e-16,3.220703125e-05,0.20000000298023224,0.04,True,True,False,False,False,True,False,False,True,,UNKNOWN,0.00041666647302918136,0.0012499992735683918,0.04999997466802597,0.09999994188547134,0.09999993606470525,"[1.1308598004688974e-06, 2.197728887765038e-09, 9.809999465942383, 5.374344080877336e-09, -4.4784909287998165e-12, -6.195335560280697e-16]","{""momentum"": ""POSITIVE"", ""projected"": ""ZERO_WITHIN_DIAGNOSTIC_TOLERANCE"", ""explicit"": ""ZERO_WITHIN_DIAGNOSTIC_TOLERANCE"", ""conditional_residual"": ""UNKNOWN""}",UNKNOWN,UNKNOWN,False,1
P_ZERO,P_PASSIVE_REFERENCE,0,1,0.008333333333333333,0.0,0.0,0.0,0.0,3.220703125e-05,0.20000000298023224,0.0,True,True,True,True,True,True,True,False,False,False,0.0,0.0,0.0,0.0,0.0,0.0,"[-1.2304339404994868e-16, 0.0, 9.809999465942383, 0.0, 0.0, 0.0]","{""momentum"": ""ZERO_WITHIN_DIAGNOSTIC_TOLERANCE"", ""projected"": ""ZERO_WITHIN_DIAGNOSTIC_TOLERANCE"", ""explicit"": ""ZERO_WITHIN_DIAGNOSTIC_TOLERANCE"", ""conditional_residual"": ""ZERO_WITHIN_DIAGNOSTIC_TOLERANCE""}",UNKNOWN,UNKNOWN,False,2
A_MODEST_-1,A_PURE_DRIVE,1,1,0.008333333333333333,-0.034795665740966805,0.0,-0.03479566052556038,-0.03479566052556038,3.220703125e-05,0.20000000298023224,0.0,True,True,True,True,True,False,True,False,False,False,-0.034795665740966805,-0.0008610826916992664,-0.0018657174659892917,-0.09579096734523773,-0.13928554952144623,-0.12055617291480303,"[-0.01830122247338295, 9.80998420715332, 2.0047983184667828e-07, -3.007852189540472e-09, 2.82192869072162e-09, -0.03479566052556038]","{""momentum"": ""NEGATIVE"", ""projected"": ""NEGATIVE"", ""explicit"": ""ZERO_WITHIN_DIAGNOSTIC_TOLERANCE"", ""conditional_residual"": ""NEGATIVE""}",UNKNOWN,UNKNOWN,False,2
A_SATURATING_-1,A_PURE_DRIVE,2,1,0.008333333333333333,-0.20000004768371585,0.0,-0.19999995827674866,-0.19999994337558746,3.220703125e-05,0.20000000298023224,0.0,True,True,True,True,True,False,True,False,False,False,-0.20000004768371585,-0.006250001024454832,-0.012500002048909664,-0.5000000596046448,-0.7500001192092896,-0.7500001229345798,"[-1.1696877209033119e-06, -1.0100166036863811e-08, 9.810001373291016, -6.052573553461116e-09, -6.694964027609274e-11, -0.19999994337558746]","{""momentum"": ""NEGATIVE"", ""projected"": ""NEGATIVE"", ""explicit"": ""ZERO_WITHIN_DIAGNOSTIC_TOLERANCE"", ""conditional_residual"": ""NEGATIVE""}",UNKNOWN,UNKNOWN,False,2
A_MODEST_+1,A_PURE_DRIVE,3,1,0.008333333333333333,0.034795665740966805,0.0,0.03479566425085068,0.03479566425085068,3.220703125e-05,0.20000000298023224,0.0,True,True,True,True,True,False,True,False,False,False,0.034795665740966805,0.0008610826916992664,0.0018657174659892917,0.09579096734523773,0.13928554952144623,0.12055617291480303,"[0.01829886995255947, 9.80998420715332, 2.1372453318235785e-07, 3.0120357319418645e-09, -9.299515602023689e-10, 0.03479566425085068]","{""momentum"": ""POSITIVE"", ""projected"": ""POSITIVE"", ""explicit"": ""ZERO_WITHIN_DIAGNOSTIC_TOLERANCE"", ""conditional_residual"": ""POSITIVE""}",UNKNOWN,UNKNOWN,False,2
A_SATURATING_+1,A_PURE_DRIVE,4,1,0.008333333333333333,0.20000004768371585,0.0,0.19999995827674866,0.19999994337558746,3.220703125e-05,0.20000000298023224,0.0,True,True,True,True,True,False,True,False,False,False,0.20000004768371585,0.006250001024454832,0.012500002048909664,0.5000000596046448,0.7500001192092896,0.7500001229345798,"[-1.1696877209033119e-06, 1.0100166036863811e-08, 9.810001373291016, 6.052573553461116e-09, -6.694964027609274e-11, 0.19999994337558746]","{""momentum"": ""POSITIVE"", ""projected"": ""POSITIVE"", ""explicit"": ""ZERO_WITHIN_DIAGNOSTIC_TOLERANCE"", ""conditional_residual"": ""POSITIVE""}",UNKNOWN,UNKNOWN,False,2
B_EXPLICIT_-1,B_EXPLICIT_ONLY,5,1,0.008333333333333333,-0.040000033378601085,-0.03999999910593033,-0.040000010281801224,-0.040000010281801224,3.220703125e-05,0.20000000298023224,0.0,True,True,True,True,False,True,True,True,False,False,-3.427267075695184e-08,-0.00125000043772161,-0.002500001108273864,-0.1000000387430191,-0.15000008046627045,-0.15000008046627045,"[-0.02452465333044529, 9.809968948364258, -5.44316414163859e-08, -4.874010084421343e-09, 7.504662669077788e-09, -0.040000010281801224]","{""momentum"": ""NEGATIVE"", ""projected"": ""NEGATIVE"", ""explicit"": ""NEGATIVE"", ""conditional_residual"": ""ZERO_WITHIN_DIAGNOSTIC_TOLERANCE""}",UNKNOWN,UNKNOWN,False,2
B_EXPLICIT_+1,B_EXPLICIT_ONLY,6,1,0.008333333333333333,0.04000004529953004,0.03999999910593033,0.040000028908252716,0.04000002518296242,3.220703125e-05,0.20000000298023224,0.0,True,True,True,True,False,True,True,True,False,False,4.619359970925441e-08,0.0012500010197982192,0.002500002272427082,0.10000008344650269,0.15000014007091522,0.15000015031546354,"[-2.0964237137377495e-06, 3.987930874416179e-09, 9.810001373291016, -2.5677870940654657e-09, 9.764381143917422e-13, 0.04000002518296242]","{""momentum"": ""POSITIVE"", ""projected"": ""POSITIVE"", ""explicit"": ""POSITIVE"", ""conditional_residual"": ""ZERO_WITHIN_DIAGNOSTIC_TOLERANCE""}",UNKNOWN,UNKNOWN,False,2
C_COMBINED_D-1_E-1,C_COMBINED,7,1,0.008333333333333333,-0.24000000953674322,-0.03999999910593033,-0.24000000953674316,-0.23999999463558197,3.220703125e-05,0.20000000298023224,0.0,True,True,True,True,False,False,True,False,False,False,-0.2000000104308129,-0.007500004023313522,-0.015000004321336746,-0.6000003218650818,-0.9000003337860107,-0.9000000357627869,"[-0.1471444070339203, 9.8088960647583, -1.6106734790355404e-07, -2.0331791361627438e-08, -2.2094659435367703e-09, -0.23999999463558197]","{""momentum"": ""NEGATIVE"", ""projected"": ""NEGATIVE"", ""explicit"": ""NEGATIVE"", ""conditional_residual"": ""NEGATIVE""}",UNKNOWN,UNKNOWN,False,2
C_COMBINED_D-1_E+1,C_COMBINED,8,1,0.008333333333333333,-0.15999999046325686,0.03999999910593033,-0.15999992191791534,-0.15999992191791534,3.220703125e-05,0.20000000298023224,0.0,True,True,True,True,False,False,True,False,False,False,-0.1999999895691872,-0.005000000353902578,-0.010000000707805157,-0.3999999761581421,-0.5999999642372131,-0.6000000424683094,"[-2.129266704287147e-06, -1.9697873554491707e-08, 9.810001373291016, 1.080837463973694e-08, 7.726048967260368e-11, -0.15999992191791534]","{""momentum"": ""NEGATIVE"", ""projected"": ""NEGATIVE"", ""explicit"": ""POSITIVE"", ""conditional_residual"": ""NEGATIVE""}",UNKNOWN,UNKNOWN,False,2
C_COMBINED_D+1_E-1,C_COMBINED,9,1,0.008333333333333333,0.1600000381469727,-0.03999999910593033,0.15999995172023773,0.15999995172023773,3.220703125e-05,0.20000000298023224,0.0,True,True,True,True,False,False,True,False,False,False,0.20000003725290302,0.005000001285225153,0.01000000350177288,0.40000009536743164,0.6000001430511475,0.6000002659857273,"[0.09809793531894684, 9.809508323669434, 2.559743279562099e-07, 1.5231231387247135e-08, 1.164624396920999e-08, 0.15999995172023773]","{""momentum"": ""POSITIVE"", ""projected"": ""POSITIVE"", ""explicit"": ""NEGATIVE"", ""conditional_residual"": ""POSITIVE""}",UNKNOWN,UNKNOWN,False,2
C_COMBINED_D+1_E+1,C_COMBINED,10,1,0.008333333333333333,0.24000005722045903,0.03999999910593033,0.2399999499320984,0.2399999350309372,3.220703125e-05,0.20000000298023224,0.0,True,True,True,True,False,False,True,False,False,False,0.2000000581145287,0.00750000262632966,0.015000003390014172,0.6000001430511475,0.9000002145767212,0.9000000916421413,"[-1.0726076880018809e-06, 2.9326024275633245e-08, 9.810001373291016, 9.63584323443456e-09, -3.568276230048184e-11, 0.2399999350309372]","{""momentum"": ""POSITIVE"", ""projected"": ""POSITIVE"", ""explicit"": ""POSITIVE"", ""conditional_residual"": ""POSITIVE""}",UNKNOWN,UNKNOWN,False,2
D_STOP_-1,D_STOP,11,1,0.008333333333333333,0.0,0.0,2.7429279055674962e-34,2.9198292442841923e-34,3.220703125e-05,0.20000000298023224,0.0,True,True,True,True,True,True,False,False,False,,UNKNOWN,-0.05000000074505806,-0.05000000074505806,2.9802318834981634e-08,2.9802318834981634e-08,0.0,"[-0.49029088020324707, 9.797740936279297, -3.957279091082455e-07, 5.168239746517953e-28, -1.5344447779220825e-26, 2.9198292442841923e-34]","{""momentum"": ""ZERO_WITHIN_DIAGNOSTIC_TOLERANCE"", ""projected"": ""ZERO_WITHIN_DIAGNOSTIC_TOLERANCE"", ""explicit"": ""ZERO_WITHIN_DIAGNOSTIC_TOLERANCE"", ""conditional_residual"": ""UNKNOWN""}",UNKNOWN,UNKNOWN,False,2
D_CLAMP_-1,D_CLAMP,12,1,0.008333333333333333,0.0,0.0,2.030699377803935e-27,2.0945649480967655e-27,3.220703125e-05,0.20000000298023224,0.0,True,True,True,True,True,True,False,False,False,,UNKNOWN,-0.004166666883975267,-0.006250001955777407,-0.25,-0.25,-0.2500002086162567,"[1.2415318906278117e-07, -4.822466426190886e-09, 9.809999465942383, 1.8658587465458985e-21, -5.1749651620430115e-18, 2.0945649480967655e-27]","{""momentum"": ""ZERO_WITHIN_DIAGNOSTIC_TOLERANCE"", ""projected"": ""ZERO_WITHIN_DIAGNOSTIC_TOLERANCE"", ""explicit"": ""ZERO_WITHIN_DIAGNOSTIC_TOLERANCE"", ""conditional_residual"": ""UNKNOWN""}",UNKNOWN,UNKNOWN,False,2
D_FRICTION_-1,D_FRICTION,13,1,0.008333333333333333,0.023214960098266606,0.0,0.023214977234601974,0.023214977234601974,3.220703125e-05,0.20000000298023224,0.0,True,True,True,True,True,True,False,True,True,,UNKNOWN,-0.015909139066934586,-0.02349798008799553,-0.9397680163383484,-0.9107493162155151,-0.9106609225273132,"[-0.23049212992191315, 9.807291984558105, -1.5954508825188896e-09, 1.0434942909753886e-09, -6.379387684773974e-09, 0.023214977234601974]","{""momentum"": ""POSITIVE"", ""projected"": ""POSITIVE"", ""explicit"": ""ZERO_WITHIN_DIAGNOSTIC_TOLERANCE"", ""conditional_residual"": ""UNKNOWN""}",UNKNOWN,UNKNOWN,False,2
D_BODY_LOAD_-1,D_BODY_LOAD,14,1,0.008333333333333333,-0.03999996781349183,0.0,-9.64557604015532e-16,-1.1485134666431424e-15,3.220703125e-05,0.20000000298023224,-0.04,True,True,False,False,False,True,False,False,True,,UNKNOWN,-0.0012499992735683918,-0.0024999980814754963,-0.09999994188547134,-0.14999990165233612,-0.14999985694885254,"[-2.0964237137377495e-06, -3.987930874416179e-09, 9.810001373291016, -5.374342304520496e-09, -6.718703284697147e-12, -1.1485134666431424e-15]","{""momentum"": ""NEGATIVE"", ""projected"": ""ZERO_WITHIN_DIAGNOSTIC_TOLERANCE"", ""explicit"": ""ZERO_WITHIN_DIAGNOSTIC_TOLERANCE"", ""conditional_residual"": ""UNKNOWN""}",UNKNOWN,UNKNOWN,False,2
D_STOP_+1,D_STOP,15,1,0.008333333333333333,0.0,0.0,-3.7217418476880603e-34,-3.6358995360093396e-34,3.220703125e-05,0.20000000298023224,0.0,True,True,True,True,True,True,False,False,False,,UNKNOWN,0.05000000074505806,0.05000000074505806,-2.9802318834981634e-08,-2.9802318834981634e-08,0.0,"[0.4902893602848053, 9.797740936279297, 4.962300295119348e-07, 2.507909380912115e-28, 1.5351447379010706e-26, -3.6358995360093396e-34]","{""momentum"": ""ZERO_WITHIN_DIAGNOSTIC_TOLERANCE"", ""projected"": ""ZERO_WITHIN_DIAGNOSTIC_TOLERANCE"", ""explicit"": ""ZERO_WITHIN_DIAGNOSTIC_TOLERANCE"", ""conditional_residual"": ""UNKNOWN""}",UNKNOWN,UNKNOWN,False,2
D_CLAMP_+1,D_CLAMP,16,1,0.008333333333333333,0.0,0.0,-2.030699377803935e-27,-2.0945649480967655e-27,3.220703125e-05,0.20000000298023224,0.0,True,True,True,True,True,True,False,False,False,,UNKNOWN,0.004166666883975267,0.006250001955777407,0.25,0.25,0.2500002086162567,"[1.2415318906278117e-07, 4.822466426190886e-09, 9.809999465942383, -1.8658587465458985e-21, -5.1749651620430115e-18, -2.0945649480967655e-27]","{""momentum"": ""ZERO_WITHIN_DIAGNOSTIC_TOLERANCE"", ""projected"": ""ZERO_WITHIN_DIAGNOSTIC_TOLERANCE"", ""explicit"": ""ZERO_WITHIN_DIAGNOSTIC_TOLERANCE"", ""conditional_residual"": ""UNKNOWN""}",UNKNOWN,UNKNOWN,False,2
D_FRICTION_+1,D_FRICTION,17,1,0.008333333333333333,-0.023214960098266606,0.0,-0.023214977234601974,-0.023214977234601974,3.220703125e-05,0.20000000298023224,0.0,True,True,True,True,True,True,False,True,True,,UNKNOWN,0.015909139066934586,0.02349798008799553,0.9397680163383484,0.9107493162155151,0.9106609225273132,"[0.2304908037185669, 9.807291984558105, -1.225753578637523e-07, -1.4977907802915524e-10, 4.081479154649514e-09, -0.023214977234601974]","{""momentum"": ""NEGATIVE"", ""projected"": ""NEGATIVE"", ""explicit"": ""ZERO_WITHIN_DIAGNOSTIC_TOLERANCE"", ""conditional_residual"": ""UNKNOWN""}",UNKNOWN,UNKNOWN,False,2
D_BODY_LOAD_+1,D_BODY_LOAD,18,1,0.008333333333333333,0.03999996781349183,0.0,9.64557604015532e-16,1.1485134666431424e-15,3.220703125e-05,0.20000000298023224,0.04,True,True,False,False,False,True,False,False,True,,UNKNOWN,0.0012499992735683918,0.0024999980814754963,0.09999994188547134,0.14999990165233612,0.14999985694885254,"[-2.0964237137377495e-06, 3.987930874416179e-09, 9.810001373291016, 5.374342304520496e-09, -6.718703284697147e-12, 1.1485134666431424e-15]","{""momentum"": ""POSITIVE"", ""projected"": ""ZERO_WITHIN_DIAGNOSTIC_TOLERANCE"", ""explicit"": ""ZERO_WITHIN_DIAGNOSTIC_TOLERANCE"", ""conditional_residual"": ""UNKNOWN""}",UNKNOWN,UNKNOWN,False,2
P_ZERO,P_PASSIVE_REFERENCE,0,1,0.008333333333333333,0.0,0.0,0.0,0.0,3.220703125e-05,0.20000000298023224,0.0,True,True,True,True,True,True,True,False,False,False,0.0,0.0,0.0,0.0,0.0,0.0,"[-1.2304339404994868e-16, 0.0, 9.809999465942383, 0.0, 0.0, 0.0]","{""momentum"": ""ZERO_WITHIN_DIAGNOSTIC_TOLERANCE"", ""projected"": ""ZERO_WITHIN_DIAGNOSTIC_TOLERANCE"", ""explicit"": ""ZERO_WITHIN_DIAGNOSTIC_TOLERANCE"", ""conditional_residual"": ""ZERO_WITHIN_DIAGNOSTIC_TOLERANCE""}",UNKNOWN,UNKNOWN,False,3
A_MODEST_-1,A_PURE_DRIVE,1,1,0.008333333333333333,-0.03156800270080567,0.0,-0.0315680168569088,-0.0315680168569088,3.220703125e-05,0.20000000298023224,0.0,True,True,True,True,True,False,True,False,False,False,-0.03156800270080567,-0.0018657174659892917,-0.0032144098076969385,-0.13928554952144623,-0.1787455528974533,-0.16184308100491762,"[-0.03153589740395546, 9.809950828552246, 3.566048860648152e-07, -1.1679139877429634e-09, 6.730283441669371e-09, -0.0315680168569088]","{""momentum"": ""NEGATIVE"", ""projected"": ""NEGATIVE"", ""explicit"": ""ZERO_WITHIN_DIAGNOSTIC_TOLERANCE"", ""conditional_residual"": ""NEGATIVE""}",UNKNOWN,UNKNOWN,False,3
A_SATURATING_-1,A_PURE_DRIVE,2,1,0.008333333333333333,-0.20000000000000004,0.0,-0.20000000298023224,-0.20000000298023224,3.2207032705191527e-05,0.20000000298023224,0.0,True,True,True,True,True,False,True,False,False,False,-0.20000000000000004,-0.012500002048909664,-0.020833339542150497,-0.7500001192092896,-1.0000001192092896,-1.0000004991889,"[-2.6542286377662094e-06, -3.935151582368235e-08, 9.810001373291016, 2.421666955854107e-08, 3.2193778198852385e-10, -0.20000000298023224]","{""momentum"": ""NEGATIVE"", ""projected"": ""NEGATIVE"", ""explicit"": ""ZERO_WITHIN_DIAGNOSTIC_TOLERANCE"", ""conditional_residual"": ""NEGATIVE""}",UNKNOWN,UNKNOWN,False,3
A_MODEST_+1,A_PURE_DRIVE,3,1,0.008333333333333333,0.03156800270080567,0.0,0.0315680131316185,0.0315680131316185,3.220703125e-05,0.20000000298023224,0.0,True,True,True,True,True,False,True,False,False,False,0.03156800270080567,0.0018657174659892917,0.0032144098076969385,0.13928554952144623,0.1787455528974533,0.16184308100491762,"[0.031532373279333115, 9.80994987487793, -3.2904182489801315e-07, 4.088604454999256e-10, -3.637033563208547e-09, 0.0315680131316185]","{""momentum"": ""POSITIVE"", ""projected"": ""POSITIVE"", ""explicit"": ""ZERO_WITHIN_DIAGNOSTIC_TOLERANCE"", ""conditional_residual"": ""POSITIVE""}",UNKNOWN,UNKNOWN,False,3
A_SATURATING_+1,A_PURE_DRIVE,4,1,0.008333333333333333,0.20000000000000004,0.0,0.20000000298023224,0.20000000298023224,3.2207032705191527e-05,0.20000000298023224,0.0,True,True,True,True,True,False,True,False,False,False,0.20000000000000004,0.012500002048909664,0.020833339542150497,0.7500001192092896,1.0000001192092896,1.0000004991889,"[-2.6542286377662094e-06, 3.935151582368235e-08, 9.810001373291016, -2.421666955854107e-08, 3.2193778198852385e-10, 0.20000000298023224]","{""momentum"": ""POSITIVE"", ""projected"": ""POSITIVE"", ""explicit"": ""ZERO_WITHIN_DIAGNOSTIC_TOLERANCE"", ""conditional_residual"": ""POSITIVE""}",UNKNOWN,UNKNOWN,False,3
B_EXPLICIT_-1,B_EXPLICIT_ONLY,5,1,0.008333333333333333,-0.040000033378601085,-0.03999999910593033,-0.040000010281801224,-0.040000010281801224,3.220703125e-05,0.20000000298023224,0.0,True,True,True,True,False,True,True,True,False,False,-3.427267075695184e-08,-0.002500001108273864,-0.004166668280959129,-0.15000008046627045,-0.2000001221895218,-0.20000006072223186,"[-0.040875162929296494, 9.809915542602539, 2.2095905549690542e-08, -3.5682594656805122e-09, 1.1183302284223373e-08, -0.040000010281801224]","{""momentum"": ""NEGATIVE"", ""projected"": ""NEGATIVE"", ""explicit"": ""NEGATIVE"", ""conditional_residual"": ""ZERO_WITHIN_DIAGNOSTIC_TOLERANCE""}",UNKNOWN,UNKNOWN,False,3
B_EXPLICIT_+1,B_EXPLICIT_ONLY,6,1,0.008333333333333333,0.040000009536743174,0.03999999910593033,0.04000000283122063,0.03999999910593033,3.220703125e-05,0.20000000298023224,0.0,True,True,True,True,False,True,True,True,False,False,1.0430812845407811e-08,0.002500002272427082,0.004166671074926853,0.15000014007091522,0.20000015199184418,0.20000025629997253,"[4.248221046054823e-07, 4.4238874785662574e-09, 9.809999465942383, 7.712476879362384e-09, -1.2284855207753131e-12, 0.03999999910593033]","{""momentum"": ""POSITIVE"", ""projected"": ""POSITIVE"", ""explicit"": ""POSITIVE"", ""conditional_residual"": ""ZERO_WITHIN_DIAGNOSTIC_TOLERANCE""}",UNKNOWN,UNKNOWN,False,3
C_COMBINED_D-1_E-1,C_COMBINED,7,1,0.008333333333333333,-0.24000005722045903,-0.03999999910593033,-0.23999996483325958,-0.2399999499320984,3.464844244765118e-05,0.20000000298023224,0.0,True,True,True,True,False,False,True,False,False,False,-0.2000000581145287,-0.015000004321336746,-0.025000009685754776,-0.9000003337860107,-1.2000004053115845,-1.2000006437301636,"[-0.24522313475608826, 9.806936264038086, 2.3660997783281346e-07, -2.7399080337886517e-08, 4.9584713224248844e-08, -0.2399999499320984]","{""momentum"": ""NEGATIVE"", ""projected"": ""NEGATIVE"", ""explicit"": ""NEGATIVE"", ""conditional_residual"": ""NEGATIVE""}",UNKNOWN,UNKNOWN,False,3
C_COMBINED_D-1_E+1,C_COMBINED,8,1,0.008333333333333333,-0.15999999046325686,0.03999999910593033,-0.1599999964237213,-0.1599999964237213,3.220703125e-05,0.20000000298023224,0.0,True,True,True,True,False,False,True,False,False,False,-0.1999999895691872,-0.010000000707805157,-0.01666666753590107,-0.5999999642372131,-0.7999999523162842,-0.8000000193715096,"[-1.4971191149015795e-06, -2.468970450308916e-08, 9.810001373291016, 4.99332852843537e-10, 1.1215944145659407e-10, -0.1599999964237213]","{""momentum"": ""NEGATIVE"", ""projected"": ""NEGATIVE"", ""explicit"": ""POSITIVE"", ""conditional_residual"": ""NEGATIVE""}",UNKNOWN,UNKNOWN,False,3
C_COMBINED_D+1_E-1,C_COMBINED,9,1,0.008333333333333333,0.1600000381469727,-0.03999999910593033,0.15999998152256012,0.15999996662139893,3.220703125e-05,0.20000000298023224,0.0,True,True,True,True,False,False,True,False,False,False,0.20000003725290302,0.01000000350177288,0.016666673123836517,0.6000001430511475,0.8000001907348633,0.8000003546476364,"[0.16348892450332642, 9.808637619018555, -2.0141045808941271e-07, 1.740603039479538e-08, -3.566353257156152e-08, 0.15999996662139893]","{""momentum"": ""POSITIVE"", ""projected"": ""POSITIVE"", ""explicit"": ""NEGATIVE"", ""conditional_residual"": ""POSITIVE""}",UNKNOWN,UNKNOWN,False,3
C_COMBINED_D+1_E+1,C_COMBINED,10,1,0.008333333333333333,0.24000005722045903,0.03999999910593033,0.23999997973442078,0.23999997973442078,3.464844099245966e-05,0.20000000298023224,0.0,True,True,True,True,False,False,True,False,False,False,0.2000000581145287,0.015000003390014172,0.025000007823109627,0.9000002145767212,1.200000286102295,1.2000005319714546,"[3.443432774474786e-07, 2.991143688291231e-08, 9.809999465942383, 4.42931131772184e-08, 5.610100925479422e-11, 0.23999997973442078]","{""momentum"": ""POSITIVE"", ""projected"": ""POSITIVE"", ""explicit"": ""POSITIVE"", ""conditional_residual"": ""POSITIVE""}",UNKNOWN,UNKNOWN,False,3
D_STOP_-1,D_STOP,11,1,0.008333333333333333,0.0,0.0,2.7429279055674962e-34,2.9198292442841923e-34,3.220703125e-05,0.20000000298023224,0.0,True,True,True,True,True,True,False,False,False,,UNKNOWN,-0.05000000074505806,-0.05000000074505806,2.9802318834981634e-08,2.9802318834981634e-08,0.0,"[-0.49029088020324707, 9.797740936279297, -3.957279091082455e-07, 5.168239746517953e-28, -1.5344447779220825e-26, 2.9198292442841923e-34]","{""momentum"": ""ZERO_WITHIN_DIAGNOSTIC_TOLERANCE"", ""projected"": ""ZERO_WITHIN_DIAGNOSTIC_TOLERANCE"", ""explicit"": ""ZERO_WITHIN_DIAGNOSTIC_TOLERANCE"", ""conditional_residual"": ""UNKNOWN""}",UNKNOWN,UNKNOWN,False,3
D_CLAMP_-1,D_CLAMP,12,1,0.008333333333333333,0.0,0.0,-8.570598564073127e-27,-6.983977416544078e-27,3.220703125e-05,0.20000000298023224,0.0,True,True,True,True,True,True,False,False,False,,UNKNOWN,-0.006250001955777407,-0.008333335630595684,-0.25,-0.25,-0.2500000409781933,"[3.352081634488968e-08, -1.2335593879697626e-08, 9.809999465942383, 4.6353734574354096e-20, -4.687388926647611e-18, -6.983977416544078e-27]","{""momentum"": ""ZERO_WITHIN_DIAGNOSTIC_TOLERANCE"", ""projected"": ""ZERO_WITHIN_DIAGNOSTIC_TOLERANCE"", ""explicit"": ""ZERO_WITHIN_DIAGNOSTIC_TOLERANCE"", ""conditional_residual"": ""UNKNOWN""}",UNKNOWN,UNKNOWN,False,3
D_FRICTION_-1,D_FRICTION,13,1,0.008333333333333333,0.022648763656616215,0.0,0.022648757323622704,0.022648757323622704,3.220703125e-05,0.20000000298023224,0.0,True,True,True,True,True,True,False,True,True,,UNKNOWN,-0.02349798008799553,-0.030850909650325775,-0.9107493162155151,-0.8824383616447449,-0.8823515474796295,"[-0.3025970160961151, 9.80533218383789, -3.114929256753385e-07, 1.9655439498222904e-09, -1.6626394705454572e-09, 0.022648757323622704]","{""momentum"": ""POSITIVE"", ""projected"": ""POSITIVE"", ""explicit"": ""ZERO_WITHIN_DIAGNOSTIC_TOLERANCE"", ""conditional_residual"": ""UNKNOWN""}",UNKNOWN,UNKNOWN,False,3
D_BODY_LOAD_-1,D_BODY_LOAD,14,1,0.008333333333333333,-0.040000009536743174,0.0,4.166874028388104e-16,2.327313284529632e-16,3.220703125e-05,0.20000000298023224,-0.04,True,True,False,False,False,True,False,False,True,,UNKNOWN,-0.0024999980814754963,-0.004166664555668831,-0.14999990165233612,-0.19999991357326508,-0.19999997690320015,"[4.248221046054823e-07, -4.4238874785662574e-09, 9.809999465942383, -5.374346745412595e-09, -8.956881243638026e-12, 2.327313284529632e-16]","{""momentum"": ""NEGATIVE"", ""projected"": ""ZERO_WITHIN_DIAGNOSTIC_TOLERANCE"", ""explicit"": ""ZERO_WITHIN_DIAGNOSTIC_TOLERANCE"", ""conditional_residual"": ""UNKNOWN""}",UNKNOWN,UNKNOWN,False,3
D_STOP_+1,D_STOP,15,1,0.008333333333333333,0.0,0.0,-3.7217418476880603e-34,-3.6358995360093396e-34,3.220703125e-05,0.20000000298023224,0.0,True,True,True,True,True,True,False,False,False,,UNKNOWN,0.05000000074505806,0.05000000074505806,-2.9802318834981634e-08,-2.9802318834981634e-08,0.0,"[0.4902893602848053, 9.797740936279297, 4.962300295119348e-07, 2.507909380912115e-28, 1.5351447379010706e-26, -3.6358995360093396e-34]","{""momentum"": ""ZERO_WITHIN_DIAGNOSTIC_TOLERANCE"", ""projected"": ""ZERO_WITHIN_DIAGNOSTIC_TOLERANCE"", ""explicit"": ""ZERO_WITHIN_DIAGNOSTIC_TOLERANCE"", ""conditional_residual"": ""UNKNOWN""}",UNKNOWN,UNKNOWN,False,3
D_CLAMP_+1,D_CLAMP,16,1,0.008333333333333333,0.0,0.0,8.570598564073127e-27,6.983977416544078e-27,3.220703125e-05,0.20000000298023224,0.0,True,True,True,True,True,True,False,False,False,,UNKNOWN,0.006250001955777407,0.008333335630595684,0.25,0.25,0.2500000409781933,"[3.352081634488968e-08, 1.2335593879697626e-08, 9.809999465942383, -4.6353734574354096e-20, -4.687388926647611e-18, 6.983977416544078e-27]","{""momentum"": ""ZERO_WITHIN_DIAGNOSTIC_TOLERANCE"", ""projected"": ""ZERO_WITHIN_DIAGNOSTIC_TOLERANCE"", ""explicit"": ""ZERO_WITHIN_DIAGNOSTIC_TOLERANCE"", ""conditional_residual"": ""UNKNOWN""}",UNKNOWN,UNKNOWN,False,3
D_FRICTION_+1,D_FRICTION,17,1,0.008333333333333333,-0.022648763656616215,0.0,-0.022648759186267853,-0.022648757323622704,3.220703125e-05,0.20000000298023224,0.0,True,True,True,True,True,True,False,True,True,,UNKNOWN,0.02349798008799553,0.030850909650325775,0.9107493162155151,0.8824383616447449,0.8823515474796295,"[0.302596777677536, 9.805331230163574, 5.366147206586902e-07, -2.1505932590315524e-09, 4.034032219379924e-09, -0.022648757323622704]","{""momentum"": ""NEGATIVE"", ""projected"": ""NEGATIVE"", ""explicit"": ""ZERO_WITHIN_DIAGNOSTIC_TOLERANCE"", ""conditional_residual"": ""UNKNOWN""}",UNKNOWN,UNKNOWN,False,3
D_BODY_LOAD_+1,D_BODY_LOAD,18,1,0.008333333333333333,0.040000009536743174,0.0,-4.166874028388104e-16,-2.327313284529632e-16,3.220703125e-05,0.20000000298023224,0.04,True,True,False,False,False,True,False,False,True,,UNKNOWN,0.0024999980814754963,0.004166664555668831,0.14999990165233612,0.19999991357326508,0.19999997690320015,"[4.248221046054823e-07, 4.4238874785662574e-09, 9.809999465942383, 5.374346745412595e-09, -8.956881243638026e-12, -2.327313284529632e-16]","{""momentum"": ""POSITIVE"", ""projected"": ""ZERO_WITHIN_DIAGNOSTIC_TOLERANCE"", ""explicit"": ""ZERO_WITHIN_DIAGNOSTIC_TOLERANCE"", ""conditional_residual"": ""UNKNOWN""}",UNKNOWN,UNKNOWN,False,3
