mode,env,trigger_step,first_stop_message_delivery_step,lead_to_reference_failure_steps,intervention_prefix_q_bit_exact,intervention_prefix_max_q_difference_rad,cold_control_observed_prefix_exact,cold_control_prefix_max_q_difference_rad,cold_control_first_failure_step,first_failure_after_trigger,violation_before_stop_delivery,violation_after_stop_delivery,min_after_trigger_mm,min_before_delivery_mm,min_200ms_after_delivery_mm,max_arm_joint_displacement_200ms_after_delivery_rad,max_arm_joint_speed_at_delivery_rad_s,joints_moving_away_from_fixed_target_at_delivery,max_further_travel_away_from_target_200ms_rad,fixed_target_max_abs_offset_at_trigger_rad
stored,12,437,443,12,False,0.002542257308959961,True,0.0,449,,False,False,0.9993612766265869,0.9993612766265869,1.0079443454742432,0.08936285972595215,1.4653031826019287,1,0.004869580268859863,0.5882718563079834
stored,13,172,178,12,False,0.4547138810157776,True,0.0,187,,False,False,1.190096139907837,1.190096139907837,1.1961162090301514,0.10562419891357422,1.105660319328308,2,0.03522759675979614,0.24625706672668457
stored,15,357,363,12,False,0.00254213809967041,True,0.0,369,368,False,True,-62.45402991771698,1.52626633644104,-45.590899884700775,0.09019017219543457,0.7085755467414856,0,0.0,0.21511387825012207
stored,22,375,381,12,False,0.002684295177459717,True,0.0,387,,False,False,0.9653866291046143,0.9933412075042725,0.9662806987762451,0.09191238880157471,0.7701376676559448,1,0.037692129611968994,0.21649649739265442
stored,28,548,554,12,False,0.0026256442070007324,True,0.0,560,,False,False,1.5330016613006592,1.5726983547210693,1.5334784984588623,0.08861231803894043,0.7122262716293335,0,0.0,0.21079862117767334
stored,30,446,452,12,False,0.006399869918823242,True,0.0,457,458,False,True,-44.85435038805008,0.964134931564331,-28.664708137512207,0.08234715461730957,1.120439887046814,2,0.00955653190612793,0.1856672763824463
measured,12,437,443,12,False,0.002542257308959961,True,0.0,449,,False,False,0.9711086750030518,0.9993612766265869,0.9715259075164795,0.05660922825336456,1.4653031826019287,22,0.04012894630432129,0.0
measured,13,172,178,12,False,0.4547138810157776,True,0.0,187,,False,False,1.1722147464752197,1.190096139907837,1.172870397567749,0.051842451095581055,1.105660319328308,14,0.0029230117797851562,0.0
measured,15,357,363,12,False,0.00254213809967041,True,0.0,369,,False,False,1.520603895187378,1.52626633644104,1.5208423137664795,0.045172691345214844,0.7085755467414856,18,0.01861286163330078,0.0
measured,22,375,381,12,False,0.002684295177459717,True,0.0,387,,False,False,0.9780228137969971,0.9933412075042725,0.9780228137969971,0.084635891020298,0.7701376676559448,22,0.015375852584838867,0.0
measured,28,548,554,12,False,0.0026256442070007324,True,0.0,560,,False,False,1.535266637802124,1.5726983547210693,1.5355050563812256,0.06918923556804657,0.7122262716293335,16,0.009279310703277588,0.0
measured,30,446,452,12,False,0.006399869918823242,False,0.00011026859283447266,457,,False,False,0.9253919124603271,0.964134931564331,0.9261071681976318,0.08471369743347168,1.121322512626648,20,0.009882330894470215,0.0
