method,pair,distance_band,direction,amp,attempts,exposed,near,violations,exposure_rate,near_rate,violation_rate,violation_cp95_upper,violation_cp95_upper_exposed
backstop_only,F_L-F_R,contact,approach,0.005,5,5,0,0,1.0,0.0,0.0,0.4507197283469412,0.4507197283469412
backstop_only,F_L-F_R,contact,approach,0.015,5,5,0,0,1.0,0.0,0.0,0.4507197283469412,0.4507197283469412
backstop_only,F_L-F_R,contact,recede,0.005,5,5,0,0,1.0,0.0,0.0,0.4507197283469412,0.4507197283469412
backstop_only,F_L-F_R,contact,recede,0.015,5,5,5,5,1.0,1.0,1.0,1.0,1.0
backstop_only,F_L-F_R,contact,tangent,0.005,5,5,0,0,1.0,0.0,0.0,0.4507197283469412,0.4507197283469412
backstop_only,F_L-F_R,contact,tangent,0.015,5,5,5,5,1.0,1.0,1.0,1.0,1.0
backstop_only,F_L-F_R,near,approach,0.005,5,5,0,0,1.0,0.0,0.0,0.4507197283469412,0.4507197283469412
backstop_only,F_L-F_R,near,approach,0.015,5,5,0,0,1.0,0.0,0.0,0.4507197283469412,0.4507197283469412
backstop_only,F_L-F_R,near,recede,0.005,5,5,0,0,1.0,0.0,0.0,0.4507197283469412,0.4507197283469412
backstop_only,F_L-F_R,near,recede,0.015,5,5,5,5,1.0,1.0,1.0,1.0,1.0
backstop_only,F_L-F_R,near,tangent,0.005,6,6,0,0,1.0,0.0,0.0,0.39303776899708276,0.39303776899708276
backstop_only,F_L-F_R,near,tangent,0.015,6,6,6,6,1.0,1.0,1.0,1.0,1.0
backstop_only,F_L-F_R,penetration,approach,0.005,5,5,0,0,1.0,0.0,0.0,0.4507197283469412,0.4507197283469412
backstop_only,F_L-F_R,penetration,approach,0.015,5,5,0,0,1.0,0.0,0.0,0.4507197283469412,0.4507197283469412
backstop_only,F_L-F_R,penetration,recede,0.005,5,5,0,0,1.0,0.0,0.0,0.4507197283469412,0.4507197283469412
backstop_only,F_L-F_R,penetration,recede,0.015,5,5,5,5,1.0,1.0,1.0,1.0,1.0
backstop_only,F_L-F_R,penetration,tangent,0.005,5,5,0,0,1.0,0.0,0.0,0.4507197283469412,0.4507197283469412
backstop_only,F_L-F_R,penetration,tangent,0.015,5,5,5,5,1.0,1.0,1.0,1.0,1.0
backstop_only,F_L-F_R,warn,approach,0.005,7,0,0,0,0.0,0.0,0.0,0.3481636551311609,
backstop_only,F_L-F_R,warn,approach,0.015,7,0,0,0,0.0,0.0,0.0,0.3481636551311609,
backstop_only,F_L-F_R,warn,recede,0.005,6,6,0,0,1.0,0.0,0.0,0.39303776899708276,0.39303776899708276
backstop_only,F_L-F_R,warn,recede,0.015,6,6,6,6,1.0,1.0,1.0,1.0,1.0
backstop_only,F_L-F_R,warn,tangent,0.005,5,5,0,0,1.0,0.0,0.0,0.4507197283469412,0.4507197283469412
backstop_only,F_L-F_R,warn,tangent,0.015,5,5,5,5,1.0,1.0,1.0,1.0,1.0
backstop_only,F_L-U_L,contact,approach,0.005,5,0,0,0,0.0,0.0,0.0,0.4507197283469412,
backstop_only,F_L-U_L,contact,approach,0.015,5,0,0,0,0.0,0.0,0.0,0.4507197283469412,
backstop_only,F_L-U_L,contact,recede,0.005,5,5,0,0,1.0,0.0,0.0,0.4507197283469412,0.4507197283469412
backstop_only,F_L-U_L,contact,recede,0.015,5,5,0,0,1.0,0.0,0.0,0.4507197283469412,0.4507197283469412
backstop_only,F_L-U_L,contact,tangent,0.005,5,5,0,0,1.0,0.0,0.0,0.4507197283469412,0.4507197283469412
backstop_only,F_L-U_L,contact,tangent,0.015,5,5,0,0,1.0,0.0,0.0,0.4507197283469412,0.4507197283469412
backstop_only,F_L-U_L,near,approach,0.005,5,0,0,0,0.0,0.0,0.0,0.4507197283469412,
backstop_only,F_L-U_L,near,approach,0.015,5,0,0,0,0.0,0.0,0.0,0.4507197283469412,
backstop_only,F_L-U_L,near,recede,0.005,5,5,0,0,1.0,0.0,0.0,0.4507197283469412,0.4507197283469412
backstop_only,F_L-U_L,near,recede,0.015,5,5,0,0,1.0,0.0,0.0,0.4507197283469412,0.4507197283469412
backstop_only,F_L-U_L,near,tangent,0.005,6,6,0,0,1.0,0.0,0.0,0.39303776899708276,0.39303776899708276
backstop_only,F_L-U_L,near,tangent,0.015,6,6,0,0,1.0,0.0,0.0,0.39303776899708276,0.39303776899708276
backstop_only,F_L-U_L,penetration,approach,0.005,5,0,0,0,0.0,0.0,0.0,0.4507197283469412,
backstop_only,F_L-U_L,penetration,approach,0.015,5,0,0,0,0.0,0.0,0.0,0.4507197283469412,
backstop_only,F_L-U_L,penetration,recede,0.005,6,6,0,0,1.0,0.0,0.0,0.39303776899708276,0.39303776899708276
backstop_only,F_L-U_L,penetration,recede,0.015,6,6,0,0,1.0,0.0,0.0,0.39303776899708276,0.39303776899708276
backstop_only,F_L-U_L,penetration,tangent,0.005,5,5,0,0,1.0,0.0,0.0,0.4507197283469412,0.4507197283469412
backstop_only,F_L-U_L,penetration,tangent,0.015,5,5,0,0,1.0,0.0,0.0,0.4507197283469412,0.4507197283469412
backstop_only,F_L-U_L,warn,approach,0.005,6,0,0,0,0.0,0.0,0.0,0.39303776899708276,
backstop_only,F_L-U_L,warn,approach,0.015,6,0,0,0,0.0,0.0,0.0,0.39303776899708276,
backstop_only,F_L-U_L,warn,recede,0.005,6,6,0,0,1.0,0.0,0.0,0.39303776899708276,0.39303776899708276
backstop_only,F_L-U_L,warn,recede,0.015,6,6,0,0,1.0,0.0,0.0,0.39303776899708276,0.39303776899708276
backstop_only,F_L-U_L,warn,tangent,0.005,5,5,0,0,1.0,0.0,0.0,0.4507197283469412,0.4507197283469412
backstop_only,F_L-U_L,warn,tangent,0.015,5,5,0,0,1.0,0.0,0.0,0.4507197283469412,0.4507197283469412
backstop_only,F_L-U_R,contact,approach,0.005,5,5,0,0,1.0,0.0,0.0,0.4507197283469412,0.4507197283469412
backstop_only,F_L-U_R,contact,approach,0.015,5,5,0,0,1.0,0.0,0.0,0.4507197283469412,0.4507197283469412
backstop_only,F_L-U_R,contact,recede,0.005,5,5,0,0,1.0,0.0,0.0,0.4507197283469412,0.4507197283469412
backstop_only,F_L-U_R,contact,recede,0.015,5,5,0,0,1.0,0.0,0.0,0.4507197283469412,0.4507197283469412
backstop_only,F_L-U_R,contact,tangent,0.005,5,5,0,0,1.0,0.0,0.0,0.4507197283469412,0.4507197283469412
backstop_only,F_L-U_R,contact,tangent,0.015,5,5,0,0,1.0,0.0,0.0,0.4507197283469412,0.4507197283469412
backstop_only,F_L-U_R,near,approach,0.005,6,6,0,0,1.0,0.0,0.0,0.39303776899708276,0.39303776899708276
backstop_only,F_L-U_R,near,approach,0.015,6,6,0,0,1.0,0.0,0.0,0.39303776899708276,0.39303776899708276
backstop_only,F_L-U_R,near,recede,0.005,5,5,0,0,1.0,0.0,0.0,0.4507197283469412,0.4507197283469412
backstop_only,F_L-U_R,near,recede,0.015,5,5,0,0,1.0,0.0,0.0,0.4507197283469412,0.4507197283469412
backstop_only,F_L-U_R,near,tangent,0.005,5,5,0,0,1.0,0.0,0.0,0.4507197283469412,0.4507197283469412
backstop_only,F_L-U_R,near,tangent,0.015,5,5,0,0,1.0,0.0,0.0,0.4507197283469412,0.4507197283469412
backstop_only,F_L-U_R,penetration,approach,0.005,5,5,0,0,1.0,0.0,0.0,0.4507197283469412,0.4507197283469412
backstop_only,F_L-U_R,penetration,approach,0.015,5,5,0,0,1.0,0.0,0.0,0.4507197283469412,0.4507197283469412
backstop_only,F_L-U_R,penetration,recede,0.005,6,6,0,0,1.0,0.0,0.0,0.39303776899708276,0.39303776899708276
backstop_only,F_L-U_R,penetration,recede,0.015,6,6,0,0,1.0,0.0,0.0,0.39303776899708276,0.39303776899708276
backstop_only,F_L-U_R,penetration,tangent,0.005,5,5,0,0,1.0,0.0,0.0,0.4507197283469412,0.4507197283469412
backstop_only,F_L-U_R,penetration,tangent,0.015,5,5,0,0,1.0,0.0,0.0,0.4507197283469412,0.4507197283469412
backstop_only,F_L-U_R,warn,approach,0.005,6,6,0,0,1.0,0.0,0.0,0.39303776899708276,0.39303776899708276
backstop_only,F_L-U_R,warn,approach,0.015,6,0,0,0,0.0,0.0,0.0,0.39303776899708276,
backstop_only,F_L-U_R,warn,recede,0.005,6,6,0,0,1.0,0.0,0.0,0.39303776899708276,0.39303776899708276
backstop_only,F_L-U_R,warn,recede,0.015,6,6,0,0,1.0,0.0,0.0,0.39303776899708276,0.39303776899708276
backstop_only,F_L-U_R,warn,tangent,0.005,5,5,0,0,1.0,0.0,0.0,0.4507197283469412,0.4507197283469412
backstop_only,F_L-U_R,warn,tangent,0.015,5,5,0,0,1.0,0.0,0.0,0.4507197283469412,0.4507197283469412
backstop_only,F_R-U_L,contact,approach,0.005,5,5,0,0,1.0,0.0,0.0,0.4507197283469412,0.4507197283469412
backstop_only,F_R-U_L,contact,approach,0.015,5,5,0,0,1.0,0.0,0.0,0.4507197283469412,0.4507197283469412
backstop_only,F_R-U_L,contact,recede,0.005,5,5,0,0,1.0,0.0,0.0,0.4507197283469412,0.4507197283469412
backstop_only,F_R-U_L,contact,recede,0.015,5,5,0,0,1.0,0.0,0.0,0.4507197283469412,0.4507197283469412
backstop_only,F_R-U_L,contact,tangent,0.005,6,6,0,0,1.0,0.0,0.0,0.39303776899708276,0.39303776899708276
backstop_only,F_R-U_L,contact,tangent,0.015,6,6,0,0,1.0,0.0,0.0,0.39303776899708276,0.39303776899708276
backstop_only,F_R-U_L,near,approach,0.005,6,6,0,0,1.0,0.0,0.0,0.39303776899708276,0.39303776899708276
backstop_only,F_R-U_L,near,approach,0.015,6,6,0,0,1.0,0.0,0.0,0.39303776899708276,0.39303776899708276
backstop_only,F_R-U_L,near,recede,0.005,5,5,0,0,1.0,0.0,0.0,0.4507197283469412,0.4507197283469412
backstop_only,F_R-U_L,near,recede,0.015,5,5,0,0,1.0,0.0,0.0,0.4507197283469412,0.4507197283469412
backstop_only,F_R-U_L,near,tangent,0.005,5,5,0,0,1.0,0.0,0.0,0.4507197283469412,0.4507197283469412
backstop_only,F_R-U_L,near,tangent,0.015,5,5,0,0,1.0,0.0,0.0,0.4507197283469412,0.4507197283469412
backstop_only,F_R-U_L,penetration,approach,0.005,5,5,0,0,1.0,0.0,0.0,0.4507197283469412,0.4507197283469412
backstop_only,F_R-U_L,penetration,approach,0.015,5,5,0,0,1.0,0.0,0.0,0.4507197283469412,0.4507197283469412
backstop_only,F_R-U_L,penetration,recede,0.005,5,5,0,0,1.0,0.0,0.0,0.4507197283469412,0.4507197283469412
backstop_only,F_R-U_L,penetration,recede,0.015,5,5,0,0,1.0,0.0,0.0,0.4507197283469412,0.4507197283469412
backstop_only,F_R-U_L,penetration,tangent,0.005,5,5,0,0,1.0,0.0,0.0,0.4507197283469412,0.4507197283469412
backstop_only,F_R-U_L,penetration,tangent,0.015,5,5,0,0,1.0,0.0,0.0,0.4507197283469412,0.4507197283469412
backstop_only,F_R-U_L,warn,approach,0.005,6,6,0,0,1.0,0.0,0.0,0.39303776899708276,0.39303776899708276
backstop_only,F_R-U_L,warn,approach,0.015,6,0,0,0,0.0,0.0,0.0,0.39303776899708276,
backstop_only,F_R-U_L,warn,recede,0.005,6,6,0,0,1.0,0.0,0.0,0.39303776899708276,0.39303776899708276
backstop_only,F_R-U_L,warn,recede,0.015,6,6,0,0,1.0,0.0,0.0,0.39303776899708276,0.39303776899708276
backstop_only,F_R-U_L,warn,tangent,0.005,5,5,0,0,1.0,0.0,0.0,0.4507197283469412,0.4507197283469412
backstop_only,F_R-U_L,warn,tangent,0.015,5,5,0,0,1.0,0.0,0.0,0.4507197283469412,0.4507197283469412
backstop_only,F_R-U_R,contact,approach,0.005,5,0,0,0,0.0,0.0,0.0,0.4507197283469412,
backstop_only,F_R-U_R,contact,approach,0.015,5,0,0,0,0.0,0.0,0.0,0.4507197283469412,
backstop_only,F_R-U_R,contact,recede,0.005,5,5,0,0,1.0,0.0,0.0,0.4507197283469412,0.4507197283469412
backstop_only,F_R-U_R,contact,recede,0.015,5,5,0,0,1.0,0.0,0.0,0.4507197283469412,0.4507197283469412
backstop_only,F_R-U_R,contact,tangent,0.005,6,0,0,0,0.0,0.0,0.0,0.39303776899708276,
backstop_only,F_R-U_R,contact,tangent,0.015,6,6,0,0,1.0,0.0,0.0,0.39303776899708276,0.39303776899708276
backstop_only,F_R-U_R,near,approach,0.005,5,0,0,0,0.0,0.0,0.0,0.4507197283469412,
backstop_only,F_R-U_R,near,approach,0.015,5,0,0,0,0.0,0.0,0.0,0.4507197283469412,
backstop_only,F_R-U_R,near,recede,0.005,5,5,0,0,1.0,0.0,0.0,0.4507197283469412,0.4507197283469412
backstop_only,F_R-U_R,near,recede,0.015,5,5,0,0,1.0,0.0,0.0,0.4507197283469412,0.4507197283469412
backstop_only,F_R-U_R,near,tangent,0.005,5,5,0,0,1.0,0.0,0.0,0.4507197283469412,0.4507197283469412
backstop_only,F_R-U_R,near,tangent,0.015,5,5,0,0,1.0,0.0,0.0,0.4507197283469412,0.4507197283469412
backstop_only,F_R-U_R,penetration,approach,0.005,5,0,0,0,0.0,0.0,0.0,0.4507197283469412,
backstop_only,F_R-U_R,penetration,approach,0.015,5,0,0,0,0.0,0.0,0.0,0.4507197283469412,
backstop_only,F_R-U_R,penetration,recede,0.005,5,5,0,0,1.0,0.0,0.0,0.4507197283469412,0.4507197283469412
backstop_only,F_R-U_R,penetration,recede,0.015,5,5,0,0,1.0,0.0,0.0,0.4507197283469412,0.4507197283469412
backstop_only,F_R-U_R,penetration,tangent,0.005,5,0,0,0,0.0,0.0,0.0,0.4507197283469412,
backstop_only,F_R-U_R,penetration,tangent,0.015,5,5,0,0,1.0,0.0,0.0,0.4507197283469412,0.4507197283469412
backstop_only,F_R-U_R,warn,approach,0.005,6,0,0,0,0.0,0.0,0.0,0.39303776899708276,
backstop_only,F_R-U_R,warn,approach,0.015,6,0,0,0,0.0,0.0,0.0,0.39303776899708276,
backstop_only,F_R-U_R,warn,recede,0.005,7,7,0,0,1.0,0.0,0.0,0.3481636551311609,0.3481636551311609
backstop_only,F_R-U_R,warn,recede,0.015,7,7,0,0,1.0,0.0,0.0,0.3481636551311609,0.3481636551311609
backstop_only,F_R-U_R,warn,tangent,0.005,5,5,0,0,1.0,0.0,0.0,0.4507197283469412,0.4507197283469412
backstop_only,F_R-U_R,warn,tangent,0.015,5,5,0,0,1.0,0.0,0.0,0.4507197283469412,0.4507197283469412
backstop_only,U_L-U_R,contact,approach,0.005,6,6,0,0,1.0,0.0,0.0,0.39303776899708276,0.39303776899708276
backstop_only,U_L-U_R,contact,approach,0.015,6,0,0,0,0.0,0.0,0.0,0.39303776899708276,
backstop_only,U_L-U_R,contact,recede,0.005,5,5,0,0,1.0,0.0,0.0,0.4507197283469412,0.4507197283469412
backstop_only,U_L-U_R,contact,recede,0.015,5,5,0,0,1.0,0.0,0.0,0.4507197283469412,0.4507197283469412
backstop_only,U_L-U_R,contact,tangent,0.005,5,5,0,0,1.0,0.0,0.0,0.4507197283469412,0.4507197283469412
backstop_only,U_L-U_R,contact,tangent,0.015,5,5,0,0,1.0,0.0,0.0,0.4507197283469412,0.4507197283469412
backstop_only,U_L-U_R,near,approach,0.005,5,0,0,0,0.0,0.0,0.0,0.4507197283469412,
backstop_only,U_L-U_R,near,approach,0.015,5,0,0,0,0.0,0.0,0.0,0.4507197283469412,
backstop_only,U_L-U_R,near,recede,0.005,5,5,0,0,1.0,0.0,0.0,0.4507197283469412,0.4507197283469412
backstop_only,U_L-U_R,near,recede,0.015,5,5,0,0,1.0,0.0,0.0,0.4507197283469412,0.4507197283469412
backstop_only,U_L-U_R,near,tangent,0.005,5,5,0,0,1.0,0.0,0.0,0.4507197283469412,0.4507197283469412
backstop_only,U_L-U_R,near,tangent,0.015,5,5,0,0,1.0,0.0,0.0,0.4507197283469412,0.4507197283469412
backstop_only,U_L-U_R,penetration,approach,0.005,5,5,0,0,1.0,0.0,0.0,0.4507197283469412,0.4507197283469412
backstop_only,U_L-U_R,penetration,approach,0.015,5,5,0,0,1.0,0.0,0.0,0.4507197283469412,0.4507197283469412
backstop_only,U_L-U_R,penetration,recede,0.005,5,5,0,0,1.0,0.0,0.0,0.4507197283469412,0.4507197283469412
backstop_only,U_L-U_R,penetration,recede,0.015,5,5,0,0,1.0,0.0,0.0,0.4507197283469412,0.4507197283469412
backstop_only,U_L-U_R,penetration,tangent,0.005,6,6,0,0,1.0,0.0,0.0,0.39303776899708276,0.39303776899708276
backstop_only,U_L-U_R,penetration,tangent,0.015,6,6,0,0,1.0,0.0,0.0,0.39303776899708276,0.39303776899708276
backstop_only,U_L-U_R,warn,approach,0.005,6,0,0,0,0.0,0.0,0.0,0.39303776899708276,
backstop_only,U_L-U_R,warn,approach,0.015,6,0,0,0,0.0,0.0,0.0,0.39303776899708276,
backstop_only,U_L-U_R,warn,recede,0.005,6,6,0,0,1.0,0.0,0.0,0.39303776899708276,0.39303776899708276
backstop_only,U_L-U_R,warn,recede,0.015,6,6,0,0,1.0,0.0,0.0,0.39303776899708276,0.39303776899708276
backstop_only,U_L-U_R,warn,tangent,0.005,5,5,0,0,1.0,0.0,0.0,0.4507197283469412,0.4507197283469412
backstop_only,U_L-U_R,warn,tangent,0.015,5,5,0,0,1.0,0.0,0.0,0.4507197283469412,0.4507197283469412
raw,F_L-F_R,contact,approach,0.005,5,5,0,0,1.0,0.0,0.0,0.4507197283469412,0.4507197283469412
raw,F_L-F_R,contact,approach,0.015,5,5,0,0,1.0,0.0,0.0,0.4507197283469412,0.4507197283469412
raw,F_L-F_R,contact,recede,0.005,5,5,5,5,1.0,1.0,1.0,1.0,1.0
raw,F_L-F_R,contact,recede,0.015,5,5,5,5,1.0,1.0,1.0,1.0,1.0
raw,F_L-F_R,contact,tangent,0.005,5,5,5,5,1.0,1.0,1.0,1.0,1.0
raw,F_L-F_R,contact,tangent,0.015,5,5,5,5,1.0,1.0,1.0,1.0,1.0
raw,F_L-F_R,near,approach,0.005,5,5,0,0,1.0,0.0,0.0,0.4507197283469412,0.4507197283469412
raw,F_L-F_R,near,approach,0.015,5,5,0,0,1.0,0.0,0.0,0.4507197283469412,0.4507197283469412
raw,F_L-F_R,near,recede,0.005,5,5,5,5,1.0,1.0,1.0,1.0,1.0
raw,F_L-F_R,near,recede,0.015,5,5,5,5,1.0,1.0,1.0,1.0,1.0
raw,F_L-F_R,near,tangent,0.005,6,6,6,6,1.0,1.0,1.0,1.0,1.0
raw,F_L-F_R,near,tangent,0.015,6,6,6,6,1.0,1.0,1.0,1.0,1.0
raw,F_L-F_R,penetration,approach,0.005,5,5,0,0,1.0,0.0,0.0,0.4507197283469412,0.4507197283469412
raw,F_L-F_R,penetration,approach,0.015,5,5,0,0,1.0,0.0,0.0,0.4507197283469412,0.4507197283469412
raw,F_L-F_R,penetration,recede,0.005,5,5,5,5,1.0,1.0,1.0,1.0,1.0
raw,F_L-F_R,penetration,recede,0.015,5,5,5,5,1.0,1.0,1.0,1.0,1.0
raw,F_L-F_R,penetration,tangent,0.005,5,5,5,5,1.0,1.0,1.0,1.0,1.0
raw,F_L-F_R,penetration,tangent,0.015,5,5,5,5,1.0,1.0,1.0,1.0,1.0
raw,F_L-F_R,warn,approach,0.005,7,0,0,0,0.0,0.0,0.0,0.3481636551311609,
raw,F_L-F_R,warn,approach,0.015,7,0,0,0,0.0,0.0,0.0,0.3481636551311609,
raw,F_L-F_R,warn,recede,0.005,6,6,6,6,1.0,1.0,1.0,1.0,1.0
raw,F_L-F_R,warn,recede,0.015,6,6,6,6,1.0,1.0,1.0,1.0,1.0
raw,F_L-F_R,warn,tangent,0.005,5,5,5,5,1.0,1.0,1.0,1.0,1.0
raw,F_L-F_R,warn,tangent,0.015,5,5,5,5,1.0,1.0,1.0,1.0,1.0
raw,F_L-U_L,contact,approach,0.005,5,0,0,0,0.0,0.0,0.0,0.4507197283469412,
raw,F_L-U_L,contact,approach,0.015,5,0,0,0,0.0,0.0,0.0,0.4507197283469412,
raw,F_L-U_L,contact,recede,0.005,5,5,5,5,1.0,1.0,1.0,1.0,1.0
raw,F_L-U_L,contact,recede,0.015,5,5,5,5,1.0,1.0,1.0,1.0,1.0
raw,F_L-U_L,contact,tangent,0.005,5,5,5,5,1.0,1.0,1.0,1.0,1.0
raw,F_L-U_L,contact,tangent,0.015,5,5,5,5,1.0,1.0,1.0,1.0,1.0
raw,F_L-U_L,near,approach,0.005,5,0,0,0,0.0,0.0,0.0,0.4507197283469412,
raw,F_L-U_L,near,approach,0.015,5,0,0,0,0.0,0.0,0.0,0.4507197283469412,
raw,F_L-U_L,near,recede,0.005,5,5,5,5,1.0,1.0,1.0,1.0,1.0
raw,F_L-U_L,near,recede,0.015,5,5,5,5,1.0,1.0,1.0,1.0,1.0
raw,F_L-U_L,near,tangent,0.005,6,6,6,6,1.0,1.0,1.0,1.0,1.0
raw,F_L-U_L,near,tangent,0.015,6,6,6,6,1.0,1.0,1.0,1.0,1.0
raw,F_L-U_L,penetration,approach,0.005,5,0,0,0,0.0,0.0,0.0,0.4507197283469412,
raw,F_L-U_L,penetration,approach,0.015,5,0,0,0,0.0,0.0,0.0,0.4507197283469412,
raw,F_L-U_L,penetration,recede,0.005,6,6,6,6,1.0,1.0,1.0,1.0,1.0
raw,F_L-U_L,penetration,recede,0.015,6,6,6,6,1.0,1.0,1.0,1.0,1.0
raw,F_L-U_L,penetration,tangent,0.005,5,5,5,5,1.0,1.0,1.0,1.0,1.0
raw,F_L-U_L,penetration,tangent,0.015,5,5,5,5,1.0,1.0,1.0,1.0,1.0
raw,F_L-U_L,warn,approach,0.005,6,0,0,0,0.0,0.0,0.0,0.39303776899708276,
raw,F_L-U_L,warn,approach,0.015,6,0,0,0,0.0,0.0,0.0,0.39303776899708276,
raw,F_L-U_L,warn,recede,0.005,6,6,6,6,1.0,1.0,1.0,1.0,1.0
raw,F_L-U_L,warn,recede,0.015,6,6,6,6,1.0,1.0,1.0,1.0,1.0
raw,F_L-U_L,warn,tangent,0.005,5,5,5,5,1.0,1.0,1.0,1.0,1.0
raw,F_L-U_L,warn,tangent,0.015,5,5,5,5,1.0,1.0,1.0,1.0,1.0
raw,F_L-U_R,contact,approach,0.005,5,5,0,0,1.0,0.0,0.0,0.4507197283469412,0.4507197283469412
raw,F_L-U_R,contact,approach,0.015,5,5,0,0,1.0,0.0,0.0,0.4507197283469412,0.4507197283469412
raw,F_L-U_R,contact,recede,0.005,5,5,5,5,1.0,1.0,1.0,1.0,1.0
raw,F_L-U_R,contact,recede,0.015,5,5,5,5,1.0,1.0,1.0,1.0,1.0
raw,F_L-U_R,contact,tangent,0.005,5,5,5,5,1.0,1.0,1.0,1.0,1.0
raw,F_L-U_R,contact,tangent,0.015,5,5,5,5,1.0,1.0,1.0,1.0,1.0
raw,F_L-U_R,near,approach,0.005,6,6,0,0,1.0,0.0,0.0,0.39303776899708276,0.39303776899708276
raw,F_L-U_R,near,approach,0.015,6,6,0,0,1.0,0.0,0.0,0.39303776899708276,0.39303776899708276
raw,F_L-U_R,near,recede,0.005,5,5,5,5,1.0,1.0,1.0,1.0,1.0
raw,F_L-U_R,near,recede,0.015,5,5,5,5,1.0,1.0,1.0,1.0,1.0
raw,F_L-U_R,near,tangent,0.005,5,5,5,5,1.0,1.0,1.0,1.0,1.0
raw,F_L-U_R,near,tangent,0.015,5,5,5,5,1.0,1.0,1.0,1.0,1.0
raw,F_L-U_R,penetration,approach,0.005,5,5,0,0,1.0,0.0,0.0,0.4507197283469412,0.4507197283469412
raw,F_L-U_R,penetration,approach,0.015,5,5,0,0,1.0,0.0,0.0,0.4507197283469412,0.4507197283469412
raw,F_L-U_R,penetration,recede,0.005,6,6,6,6,1.0,1.0,1.0,1.0,1.0
raw,F_L-U_R,penetration,recede,0.015,6,6,6,6,1.0,1.0,1.0,1.0,1.0
raw,F_L-U_R,penetration,tangent,0.005,5,5,5,5,1.0,1.0,1.0,1.0,1.0
raw,F_L-U_R,penetration,tangent,0.015,5,5,5,5,1.0,1.0,1.0,1.0,1.0
raw,F_L-U_R,warn,approach,0.005,6,6,0,0,1.0,0.0,0.0,0.39303776899708276,0.39303776899708276
raw,F_L-U_R,warn,approach,0.015,6,0,0,0,0.0,0.0,0.0,0.39303776899708276,
raw,F_L-U_R,warn,recede,0.005,6,6,6,6,1.0,1.0,1.0,1.0,1.0
raw,F_L-U_R,warn,recede,0.015,6,6,6,6,1.0,1.0,1.0,1.0,1.0
raw,F_L-U_R,warn,tangent,0.005,5,5,5,5,1.0,1.0,1.0,1.0,1.0
raw,F_L-U_R,warn,tangent,0.015,5,5,5,5,1.0,1.0,1.0,1.0,1.0
raw,F_R-U_L,contact,approach,0.005,5,5,0,0,1.0,0.0,0.0,0.4507197283469412,0.4507197283469412
raw,F_R-U_L,contact,approach,0.015,5,5,0,0,1.0,0.0,0.0,0.4507197283469412,0.4507197283469412
raw,F_R-U_L,contact,recede,0.005,5,5,5,5,1.0,1.0,1.0,1.0,1.0
raw,F_R-U_L,contact,recede,0.015,5,5,5,5,1.0,1.0,1.0,1.0,1.0
raw,F_R-U_L,contact,tangent,0.005,6,6,6,6,1.0,1.0,1.0,1.0,1.0
raw,F_R-U_L,contact,tangent,0.015,6,6,6,6,1.0,1.0,1.0,1.0,1.0
raw,F_R-U_L,near,approach,0.005,6,6,0,0,1.0,0.0,0.0,0.39303776899708276,0.39303776899708276
raw,F_R-U_L,near,approach,0.015,6,6,0,0,1.0,0.0,0.0,0.39303776899708276,0.39303776899708276
raw,F_R-U_L,near,recede,0.005,5,5,5,5,1.0,1.0,1.0,1.0,1.0
raw,F_R-U_L,near,recede,0.015,5,5,5,5,1.0,1.0,1.0,1.0,1.0
raw,F_R-U_L,near,tangent,0.005,5,5,5,5,1.0,1.0,1.0,1.0,1.0
raw,F_R-U_L,near,tangent,0.015,5,5,5,5,1.0,1.0,1.0,1.0,1.0
raw,F_R-U_L,penetration,approach,0.005,5,5,0,0,1.0,0.0,0.0,0.4507197283469412,0.4507197283469412
raw,F_R-U_L,penetration,approach,0.015,5,5,0,0,1.0,0.0,0.0,0.4507197283469412,0.4507197283469412
raw,F_R-U_L,penetration,recede,0.005,5,5,5,5,1.0,1.0,1.0,1.0,1.0
raw,F_R-U_L,penetration,recede,0.015,5,5,5,5,1.0,1.0,1.0,1.0,1.0
raw,F_R-U_L,penetration,tangent,0.005,5,5,5,5,1.0,1.0,1.0,1.0,1.0
raw,F_R-U_L,penetration,tangent,0.015,5,5,5,5,1.0,1.0,1.0,1.0,1.0
raw,F_R-U_L,warn,approach,0.005,6,6,0,0,1.0,0.0,0.0,0.39303776899708276,0.39303776899708276
raw,F_R-U_L,warn,approach,0.015,6,0,0,0,0.0,0.0,0.0,0.39303776899708276,
raw,F_R-U_L,warn,recede,0.005,6,6,6,6,1.0,1.0,1.0,1.0,1.0
raw,F_R-U_L,warn,recede,0.015,6,6,6,6,1.0,1.0,1.0,1.0,1.0
raw,F_R-U_L,warn,tangent,0.005,5,5,5,5,1.0,1.0,1.0,1.0,1.0
raw,F_R-U_L,warn,tangent,0.015,5,5,5,5,1.0,1.0,1.0,1.0,1.0
raw,F_R-U_R,contact,approach,0.005,5,0,0,0,0.0,0.0,0.0,0.4507197283469412,
raw,F_R-U_R,contact,approach,0.015,5,0,0,0,0.0,0.0,0.0,0.4507197283469412,
raw,F_R-U_R,contact,recede,0.005,5,5,5,5,1.0,1.0,1.0,1.0,1.0
raw,F_R-U_R,contact,recede,0.015,5,5,5,5,1.0,1.0,1.0,1.0,1.0
raw,F_R-U_R,contact,tangent,0.005,6,6,6,6,1.0,1.0,1.0,1.0,1.0
raw,F_R-U_R,contact,tangent,0.015,6,6,6,6,1.0,1.0,1.0,1.0,1.0
raw,F_R-U_R,near,approach,0.005,5,0,0,0,0.0,0.0,0.0,0.4507197283469412,
raw,F_R-U_R,near,approach,0.015,5,0,0,0,0.0,0.0,0.0,0.4507197283469412,
raw,F_R-U_R,near,recede,0.005,5,5,5,5,1.0,1.0,1.0,1.0,1.0
raw,F_R-U_R,near,recede,0.015,5,5,5,5,1.0,1.0,1.0,1.0,1.0
raw,F_R-U_R,near,tangent,0.005,5,5,5,5,1.0,1.0,1.0,1.0,1.0
raw,F_R-U_R,near,tangent,0.015,5,5,5,5,1.0,1.0,1.0,1.0,1.0
raw,F_R-U_R,penetration,approach,0.005,5,0,0,0,0.0,0.0,0.0,0.4507197283469412,
raw,F_R-U_R,penetration,approach,0.015,5,0,0,0,0.0,0.0,0.0,0.4507197283469412,
raw,F_R-U_R,penetration,recede,0.005,5,5,5,5,1.0,1.0,1.0,1.0,1.0
raw,F_R-U_R,penetration,recede,0.015,5,5,5,5,1.0,1.0,1.0,1.0,1.0
raw,F_R-U_R,penetration,tangent,0.005,5,5,5,5,1.0,1.0,1.0,1.0,1.0
raw,F_R-U_R,penetration,tangent,0.015,5,5,5,5,1.0,1.0,1.0,1.0,1.0
raw,F_R-U_R,warn,approach,0.005,6,0,0,0,0.0,0.0,0.0,0.39303776899708276,
raw,F_R-U_R,warn,approach,0.015,6,0,0,0,0.0,0.0,0.0,0.39303776899708276,
raw,F_R-U_R,warn,recede,0.005,7,7,7,7,1.0,1.0,1.0,1.0,1.0
raw,F_R-U_R,warn,recede,0.015,7,7,7,7,1.0,1.0,1.0,1.0,1.0
raw,F_R-U_R,warn,tangent,0.005,5,5,5,5,1.0,1.0,1.0,1.0,1.0
raw,F_R-U_R,warn,tangent,0.015,5,5,5,5,1.0,1.0,1.0,1.0,1.0
raw,U_L-U_R,contact,approach,0.005,6,6,0,0,1.0,0.0,0.0,0.39303776899708276,0.39303776899708276
raw,U_L-U_R,contact,approach,0.015,6,0,0,0,0.0,0.0,0.0,0.39303776899708276,
raw,U_L-U_R,contact,recede,0.005,5,5,5,5,1.0,1.0,1.0,1.0,1.0
raw,U_L-U_R,contact,recede,0.015,5,5,5,5,1.0,1.0,1.0,1.0,1.0
raw,U_L-U_R,contact,tangent,0.005,5,5,5,5,1.0,1.0,1.0,1.0,1.0
raw,U_L-U_R,contact,tangent,0.015,5,5,5,5,1.0,1.0,1.0,1.0,1.0
raw,U_L-U_R,near,approach,0.005,5,0,0,0,0.0,0.0,0.0,0.4507197283469412,
raw,U_L-U_R,near,approach,0.015,5,0,0,0,0.0,0.0,0.0,0.4507197283469412,
raw,U_L-U_R,near,recede,0.005,5,5,5,5,1.0,1.0,1.0,1.0,1.0
raw,U_L-U_R,near,recede,0.015,5,5,5,5,1.0,1.0,1.0,1.0,1.0
raw,U_L-U_R,near,tangent,0.005,5,5,5,5,1.0,1.0,1.0,1.0,1.0
raw,U_L-U_R,near,tangent,0.015,5,5,5,5,1.0,1.0,1.0,1.0,1.0
raw,U_L-U_R,penetration,approach,0.005,5,5,0,0,1.0,0.0,0.0,0.4507197283469412,0.4507197283469412
raw,U_L-U_R,penetration,approach,0.015,5,5,0,0,1.0,0.0,0.0,0.4507197283469412,0.4507197283469412
raw,U_L-U_R,penetration,recede,0.005,5,5,5,5,1.0,1.0,1.0,1.0,1.0
raw,U_L-U_R,penetration,recede,0.015,5,5,5,5,1.0,1.0,1.0,1.0,1.0
raw,U_L-U_R,penetration,tangent,0.005,6,6,6,6,1.0,1.0,1.0,1.0,1.0
raw,U_L-U_R,penetration,tangent,0.015,6,6,6,6,1.0,1.0,1.0,1.0,1.0
raw,U_L-U_R,warn,approach,0.005,6,0,0,0,0.0,0.0,0.0,0.39303776899708276,
raw,U_L-U_R,warn,approach,0.015,6,0,0,0,0.0,0.0,0.0,0.39303776899708276,
raw,U_L-U_R,warn,recede,0.005,6,6,6,6,1.0,1.0,1.0,1.0,1.0
raw,U_L-U_R,warn,recede,0.015,6,6,6,6,1.0,1.0,1.0,1.0,1.0
raw,U_L-U_R,warn,tangent,0.005,5,5,5,5,1.0,1.0,1.0,1.0,1.0
raw,U_L-U_R,warn,tangent,0.015,5,5,5,5,1.0,1.0,1.0,1.0,1.0
system0,F_L-F_R,contact,approach,0.005,5,5,0,0,1.0,0.0,0.0,0.4507197283469412,0.4507197283469412
system0,F_L-F_R,contact,approach,0.015,5,5,0,0,1.0,0.0,0.0,0.4507197283469412,0.4507197283469412
system0,F_L-F_R,contact,recede,0.005,5,5,0,0,1.0,0.0,0.0,0.4507197283469412,0.4507197283469412
system0,F_L-F_R,contact,recede,0.015,5,5,5,5,1.0,1.0,1.0,1.0,1.0
system0,F_L-F_R,contact,tangent,0.005,5,5,0,0,1.0,0.0,0.0,0.4507197283469412,0.4507197283469412
system0,F_L-F_R,contact,tangent,0.015,5,5,5,0,1.0,1.0,0.0,0.4507197283469412,0.4507197283469412
system0,F_L-F_R,near,approach,0.005,5,5,0,0,1.0,0.0,0.0,0.4507197283469412,0.4507197283469412
system0,F_L-F_R,near,approach,0.015,5,5,0,0,1.0,0.0,0.0,0.4507197283469412,0.4507197283469412
system0,F_L-F_R,near,recede,0.005,5,5,0,0,1.0,0.0,0.0,0.4507197283469412,0.4507197283469412
system0,F_L-F_R,near,recede,0.015,5,5,5,5,1.0,1.0,1.0,1.0,1.0
system0,F_L-F_R,near,tangent,0.005,6,6,0,0,1.0,0.0,0.0,0.39303776899708276,0.39303776899708276
system0,F_L-F_R,near,tangent,0.015,6,6,6,0,1.0,1.0,0.0,0.39303776899708276,0.39303776899708276
system0,F_L-F_R,penetration,approach,0.005,5,5,0,0,1.0,0.0,0.0,0.4507197283469412,0.4507197283469412
system0,F_L-F_R,penetration,approach,0.015,5,5,5,0,1.0,1.0,0.0,0.4507197283469412,0.4507197283469412
system0,F_L-F_R,penetration,recede,0.005,5,5,0,0,1.0,0.0,0.0,0.4507197283469412,0.4507197283469412
system0,F_L-F_R,penetration,recede,0.015,5,5,5,5,1.0,1.0,1.0,1.0,1.0
system0,F_L-F_R,penetration,tangent,0.005,5,5,0,0,1.0,0.0,0.0,0.4507197283469412,0.4507197283469412
system0,F_L-F_R,penetration,tangent,0.015,5,5,5,0,1.0,1.0,0.0,0.4507197283469412,0.4507197283469412
system0,F_L-F_R,warn,approach,0.005,7,0,0,0,0.0,0.0,0.0,0.3481636551311609,
system0,F_L-F_R,warn,approach,0.015,7,0,0,0,0.0,0.0,0.0,0.3481636551311609,
system0,F_L-F_R,warn,recede,0.005,6,6,0,0,1.0,0.0,0.0,0.39303776899708276,0.39303776899708276
system0,F_L-F_R,warn,recede,0.015,6,6,6,6,1.0,1.0,1.0,1.0,1.0
system0,F_L-F_R,warn,tangent,0.005,5,5,0,0,1.0,0.0,0.0,0.4507197283469412,0.4507197283469412
system0,F_L-F_R,warn,tangent,0.015,5,5,5,1,1.0,1.0,0.2,0.6574083180011389,0.6574083180011389
system0,F_L-U_L,contact,approach,0.005,5,0,0,0,0.0,0.0,0.0,0.4507197283469412,
system0,F_L-U_L,contact,approach,0.015,5,0,0,0,0.0,0.0,0.0,0.4507197283469412,
system0,F_L-U_L,contact,recede,0.005,5,5,0,0,1.0,0.0,0.0,0.4507197283469412,0.4507197283469412
system0,F_L-U_L,contact,recede,0.015,5,5,0,0,1.0,0.0,0.0,0.4507197283469412,0.4507197283469412
system0,F_L-U_L,contact,tangent,0.005,5,5,0,0,1.0,0.0,0.0,0.4507197283469412,0.4507197283469412
system0,F_L-U_L,contact,tangent,0.015,5,5,0,0,1.0,0.0,0.0,0.4507197283469412,0.4507197283469412
system0,F_L-U_L,near,approach,0.005,5,0,0,0,0.0,0.0,0.0,0.4507197283469412,
system0,F_L-U_L,near,approach,0.015,5,0,0,0,0.0,0.0,0.0,0.4507197283469412,
system0,F_L-U_L,near,recede,0.005,5,5,0,0,1.0,0.0,0.0,0.4507197283469412,0.4507197283469412
system0,F_L-U_L,near,recede,0.015,5,5,0,0,1.0,0.0,0.0,0.4507197283469412,0.4507197283469412
system0,F_L-U_L,near,tangent,0.005,6,6,0,0,1.0,0.0,0.0,0.39303776899708276,0.39303776899708276
system0,F_L-U_L,near,tangent,0.015,6,6,0,0,1.0,0.0,0.0,0.39303776899708276,0.39303776899708276
system0,F_L-U_L,penetration,approach,0.005,5,0,0,0,0.0,0.0,0.0,0.4507197283469412,
system0,F_L-U_L,penetration,approach,0.015,5,0,0,0,0.0,0.0,0.0,0.4507197283469412,
system0,F_L-U_L,penetration,recede,0.005,6,6,0,0,1.0,0.0,0.0,0.39303776899708276,0.39303776899708276
system0,F_L-U_L,penetration,recede,0.015,6,6,0,0,1.0,0.0,0.0,0.39303776899708276,0.39303776899708276
system0,F_L-U_L,penetration,tangent,0.005,5,5,0,0,1.0,0.0,0.0,0.4507197283469412,0.4507197283469412
system0,F_L-U_L,penetration,tangent,0.015,5,5,0,0,1.0,0.0,0.0,0.4507197283469412,0.4507197283469412
system0,F_L-U_L,warn,approach,0.005,6,0,0,0,0.0,0.0,0.0,0.39303776899708276,
system0,F_L-U_L,warn,approach,0.015,6,0,0,0,0.0,0.0,0.0,0.39303776899708276,
system0,F_L-U_L,warn,recede,0.005,6,6,0,0,1.0,0.0,0.0,0.39303776899708276,0.39303776899708276
system0,F_L-U_L,warn,recede,0.015,6,6,0,0,1.0,0.0,0.0,0.39303776899708276,0.39303776899708276
system0,F_L-U_L,warn,tangent,0.005,5,5,0,0,1.0,0.0,0.0,0.4507197283469412,0.4507197283469412
system0,F_L-U_L,warn,tangent,0.015,5,5,0,0,1.0,0.0,0.0,0.4507197283469412,0.4507197283469412
system0,F_L-U_R,contact,approach,0.005,5,5,0,0,1.0,0.0,0.0,0.4507197283469412,0.4507197283469412
system0,F_L-U_R,contact,approach,0.015,5,5,0,0,1.0,0.0,0.0,0.4507197283469412,0.4507197283469412
system0,F_L-U_R,contact,recede,0.005,5,5,0,0,1.0,0.0,0.0,0.4507197283469412,0.4507197283469412
system0,F_L-U_R,contact,recede,0.015,5,5,0,0,1.0,0.0,0.0,0.4507197283469412,0.4507197283469412
system0,F_L-U_R,contact,tangent,0.005,5,5,0,0,1.0,0.0,0.0,0.4507197283469412,0.4507197283469412
system0,F_L-U_R,contact,tangent,0.015,5,5,0,0,1.0,0.0,0.0,0.4507197283469412,0.4507197283469412
system0,F_L-U_R,near,approach,0.005,6,6,0,0,1.0,0.0,0.0,0.39303776899708276,0.39303776899708276
system0,F_L-U_R,near,approach,0.015,6,6,0,0,1.0,0.0,0.0,0.39303776899708276,0.39303776899708276
system0,F_L-U_R,near,recede,0.005,5,5,0,0,1.0,0.0,0.0,0.4507197283469412,0.4507197283469412
system0,F_L-U_R,near,recede,0.015,5,5,0,0,1.0,0.0,0.0,0.4507197283469412,0.4507197283469412
system0,F_L-U_R,near,tangent,0.005,5,5,0,0,1.0,0.0,0.0,0.4507197283469412,0.4507197283469412
system0,F_L-U_R,near,tangent,0.015,5,5,0,0,1.0,0.0,0.0,0.4507197283469412,0.4507197283469412
system0,F_L-U_R,penetration,approach,0.005,5,5,0,0,1.0,0.0,0.0,0.4507197283469412,0.4507197283469412
system0,F_L-U_R,penetration,approach,0.015,5,5,0,0,1.0,0.0,0.0,0.4507197283469412,0.4507197283469412
system0,F_L-U_R,penetration,recede,0.005,6,6,0,0,1.0,0.0,0.0,0.39303776899708276,0.39303776899708276
system0,F_L-U_R,penetration,recede,0.015,6,6,0,0,1.0,0.0,0.0,0.39303776899708276,0.39303776899708276
system0,F_L-U_R,penetration,tangent,0.005,5,5,0,0,1.0,0.0,0.0,0.4507197283469412,0.4507197283469412
system0,F_L-U_R,penetration,tangent,0.015,5,5,0,0,1.0,0.0,0.0,0.4507197283469412,0.4507197283469412
system0,F_L-U_R,warn,approach,0.005,6,6,0,0,1.0,0.0,0.0,0.39303776899708276,0.39303776899708276
system0,F_L-U_R,warn,approach,0.015,6,0,0,0,0.0,0.0,0.0,0.39303776899708276,
system0,F_L-U_R,warn,recede,0.005,6,6,0,0,1.0,0.0,0.0,0.39303776899708276,0.39303776899708276
system0,F_L-U_R,warn,recede,0.015,6,6,0,0,1.0,0.0,0.0,0.39303776899708276,0.39303776899708276
system0,F_L-U_R,warn,tangent,0.005,5,5,0,0,1.0,0.0,0.0,0.4507197283469412,0.4507197283469412
system0,F_L-U_R,warn,tangent,0.015,5,5,0,0,1.0,0.0,0.0,0.4507197283469412,0.4507197283469412
system0,F_R-U_L,contact,approach,0.005,5,5,0,0,1.0,0.0,0.0,0.4507197283469412,0.4507197283469412
system0,F_R-U_L,contact,approach,0.015,5,5,0,0,1.0,0.0,0.0,0.4507197283469412,0.4507197283469412
system0,F_R-U_L,contact,recede,0.005,5,5,0,0,1.0,0.0,0.0,0.4507197283469412,0.4507197283469412
system0,F_R-U_L,contact,recede,0.015,5,5,0,0,1.0,0.0,0.0,0.4507197283469412,0.4507197283469412
system0,F_R-U_L,contact,tangent,0.005,6,6,0,0,1.0,0.0,0.0,0.39303776899708276,0.39303776899708276
system0,F_R-U_L,contact,tangent,0.015,6,6,0,0,1.0,0.0,0.0,0.39303776899708276,0.39303776899708276
system0,F_R-U_L,near,approach,0.005,6,6,0,0,1.0,0.0,0.0,0.39303776899708276,0.39303776899708276
system0,F_R-U_L,near,approach,0.015,6,6,0,0,1.0,0.0,0.0,0.39303776899708276,0.39303776899708276
system0,F_R-U_L,near,recede,0.005,5,5,0,0,1.0,0.0,0.0,0.4507197283469412,0.4507197283469412
system0,F_R-U_L,near,recede,0.015,5,5,0,0,1.0,0.0,0.0,0.4507197283469412,0.4507197283469412
system0,F_R-U_L,near,tangent,0.005,5,5,0,0,1.0,0.0,0.0,0.4507197283469412,0.4507197283469412
system0,F_R-U_L,near,tangent,0.015,5,5,0,0,1.0,0.0,0.0,0.4507197283469412,0.4507197283469412
system0,F_R-U_L,penetration,approach,0.005,5,5,0,0,1.0,0.0,0.0,0.4507197283469412,0.4507197283469412
system0,F_R-U_L,penetration,approach,0.015,5,5,0,0,1.0,0.0,0.0,0.4507197283469412,0.4507197283469412
system0,F_R-U_L,penetration,recede,0.005,5,5,0,0,1.0,0.0,0.0,0.4507197283469412,0.4507197283469412
system0,F_R-U_L,penetration,recede,0.015,5,5,0,0,1.0,0.0,0.0,0.4507197283469412,0.4507197283469412
system0,F_R-U_L,penetration,tangent,0.005,5,5,0,0,1.0,0.0,0.0,0.4507197283469412,0.4507197283469412
system0,F_R-U_L,penetration,tangent,0.015,5,5,0,0,1.0,0.0,0.0,0.4507197283469412,0.4507197283469412
system0,F_R-U_L,warn,approach,0.005,6,6,0,0,1.0,0.0,0.0,0.39303776899708276,0.39303776899708276
system0,F_R-U_L,warn,approach,0.015,6,0,0,0,0.0,0.0,0.0,0.39303776899708276,
system0,F_R-U_L,warn,recede,0.005,6,6,0,0,1.0,0.0,0.0,0.39303776899708276,0.39303776899708276
system0,F_R-U_L,warn,recede,0.015,6,6,0,0,1.0,0.0,0.0,0.39303776899708276,0.39303776899708276
system0,F_R-U_L,warn,tangent,0.005,5,5,0,0,1.0,0.0,0.0,0.4507197283469412,0.4507197283469412
system0,F_R-U_L,warn,tangent,0.015,5,5,0,0,1.0,0.0,0.0,0.4507197283469412,0.4507197283469412
system0,F_R-U_R,contact,approach,0.005,5,0,0,0,0.0,0.0,0.0,0.4507197283469412,
system0,F_R-U_R,contact,approach,0.015,5,0,0,0,0.0,0.0,0.0,0.4507197283469412,
system0,F_R-U_R,contact,recede,0.005,5,5,0,0,1.0,0.0,0.0,0.4507197283469412,0.4507197283469412
system0,F_R-U_R,contact,recede,0.015,5,5,0,0,1.0,0.0,0.0,0.4507197283469412,0.4507197283469412
system0,F_R-U_R,contact,tangent,0.005,6,0,0,0,0.0,0.0,0.0,0.39303776899708276,
system0,F_R-U_R,contact,tangent,0.015,6,6,0,0,1.0,0.0,0.0,0.39303776899708276,0.39303776899708276
system0,F_R-U_R,near,approach,0.005,5,0,0,0,0.0,0.0,0.0,0.4507197283469412,
system0,F_R-U_R,near,approach,0.015,5,0,0,0,0.0,0.0,0.0,0.4507197283469412,
system0,F_R-U_R,near,recede,0.005,5,5,0,0,1.0,0.0,0.0,0.4507197283469412,0.4507197283469412
system0,F_R-U_R,near,recede,0.015,5,5,0,0,1.0,0.0,0.0,0.4507197283469412,0.4507197283469412
system0,F_R-U_R,near,tangent,0.005,5,5,0,0,1.0,0.0,0.0,0.4507197283469412,0.4507197283469412
system0,F_R-U_R,near,tangent,0.015,5,5,0,0,1.0,0.0,0.0,0.4507197283469412,0.4507197283469412
system0,F_R-U_R,penetration,approach,0.005,5,0,0,0,0.0,0.0,0.0,0.4507197283469412,
system0,F_R-U_R,penetration,approach,0.015,5,0,0,0,0.0,0.0,0.0,0.4507197283469412,
system0,F_R-U_R,penetration,recede,0.005,5,5,0,0,1.0,0.0,0.0,0.4507197283469412,0.4507197283469412
system0,F_R-U_R,penetration,recede,0.015,5,5,0,0,1.0,0.0,0.0,0.4507197283469412,0.4507197283469412
system0,F_R-U_R,penetration,tangent,0.005,5,0,0,0,0.0,0.0,0.0,0.4507197283469412,
system0,F_R-U_R,penetration,tangent,0.015,5,5,0,0,1.0,0.0,0.0,0.4507197283469412,0.4507197283469412
system0,F_R-U_R,warn,approach,0.005,6,0,0,0,0.0,0.0,0.0,0.39303776899708276,
system0,F_R-U_R,warn,approach,0.015,6,0,0,0,0.0,0.0,0.0,0.39303776899708276,
system0,F_R-U_R,warn,recede,0.005,7,7,0,0,1.0,0.0,0.0,0.3481636551311609,0.3481636551311609
system0,F_R-U_R,warn,recede,0.015,7,7,0,0,1.0,0.0,0.0,0.3481636551311609,0.3481636551311609
system0,F_R-U_R,warn,tangent,0.005,5,5,0,0,1.0,0.0,0.0,0.4507197283469412,0.4507197283469412
system0,F_R-U_R,warn,tangent,0.015,5,5,0,0,1.0,0.0,0.0,0.4507197283469412,0.4507197283469412
system0,U_L-U_R,contact,approach,0.005,6,6,0,0,1.0,0.0,0.0,0.39303776899708276,0.39303776899708276
system0,U_L-U_R,contact,approach,0.015,6,0,0,0,0.0,0.0,0.0,0.39303776899708276,
system0,U_L-U_R,contact,recede,0.005,5,5,0,0,1.0,0.0,0.0,0.4507197283469412,0.4507197283469412
system0,U_L-U_R,contact,recede,0.015,5,5,0,0,1.0,0.0,0.0,0.4507197283469412,0.4507197283469412
system0,U_L-U_R,contact,tangent,0.005,5,5,0,0,1.0,0.0,0.0,0.4507197283469412,0.4507197283469412
system0,U_L-U_R,contact,tangent,0.015,5,5,0,0,1.0,0.0,0.0,0.4507197283469412,0.4507197283469412
system0,U_L-U_R,near,approach,0.005,5,0,0,0,0.0,0.0,0.0,0.4507197283469412,
system0,U_L-U_R,near,approach,0.015,5,0,0,0,0.0,0.0,0.0,0.4507197283469412,
system0,U_L-U_R,near,recede,0.005,5,5,0,0,1.0,0.0,0.0,0.4507197283469412,0.4507197283469412
system0,U_L-U_R,near,recede,0.015,5,5,0,0,1.0,0.0,0.0,0.4507197283469412,0.4507197283469412
system0,U_L-U_R,near,tangent,0.005,5,5,0,0,1.0,0.0,0.0,0.4507197283469412,0.4507197283469412
system0,U_L-U_R,near,tangent,0.015,5,5,0,0,1.0,0.0,0.0,0.4507197283469412,0.4507197283469412
system0,U_L-U_R,penetration,approach,0.005,5,5,0,0,1.0,0.0,0.0,0.4507197283469412,0.4507197283469412
system0,U_L-U_R,penetration,approach,0.015,5,5,0,0,1.0,0.0,0.0,0.4507197283469412,0.4507197283469412
system0,U_L-U_R,penetration,recede,0.005,5,5,0,0,1.0,0.0,0.0,0.4507197283469412,0.4507197283469412
system0,U_L-U_R,penetration,recede,0.015,5,5,0,0,1.0,0.0,0.0,0.4507197283469412,0.4507197283469412
system0,U_L-U_R,penetration,tangent,0.005,6,6,0,0,1.0,0.0,0.0,0.39303776899708276,0.39303776899708276
system0,U_L-U_R,penetration,tangent,0.015,6,6,0,0,1.0,0.0,0.0,0.39303776899708276,0.39303776899708276
system0,U_L-U_R,warn,approach,0.005,6,0,0,0,0.0,0.0,0.0,0.39303776899708276,
system0,U_L-U_R,warn,approach,0.015,6,0,0,0,0.0,0.0,0.0,0.39303776899708276,
system0,U_L-U_R,warn,recede,0.005,6,6,0,0,1.0,0.0,0.0,0.39303776899708276,0.39303776899708276
system0,U_L-U_R,warn,recede,0.015,6,6,0,0,1.0,0.0,0.0,0.39303776899708276,0.39303776899708276
system0,U_L-U_R,warn,tangent,0.005,5,5,0,0,1.0,0.0,0.0,0.4507197283469412,0.4507197283469412
system0,U_L-U_R,warn,tangent,0.015,5,5,0,0,1.0,0.0,0.0,0.4507197283469412,0.4507197283469412
