mode,input_id,cell,primary_failure,geometry_failure,force_failure,minimum_raw_gap_m,peak_all_arm_scalar_N,controlled_path_rad,four_arms_moved,supplementary_max_all74_hard_violation_rad,supplementary_max_all74_velocity_exceedance_rad_s
bounded_raw,229,6,False,False,False,0.0016644299030303955,0.0,1.14984929561615,True,0.0,0.0
bounded_raw,270,8,False,False,False,0.0018121302127838135,0.0,1.51231050491333,True,0.0,0.0
bounded_raw,339,10,False,False,False,0.0009517371654510498,0.0,1.1253888607025146,True,0.0,0.0
bounded_raw,340,11,False,False,False,0.0011186301708221436,0.0,1.653362512588501,True,0.0,0.0
bounded_raw,345,12,False,False,False,0.0018117129802703857,0.0,1.9084489345550537,True,0.0,0.0
bounded_raw,375,13,False,False,False,0.0008210837841033936,0.0,1.6888508796691895,True,0.0,0.0
bounded_raw,399,14,False,False,False,0.0017546117305755615,0.0,1.7105255126953125,True,0.0,0.0
bounded_raw,607,3,True,True,False,-0.00046139955520629883,0.0,1.132323980331421,True,0.0,0.0
bounded_raw,720,5,False,False,False,0.0014654099941253662,0.0,1.4999960660934448,True,0.0,0.0
bounded_raw,804,9,False,False,False,0.0011878907680511475,0.0,1.5691640377044678,True,0.0,0.0
bounded_raw,1069,13,True,False,True,0.0016627013683319092,1080.018798828125,1.5270881652832031,True,0.0,0.0
bounded_raw,1212,15,False,False,False,0.0013506114482879639,0.0,1.5759785175323486,True,0.0,0.0
bounded_raw,1284,0,False,False,False,0.001524120569229126,0.0,1.166583776473999,True,0.0,0.0
bounded_raw,1288,1,True,True,False,-0.0001456141471862793,0.0,1.0596500635147095,True,0.0,0.0
bounded_raw,1377,3,False,False,False,0.0013693273067474365,0.0,1.3630517721176147,True,0.0,0.0
bounded_raw,1458,5,False,False,False,0.001194685697555542,0.0,1.4716166257858276,True,0.0,0.0
bounded_raw,1518,8,False,False,False,0.0011589229106903076,0.0,1.5952188968658447,True,0.0,0.0
bounded_raw,1543,10,False,False,False,0.0011389553546905518,0.0,1.272563099861145,True,0.0,0.0
bounded_raw,1591,11,True,True,False,-0.004677087068557739,0.0,1.5185335874557495,True,0.0,0.0
bounded_raw,1616,12,True,True,True,-0.025154799222946167,366.8730773925781,1.8438873291015625,True,0.20301100611686707,5.177933216094971
bounded_raw,1779,1,False,False,False,0.0017165839672088623,0.0,1.136068344116211,True,0.0,0.0
bounded_raw,1793,2,True,False,True,0.0009098947048187256,5745.89501953125,0.8493065237998962,True,0.0,0.0
bounded_raw,1830,3,False,False,False,0.001703113317489624,0.0,1.1184165477752686,True,0.0,0.0
bounded_raw,1834,4,False,False,False,0.0008186995983123779,0.0,1.6679728031158447,True,0.0,0.0
bounded_raw,1887,5,True,True,True,-0.020662114024162292,539.6580200195312,1.2140378952026367,True,0.0,0.0
bounded_raw,1966,6,False,False,False,0.0009476840496063232,0.0,0.9595158696174622,True,0.0,0.0
bounded_raw,2049,7,False,False,False,0.0009678900241851807,0.0,1.5087181329727173,True,0.0,0.0
bounded_raw,2141,8,True,True,False,-0.004370115697383881,0.0,1.7337590456008911,True,0.0,0.0
bounded_raw,2171,9,False,False,False,0.0015915930271148682,0.0,1.640441656112671,True,0.0,0.0
bounded_raw,2172,10,False,False,False,0.0009508430957794189,0.0,1.1322158575057983,True,0.0,0.0
bounded_raw,2174,11,False,False,False,0.0015394389629364014,0.0,1.7259687185287476,True,0.0,0.0
bounded_raw,2181,12,False,False,False,0.0008601844310760498,0.0,1.8843523263931274,True,0.0,0.0
bounded_raw,2221,14,False,False,False,0.0008744895458221436,0.0,1.3348140716552734,True,0.0,0.0
bounded_raw,2387,15,False,False,False,0.0011991560459136963,0.0,1.413193941116333,True,0.0,0.0
bounded_raw,2419,0,False,False,False,0.0010471045970916748,0.0,1.2544058561325073,True,0.0,0.0
bounded_raw,2435,1,False,False,False,0.0009553134441375732,0.0,1.1451102495193481,True,0.0,0.0
bounded_raw,2487,3,False,False,False,0.0013470351696014404,0.0,1.0777634382247925,True,0.0,0.0
bounded_raw,2520,4,False,False,False,0.0013078749179840088,0.0,1.7306567430496216,True,0.0,0.0
bounded_raw,2592,6,True,True,False,-0.0018559247255325317,0.0,1.0783162117004395,True,0.0,0.0
bounded_raw,2624,8,False,False,False,0.0012271106243133545,0.0,1.7572975158691406,True,0.0,0.0
bounded_raw,2656,10,True,True,False,-0.009072527289390564,0.0,1.4465011358261108,True,0.0,0.0
bounded_raw,2932,15,False,False,False,0.0012145936489105225,0.0,1.577705979347229,True,0.0,0.0
bounded_raw,3033,2,False,False,False,0.0017161071300506592,0.0,0.8534237146377563,True,0.0,0.0
bounded_raw,3078,4,True,True,False,-0.00036819279193878174,0.0,1.8776689767837524,True,0.0,0.0
bounded_raw,3209,7,True,True,False,-0.005460917949676514,0.0,1.4951906204223633,True,0.0,0.0
bounded_raw,3225,8,False,False,False,0.0013124644756317139,0.0,1.7933062314987183,True,0.0,0.0
bounded_raw,3254,9,True,True,False,-6.40973448753357e-05,0.0,1.5760865211486816,True,0.0,0.0
bounded_raw,3275,10,False,False,False,0.0008737146854400635,0.0,1.1358057260513306,True,0.0,0.0
bounded_raw,3311,11,False,False,False,0.0010559260845184326,0.0,1.4762728214263916,True,0.0,0.0
bounded_raw,3331,12,False,False,False,0.001552969217300415,0.0,1.5953731536865234,True,0.0,0.0
bounded_raw,3541,1,True,False,True,0.0012585818767547607,1028.3719482421875,1.1078624725341797,True,0.0,0.0
bounded_raw,3618,3,False,False,False,0.0013801157474517822,0.0,1.2034574747085571,True,0.0,0.0
bounded_raw,3643,5,False,False,False,0.001223057508468628,0.0,1.5682151317596436,True,0.0,0.0
bounded_raw,3822,8,False,False,False,0.0009469687938690186,0.0,1.539129376411438,True,0.0,0.0
bounded_raw,3858,9,False,False,False,0.0010384023189544678,0.0,1.506583333015442,True,0.0,0.0
bounded_raw,3893,11,True,True,False,-0.004833117127418518,0.0,1.4858051538467407,True,0.0,0.0
bounded_raw,3982,12,True,False,True,0.0009681284427642822,2054.926025390625,1.5369850397109985,True,0.0,0.0
bounded_raw,4035,13,False,False,False,0.0011241137981414795,0.0,1.583898663520813,True,0.0,0.0
bounded_raw,4082,15,False,False,False,0.0015354454517364502,0.0,1.8979926109313965,True,0.0,0.0
bounded_raw,4168,1,False,False,False,0.0008222758769989014,0.0,0.9425499439239502,True,0.0,0.0
bounded_raw,4304,2,False,False,False,0.0015741288661956787,0.0,0.89438396692276,True,0.0,0.0
bounded_raw,4320,4,False,False,False,0.001759260892868042,0.0,1.297528624534607,True,0.0,0.0
bounded_raw,4358,5,False,False,False,0.0013727247714996338,0.0,1.387728214263916,True,0.0,0.0
bounded_raw,4408,7,False,False,False,0.0013616383075714111,0.0,1.5109374523162842,True,0.0,0.0
bounded_raw,4469,9,False,False,False,0.0013223588466644287,0.0,1.4256724119186401,True,0.0,0.0
bounded_raw,4522,10,False,False,False,0.0011630356311798096,0.0,1.6031447649002075,True,0.0,0.0
bounded_raw,4763,1,False,False,False,0.0011349022388458252,0.0,1.224784016609192,True,0.0,0.0
bounded_raw,4776,3,False,False,False,0.0010346472263336182,0.0,1.1673023700714111,True,0.0,0.0
bounded_raw,4804,5,False,False,False,0.0015994012355804443,0.0,1.5188963413238525,True,0.0,0.0
bounded_raw,4823,6,False,False,False,0.0012222230434417725,0.0,0.9835759401321411,True,0.0,0.0
bounded_raw,4830,7,False,False,False,0.0011685192584991455,0.0,1.4756680727005005,True,0.0,0.0
bounded_raw,4852,8,False,False,False,0.0016079246997833252,0.0,1.6620476245880127,True,0.0,0.0
bounded_raw,4955,12,False,False,False,0.001542121171951294,0.0,1.8510396480560303,True,0.0,0.0
bounded_raw,5111,14,False,False,False,0.0010760724544525146,0.0,1.2939741611480713,True,0.0,0.0
bounded_raw,5188,0,False,False,False,0.0008659660816192627,0.0,1.3541991710662842,True,0.0,0.0
bounded_raw,5216,1,False,False,False,0.0012929141521453857,0.0,1.070960521697998,True,0.0,0.0
bounded_raw,5259,2,False,False,False,0.001344054937362671,0.0,0.9094061851501465,True,0.0,0.0
bounded_raw,5287,3,False,False,False,0.001825779676437378,0.0,1.2475230693817139,True,0.0,0.0
bounded_raw,5496,9,False,False,False,0.0013721883296966553,0.0,1.8433958292007446,True,0.0,0.0
bounded_raw,5606,11,False,False,False,0.0015904009342193604,0.0,1.5001871585845947,True,0.0,0.0
bounded_raw,5628,13,False,False,False,7.83577561378479e-05,0.0,1.4154033660888672,True,0.0,0.0
bounded_raw,5646,15,False,False,False,0.0014237463474273682,0.0,1.5656061172485352,True,0.0,0.0
bounded_raw,5707,2,False,False,False,0.0015552937984466553,0.0,1.0436533689498901,True,0.0,0.0
bounded_raw,5773,3,False,False,False,0.0009823739528656006,0.0,0.9758902192115784,True,0.0,0.0
bounded_raw,5787,4,False,False,False,0.001212090253829956,0.0,1.538379192352295,True,0.0,0.0
bounded_raw,5798,5,False,False,False,0.0011770427227020264,0.0,1.3674495220184326,True,0.0,0.0
bounded_raw,5859,7,True,False,True,0.0013299882411956787,493.5263366699219,1.414616346359253,True,0.0,0.0
bounded_raw,5861,8,False,False,False,0.001036912202835083,0.0,1.3873357772827148,True,0.0,0.0
bounded_raw,5876,9,False,False,False,0.000972062349319458,0.0,1.6882888078689575,True,0.0,0.0
bounded_raw,5915,10,False,False,False,0.001444011926651001,0.0,1.2128245830535889,True,0.0,0.0
bounded_raw,5939,11,True,True,False,-0.014913961291313171,0.0,1.5537043809890747,True,0.0,0.0
bounded_raw,5973,12,False,False,False,0.0017518103122711182,0.0,1.7051130533218384,True,0.0,0.0
bounded_raw,5975,13,False,False,False,0.0013497769832611084,0.0,1.6183927059173584,True,0.0,0.0
bounded_raw,6092,0,False,False,False,0.001277536153793335,0.0,1.2369492053985596,True,0.0,0.0
bounded_raw,6100,1,False,False,False,0.001832813024520874,0.0,1.2163411378860474,True,0.0,0.0
bounded_raw,6249,4,False,False,False,0.0018464624881744385,0.0,1.541660189628601,True,0.0,0.0
bounded_raw,6255,5,False,False,False,0.0016830861568450928,0.0,1.5420218706130981,True,0.0,0.0
bounded_raw,6447,10,True,True,True,-0.011871680617332458,419.3428039550781,1.1160898208618164,True,0.0,0.0
bounded_raw,6523,12,False,False,False,0.00025412440299987793,0.0,1.9375450611114502,True,0.0,0.0
bounded_raw,6537,13,True,True,False,-0.00014643371105194092,0.0,1.6450227499008179,True,0.0,0.0
bounded_raw,6596,0,True,True,False,-0.0007636696100234985,0.0,1.317089557647705,True,0.0,0.0
bounded_raw,6651,2,False,False,False,0.0009084641933441162,0.0,0.8881766200065613,True,0.0,0.0
bounded_raw,6775,6,False,False,False,0.001096099615097046,0.0,0.981762170791626,True,0.0,0.0
bounded_raw,6777,7,False,False,False,0.0011346042156219482,0.0,1.37827730178833,True,0.0,0.0
bounded_raw,6783,9,False,False,False,0.0012596547603607178,0.0,1.530815839767456,True,0.0,0.0
bounded_raw,7192,4,False,False,False,0.0017299354076385498,0.0,1.615037202835083,True,0.0,0.0
bounded_raw,7280,6,True,True,False,-0.022981248795986176,0.0,1.0359880924224854,True,0.0,0.0
bounded_raw,7344,11,True,True,False,-0.00512569397687912,0.0,1.4288148880004883,True,0.0,0.0
bounded_raw,7385,14,False,False,False,0.0014008581638336182,0.0,1.3084471225738525,True,0.0,0.0
bounded_raw,7390,15,False,False,False,0.001382976770401001,0.0,1.5255264043807983,True,0.0,0.0
bounded_raw,7470,0,False,False,False,0.0009522736072540283,0.0,1.1464195251464844,True,0.0,0.0
bounded_raw,7494,2,False,False,False,0.0010627210140228271,0.0,0.8336098194122314,True,0.0,0.0
bounded_raw,7540,4,False,False,False,0.0014772117137908936,0.0,1.5043927431106567,True,0.0,0.0
bounded_raw,7576,6,False,False,False,0.0009623467922210693,0.0,1.2481328248977661,True,0.0,0.0
bounded_raw,7581,7,False,False,False,0.0008489787578582764,0.0,1.180701732635498,True,0.0,0.0
bounded_raw,7701,13,True,False,True,0.0013665854930877686,1010.7725219726562,1.4784679412841797,True,0.0,0.0
bounded_raw,8503,14,True,True,False,-0.0004031956195831299,0.0,1.3650003671646118,True,0.0,0.0
bounded_raw,8555,15,False,False,False,0.0016880929470062256,0.0,1.749398112297058,True,0.0,0.0
bounded_raw,8556,0,False,False,False,0.0009168088436126709,0.0,1.3507846593856812,True,0.0,0.0
bounded_raw,8618,6,True,True,False,-0.009148381650447845,0.0,1.1605719327926636,True,0.0,0.0
bounded_raw,8765,7,False,False,False,0.0009078681468963623,0.0,1.6362903118133545,True,0.0,0.0
bounded_raw,9088,15,False,False,False,0.0016476809978485107,0.0,1.6889097690582275,True,0.0,0.0
bounded_raw,9208,0,False,False,False,0.0016660988330841064,0.0,1.4014387130737305,True,0.0,0.0
bounded_raw,9244,2,False,False,False,0.0014517009258270264,0.0,0.7937071323394775,True,0.0,0.0
bounded_raw,9641,14,True,False,True,0.0011089742183685303,478.7778625488281,1.58001708984375,True,0.0,0.0
bounded_raw,10148,14,False,False,False,0.0016020238399505615,0.0,1.5933752059936523,True,0.0,0.0
bounded_raw,11441,13,False,False,False,0.0017624199390411377,0.0,1.876007080078125,True,2.384185791015625e-07,0.0
bounded_raw,12767,14,False,False,False,0.0015310347080230713,0.0,1.5342390537261963,True,0.0,0.0
queue_projection,229,6,False,False,False,0.0017040073871612549,0.0,0.24924233555793762,True,0.0,0.0
queue_projection,270,8,False,False,False,0.0018121302127838135,0.0,0.42759355902671814,True,0.0,0.0
queue_projection,339,10,False,False,False,0.0009517371654510498,0.0,0.3165147006511688,True,0.0,0.0
queue_projection,340,11,False,False,False,0.0011186301708221436,0.0,0.4600217938423157,True,0.0,0.0
queue_projection,345,12,False,False,False,0.0018075406551361084,0.0,0.4435892105102539,True,0.0,0.0
queue_projection,375,13,False,False,False,0.0009228289127349854,0.0,0.8123573064804077,True,0.0,0.0
queue_projection,399,14,False,False,False,0.0017546117305755615,0.0,0.9587560296058655,True,0.0,0.0
queue_projection,607,3,False,False,False,0.0006766915321350098,0.0,0.0,False,0.0,0.0
queue_projection,720,5,False,False,False,0.0015517771244049072,0.0,0.24867497384548187,True,0.0,0.0
queue_projection,804,9,False,False,False,0.0011878907680511475,0.0,0.5741890668869019,True,0.0,0.0
queue_projection,1069,13,False,False,False,0.0016601383686065674,0.0,0.3924690783023834,True,0.0,0.0
queue_projection,1212,15,False,False,False,0.0013404786586761475,0.0,0.5739834904670715,True,0.0,0.0
queue_projection,1284,0,False,False,False,0.001524120569229126,0.0,0.0,False,0.0,0.0
queue_projection,1288,1,False,False,False,0.001393049955368042,0.0,0.0,False,0.0,0.0
queue_projection,1377,3,False,False,False,0.0014700591564178467,0.0,0.0,False,0.0,0.0
queue_projection,1458,5,False,False,False,0.001194685697555542,0.0,0.17931096255779266,True,0.0,0.0
queue_projection,1518,8,False,False,False,0.0011699497699737549,0.0,0.6811979413032532,True,0.0,0.0
queue_projection,1543,10,False,False,False,0.0011954009532928467,0.0,0.3056684732437134,True,0.0,0.0
queue_projection,1591,11,False,False,False,0.0008928477764129639,0.0,0.4636150300502777,True,0.0,0.0
queue_projection,1616,12,False,False,False,0.0013438165187835693,0.0,0.8593192100524902,True,0.0,0.0
queue_projection,1779,1,False,False,False,0.0017539560794830322,0.0,0.0,False,0.0,0.0
queue_projection,1793,2,False,False,False,0.0009883344173431396,0.0,0.0,False,0.0,0.0
queue_projection,1830,3,False,False,False,0.0017032921314239502,0.0,6.332993507385254e-08,False,0.0,0.0
queue_projection,1834,4,False,False,False,0.0008465945720672607,0.0,0.49080199003219604,True,0.0,0.0
queue_projection,1887,5,False,False,False,0.0014436542987823486,0.0,0.33623769879341125,True,0.0,0.0
queue_projection,1966,6,False,False,False,0.0009612739086151123,0.0,0.3348919749259949,True,0.0,0.0
queue_projection,2049,7,False,False,False,0.0009678900241851807,0.0,0.2863045930862427,True,0.0,0.0
queue_projection,2141,8,False,False,False,0.0011650025844573975,0.0,0.2831917107105255,True,0.0,0.0
queue_projection,2171,9,False,False,False,0.001634448766708374,0.0,0.6560199856758118,True,0.0,0.0
queue_projection,2172,10,False,False,False,0.0009508430957794189,0.0,0.4627207815647125,True,0.0,0.0
queue_projection,2174,11,False,False,False,0.0015762150287628174,0.0,0.48913848400115967,True,0.0,0.0
queue_projection,2181,12,False,False,False,0.0008437931537628174,0.0,0.6965922713279724,True,0.0,0.0
queue_projection,2221,14,False,False,False,0.0008744895458221436,0.0,0.4173736572265625,True,0.0,0.0
queue_projection,2387,15,False,False,False,0.0011905133724212646,0.0,0.5672199726104736,True,0.0,0.0
queue_projection,2419,0,False,False,False,0.001047581434249878,0.0,0.0,False,0.0,0.0
queue_projection,2435,1,False,False,False,0.0009553134441375732,0.0,0.0,False,0.0,0.0
queue_projection,2487,3,False,False,False,0.0013470351696014404,0.0,0.0,False,0.0,0.0
queue_projection,2520,4,False,False,False,0.0013078749179840088,0.0,0.2806461453437805,True,0.0,0.0
queue_projection,2592,6,False,False,False,0.001320958137512207,0.0,0.2757702171802521,True,0.0,0.0
queue_projection,2624,8,False,False,False,0.0012271106243133545,0.0,0.5209783911705017,True,0.0,0.0
queue_projection,2656,10,False,False,False,0.001296013593673706,0.0,0.5551303029060364,True,0.0,0.0
queue_projection,2932,15,False,False,False,0.0012145936489105225,0.0,0.5797362923622131,True,0.0,0.0
queue_projection,3033,2,False,False,False,0.0017171800136566162,0.0,0.0,False,0.0,0.0
queue_projection,3078,4,False,False,False,0.0017354190349578857,0.0,0.4061540961265564,True,0.0,0.0
queue_projection,3209,7,False,False,False,0.000843733549118042,0.0,0.40400704741477966,True,0.0,0.0
queue_projection,3225,8,False,False,False,0.0013124644756317139,0.0,0.5745821595191956,True,0.0,0.0
queue_projection,3254,9,False,False,False,0.0008677542209625244,0.0,0.522211492061615,True,0.0,0.0
queue_projection,3275,10,False,False,False,0.0008908212184906006,0.0,0.3286987543106079,True,0.0,0.0
queue_projection,3311,11,False,False,False,0.0010471045970916748,0.0,0.3643307685852051,True,0.0,0.0
queue_projection,3331,12,False,False,False,0.0015424787998199463,0.0,0.5005218982696533,True,0.0,0.0
queue_projection,3541,1,False,False,False,0.0012585818767547607,0.0,0.0,False,0.0,0.0
queue_projection,3618,3,False,False,False,0.0014297068119049072,0.0,0.0,False,0.0,0.0
queue_projection,3643,5,False,False,False,0.001226276159286499,0.0,0.3472699224948883,True,0.0,0.0
queue_projection,3822,8,False,False,False,0.001054137945175171,0.0,0.48810523748397827,True,0.0,0.0
queue_projection,3858,9,False,False,False,0.0010384023189544678,0.0,0.38129252195358276,True,0.0,0.0
queue_projection,3893,11,False,False,False,0.001070648431777954,0.0,0.5991244316101074,True,0.0,0.0
queue_projection,3982,12,False,False,False,0.0009681284427642822,0.0,0.551376461982727,True,0.0,0.0
queue_projection,4035,13,False,False,False,0.0011349618434906006,0.0,0.5837401747703552,True,0.0,0.0
queue_projection,4082,15,False,False,False,0.0015644729137420654,0.0,0.6613045334815979,True,0.0,0.0
queue_projection,4168,1,False,False,False,0.0008302628993988037,0.0,0.0,False,0.0,0.0
queue_projection,4304,2,False,False,False,0.0015742480754852295,0.0,2.2351741790771484e-08,False,0.0,0.0
queue_projection,4320,4,False,False,False,0.0017585456371307373,0.0,0.1955903023481369,True,0.0,0.0
queue_projection,4358,5,False,False,False,0.0013727247714996338,0.0,0.3175562620162964,True,0.0,0.0
queue_projection,4408,7,False,False,False,0.0013616383075714111,0.0,0.3219566345214844,True,0.0,0.0
queue_projection,4469,9,False,False,False,0.0014302432537078857,0.0,0.45494991540908813,True,0.0,0.0
queue_projection,4522,10,False,False,False,0.0011630356311798096,0.0,0.5830204486846924,True,0.0,0.0
queue_projection,4763,1,False,False,False,0.0011349022388458252,0.0,0.0,False,0.0,0.0
queue_projection,4776,3,False,False,False,0.0010898411273956299,0.0,0.0,False,0.0,0.0
queue_projection,4804,5,False,False,False,0.0015994012355804443,0.0,0.2363976389169693,True,0.0,0.0
queue_projection,4823,6,False,False,False,0.0012621581554412842,0.0,0.32696831226348877,True,0.0,0.0
queue_projection,4830,7,False,False,False,0.0011685192584991455,0.0,0.26151567697525024,True,0.0,0.0
queue_projection,4852,8,False,False,False,0.0015992224216461182,0.0,0.4312117099761963,True,0.0,0.0
queue_projection,4955,12,False,False,False,0.0015371739864349365,0.0,0.7784247398376465,True,0.0,0.0
queue_projection,5111,14,False,False,False,0.0010760724544525146,0.0,0.6256342530250549,True,0.0,0.0
queue_projection,5188,0,False,False,False,0.0008920133113861084,0.0,0.0,False,0.0,0.0
queue_projection,5216,1,False,False,False,0.0012929141521453857,0.0,0.0,False,0.0,0.0
queue_projection,5259,2,False,False,False,0.001344054937362671,0.0,0.0,False,0.0,0.0
queue_projection,5287,3,False,False,False,0.001836150884628296,0.0,0.0,False,0.0,0.0
queue_projection,5496,9,False,False,False,0.0014078319072723389,0.0,0.8351490497589111,True,0.0,0.0
queue_projection,5606,11,False,False,False,0.0016353428363800049,0.0,0.520127534866333,True,0.0,0.0
queue_projection,5628,13,False,False,False,0.0013106763362884521,0.0,0.6197858452796936,True,0.0,0.0
queue_projection,5646,15,False,False,False,0.001451939344406128,0.0,0.3837258815765381,True,0.0,0.0
queue_projection,5707,2,False,False,False,0.00160256028175354,0.0,0.0,False,0.0,0.0
queue_projection,5773,3,False,False,False,0.0009823739528656006,0.0,0.0,False,0.0,0.0
queue_projection,5787,4,False,False,False,0.001212090253829956,0.0,0.32789716124534607,True,0.0,0.0
queue_projection,5798,5,False,False,False,0.001204162836074829,0.0,0.3245540261268616,True,0.0,0.0
queue_projection,5859,7,False,False,False,0.0013218820095062256,0.0,0.4086543917655945,True,0.0,0.0
queue_projection,5861,8,False,False,False,0.0010612905025482178,0.0,0.4186851382255554,True,0.0,0.0
queue_projection,5876,9,False,False,False,0.000964730978012085,0.0,0.6180288791656494,True,0.0,0.0
queue_projection,5915,10,False,False,False,0.001444011926651001,0.0,0.37466686964035034,True,0.0,0.0
queue_projection,5939,11,False,False,False,0.0009019076824188232,0.0,0.48889896273612976,True,0.0,0.0
queue_projection,5973,12,False,False,False,0.0017577707767486572,0.0,0.6705577373504639,True,0.0,0.0
queue_projection,5975,13,False,False,False,0.0013765990734100342,0.0,0.5603840351104736,True,0.0,0.0
queue_projection,6092,0,False,False,False,0.001277536153793335,0.0,0.0,False,0.0,0.0
queue_projection,6100,1,False,False,False,0.001832813024520874,0.0,0.0,False,0.0,0.0
queue_projection,6249,4,False,False,False,0.0018484890460968018,0.0,0.44699668884277344,True,0.0,0.0
queue_projection,6255,5,False,False,False,0.0017428100109100342,0.0,0.4482118487358093,True,0.0,0.0
queue_projection,6447,10,False,False,False,0.0008136928081512451,0.0,0.48333969712257385,True,0.0,0.0
queue_projection,6523,12,False,False,False,0.0013003647327423096,0.0,0.6199823021888733,True,0.0,0.0
queue_projection,6537,13,False,False,False,0.0008251368999481201,0.0,0.8314164876937866,True,0.0,0.0
queue_projection,6596,0,False,False,False,0.0018161237239837646,0.0,0.0,False,0.0,0.0
queue_projection,6651,2,False,False,False,0.0009350478649139404,0.0,0.0,False,0.0,0.0
queue_projection,6775,6,False,False,False,0.001118093729019165,0.0,0.2686137855052948,True,0.0,0.0
queue_projection,6777,7,False,False,False,0.001201719045639038,0.0,0.19811055064201355,True,0.0,0.0
queue_projection,6783,9,False,False,False,0.0012676417827606201,0.0,0.6070016622543335,True,0.0,0.0
queue_projection,7192,4,False,False,False,0.0017299354076385498,0.0,0.4220934510231018,True,0.0,0.0
queue_projection,7280,6,False,False,False,0.0008588731288909912,0.0,0.20799504220485687,True,0.0,0.0
queue_projection,7344,11,False,False,False,0.0008489787578582764,0.0,0.3025861382484436,True,0.0,0.0
queue_projection,7385,14,False,False,False,0.0014384090900421143,0.0,0.5333389639854431,True,0.0,0.0
queue_projection,7390,15,False,False,False,0.001382976770401001,0.0,0.4251326620578766,True,0.0,0.0
queue_projection,7470,0,False,False,False,0.0010419189929962158,0.0,5.075708031654358e-08,False,0.0,0.0
queue_projection,7494,2,False,False,False,0.0010627210140228271,0.0,0.0,False,0.0,0.0
queue_projection,7540,4,False,False,False,0.0014772117137908936,0.0,0.4100608825683594,True,0.0,0.0
queue_projection,7576,6,False,False,False,0.0010472238063812256,0.0,0.2734326422214508,True,0.0,0.0
queue_projection,7581,7,False,False,False,0.0009032189846038818,0.0,0.22059041261672974,True,0.0,0.0
queue_projection,7701,13,False,False,False,0.0013665854930877686,0.0,0.5956752300262451,True,0.0,0.0
queue_projection,8503,14,False,False,False,0.0014056861400604248,0.0,0.4457235336303711,True,0.0,0.0
queue_projection,8555,15,False,False,False,0.0017379224300384521,0.0,0.8096251487731934,True,0.0,0.0
queue_projection,8556,0,False,False,False,0.0009168088436126709,0.0,0.0,False,0.0,0.0
queue_projection,8618,6,False,False,False,0.0012294948101043701,0.0,0.3838908076286316,True,0.0,0.0
queue_projection,8765,7,False,False,False,0.0010365545749664307,0.0,0.421640008687973,True,0.0,0.0
queue_projection,9088,15,False,False,False,0.0016425549983978271,0.0,0.6935492753982544,True,0.0,0.0
queue_projection,9208,0,False,False,False,0.0017102062702178955,0.0,8.940696716308594e-08,False,0.0,0.0
queue_projection,9244,2,False,False,False,0.0014825165271759033,0.0,0.0,False,0.0,0.0
queue_projection,9641,14,False,False,False,0.0011104047298431396,0.0,0.8727271556854248,True,0.0,0.0
queue_projection,10148,14,False,False,False,0.0016020238399505615,0.0,0.78876131772995,True,0.0,0.0
queue_projection,11441,13,False,False,False,0.0018079578876495361,0.0,0.6769055724143982,True,2.384185791015625e-07,0.0
queue_projection,12767,14,False,False,False,0.0015310347080230713,0.0,0.6445220708847046,True,0.0,0.0
