horizon,mode,input_id,cell,primary_failure,geometry_failure,force_failure,minimum_raw_gap_m,peak_all_arm_scalar_N,controlled_path_rad,supplementary_max_all74_hard_violation_rad,supplementary_max_all74_velocity_exceedance_rad_s
short,off,229,6,False,False,False,0.0017011463642120361,0.0,0.27700403332710266,0.0,0.0
short,off,270,8,False,False,False,0.0018124282360076904,0.0,0.4500249922275543,0.0,0.0
short,off,339,10,False,False,False,0.0009142458438873291,0.0,0.3677319288253784,0.0,0.0
short,off,340,11,False,False,False,0.001097649335861206,0.0,0.4650631248950958,0.0,0.0
short,off,345,12,False,False,False,0.0018081367015838623,0.0,0.46176213026046753,0.0,0.0
short,off,375,13,False,False,False,0.0008768737316131592,0.0,0.8295478820800781,0.0,0.0
short,off,399,14,False,False,False,0.0017539560794830322,0.0,0.953090250492096,0.0,0.0
short,off,607,3,False,False,False,0.0006766915321350098,0.0,0.10106140375137329,0.0,0.0
short,off,720,5,False,False,False,0.0015452802181243896,0.0,0.2641901671886444,0.0,0.0
short,off,804,9,False,False,False,0.0011701881885528564,0.0,0.587425947189331,0.0,0.0
short,off,1069,13,False,False,False,0.001638263463973999,0.0,0.43048006296157837,0.0,0.0
short,off,1212,15,False,False,False,0.0013010203838348389,0.0,0.6201871037483215,0.0,0.0
short,off,1284,0,False,False,False,0.001499861478805542,0.0,0.107403963804245,0.0,0.0
short,off,1288,1,False,False,False,0.001349419355392456,0.0,0.08743143081665039,0.0,0.0
short,off,1377,3,False,False,False,0.001455932855606079,0.0,0.08982473611831665,0.0,0.0
short,off,1458,5,False,False,False,0.0011621415615081787,0.0,0.21676313877105713,0.0,0.0
short,off,1518,8,False,False,False,0.001149684190750122,0.0,0.7000612020492554,0.0,0.0
short,off,1543,10,False,False,False,0.0011621415615081787,0.0,0.368491530418396,0.0,0.0
short,off,1591,11,False,False,False,0.0008639395236968994,0.0,0.47716084122657776,0.0,0.0
short,off,1616,12,False,False,False,0.0013214647769927979,0.0,0.868456244468689,0.0,0.0
short,off,1779,1,False,False,False,0.001748114824295044,0.0,0.04498240351676941,0.0,0.0
short,off,1793,2,False,False,False,0.0009469687938690186,0.0,0.06620366126298904,0.0,0.0
short,off,1830,3,False,False,False,0.0016849339008331299,0.0,0.10517020523548126,0.0,0.0
short,off,1834,4,True,True,False,-0.0029862746596336365,0.0,0.5402002334594727,0.0,0.0
short,off,1887,5,True,True,True,-0.019100651144981384,111.74329376220703,0.36697304248809814,0.0,0.0
short,off,1966,6,False,False,False,0.0009223520755767822,0.0,0.3654822111129761,0.0,0.0
short,off,2049,7,False,False,False,0.0009368956089019775,0.0,0.3270586133003235,0.0,0.0
short,off,2141,8,False,False,False,0.0011548101902008057,0.0,0.2826128900051117,0.0,0.0
short,off,2171,9,False,False,False,0.0016299188137054443,0.0,0.654941737651825,0.0,0.0
short,off,2172,10,False,False,False,0.0009281337261199951,0.0,0.464925080537796,0.0,0.0
short,off,2174,11,False,False,False,0.0015692412853240967,0.0,0.4955441653728485,0.0,0.0
short,off,2181,12,False,False,False,0.0007896125316619873,0.0,0.7456772327423096,0.0,0.0
short,off,2221,14,False,False,False,0.000858992338180542,0.0,0.43688100576400757,0.0,0.0
short,off,2387,15,False,False,False,0.001147836446762085,0.0,0.6093631982803345,0.0,0.0
short,off,2419,0,False,False,False,0.0010202229022979736,0.0,0.09893572330474854,0.0,0.0
short,off,2435,1,False,False,False,0.0009181201457977295,0.0,0.07865174114704132,0.0,0.0
short,off,2487,3,False,False,False,0.0013269484043121338,0.0,0.05013243854045868,0.0,0.0
short,off,2520,4,False,False,False,0.0012738406658172607,0.0,0.33629608154296875,0.0,0.0
short,off,2592,6,False,False,False,0.0013224780559539795,0.0,0.2887025475502014,0.0,0.0
short,off,2624,8,False,False,False,0.0012088119983673096,0.0,0.5278109312057495,0.0,0.0
short,off,2656,10,False,False,False,0.0007892996072769165,0.0,0.5880815982818604,0.0,0.0
short,off,2932,15,False,False,False,0.0011782348155975342,0.0,0.6192174553871155,0.0,0.0
short,off,3033,2,False,False,False,0.0016988813877105713,0.0,0.07414767146110535,0.0,0.0
short,off,3078,4,False,False,False,0.0017212927341461182,0.0,0.4248120188713074,0.0,0.0
short,off,3209,7,True,True,False,-0.00496663898229599,0.0,0.49055567383766174,0.0,0.0
short,off,3225,8,False,False,False,0.001286536455154419,0.0,0.5949110984802246,0.0,0.0
short,off,3254,9,True,True,False,-0.0016656145453453064,0.0,0.5537058711051941,0.0,0.0
short,off,3275,10,True,True,False,-0.0030718743801116943,0.0,0.3705134093761444,0.0,0.0
short,off,3311,11,False,False,False,0.0009967386722564697,0.0,0.3956538438796997,0.0,0.0
short,off,3331,12,False,False,False,0.0015135705471038818,0.0,0.5331510305404663,0.0,0.0
short,off,3541,1,False,False,False,0.001225203275680542,0.0,0.07066500186920166,0.0,0.0
short,off,3618,3,False,False,False,0.0014117062091827393,0.0,0.05780009925365448,0.0,0.0
short,off,3643,5,False,False,False,0.0011950433254241943,0.0,0.372869074344635,0.0,0.0
short,off,3822,8,False,False,False,0.001032024621963501,0.0,0.5022343993186951,0.0,0.0
short,off,3858,9,False,False,False,0.0010181963443756104,0.0,0.39667293429374695,0.0,0.0
short,off,3893,11,False,False,False,0.001021355390548706,0.0,0.638128399848938,0.0,0.0
short,off,3982,12,False,False,False,0.000947803258895874,0.0,0.5617856979370117,0.0,0.0
short,off,4035,13,False,False,False,0.0011049211025238037,0.0,0.6236557364463806,0.0,0.0
short,off,4082,15,False,False,False,0.0015438497066497803,0.0,0.6790196299552917,0.0,0.0
short,off,4168,1,True,True,False,-0.0008348673582077026,0.0,0.10841876268386841,0.0,0.0
short,off,4304,2,False,False,False,0.0015435516834259033,0.0,0.0881955474615097,0.0,0.0
short,off,4320,4,False,False,False,0.001757115125656128,0.0,0.20163629949092865,0.0,0.0
short,off,4358,5,False,False,False,0.0013611018657684326,0.0,0.3546380400657654,0.0,0.0
short,off,4408,7,False,False,False,0.0013385117053985596,0.0,0.3650067150592804,0.0,0.0
short,off,4469,9,False,False,False,0.0014202296733856201,0.0,0.4587291479110718,0.0,0.0
short,off,4522,10,False,False,False,0.001152127981185913,0.0,0.5834499597549438,0.0,0.0
short,off,4763,1,False,False,False,0.0010926425457000732,0.0,0.10911887884140015,0.0,0.0
short,off,4776,3,False,False,False,0.0010515153408050537,0.0,0.09435296058654785,0.0,0.0
short,off,4804,5,False,False,False,0.001574009656906128,0.0,0.304471880197525,0.0,0.0
short,off,4823,6,False,False,False,0.0012151896953582764,0.0,0.3860644996166229,0.0,0.0
short,off,4830,7,False,False,False,0.001147836446762085,0.0,0.299834668636322,0.0,0.0
short,off,4852,8,False,False,False,0.0015749633312225342,0.0,0.4527011811733246,0.0,0.0
short,off,4955,12,False,False,False,0.0015269219875335693,0.0,0.7886385917663574,0.0,0.0
short,off,5111,14,False,False,False,0.0010548532009124756,0.0,0.6429637670516968,0.0,0.0
short,off,5188,0,False,False,False,0.0008662045001983643,0.0,0.06617739796638489,0.0,0.0
short,off,5216,1,False,False,False,0.0012759268283843994,0.0,0.056053996086120605,0.0,0.0
short,off,5259,2,False,False,False,0.0012994706630706787,0.0,0.09065961092710495,0.0,0.0
short,off,5287,3,False,False,False,0.0018318593502044678,0.0,0.05724513530731201,0.0,0.0
short,off,5496,9,False,False,False,0.0013800561428070068,0.0,0.8328773975372314,0.0,0.0
short,off,5606,11,False,False,False,0.0016174018383026123,0.0,0.5457414388656616,0.0,0.0
short,off,5628,13,False,False,False,0.0012718737125396729,0.0,0.6371738314628601,0.0,0.0
short,off,5646,15,False,False,False,0.001442044973373413,0.0,0.4042324125766754,0.0,0.0
short,off,5707,2,False,False,False,0.0015736520290374756,0.0,0.08723804354667664,0.0,0.0
short,off,5773,3,False,False,False,0.0009337365627288818,0.0,0.08416628837585449,0.0,0.0
short,off,5787,4,False,False,False,0.001168757677078247,0.0,0.38036617636680603,0.0,0.0
short,off,5798,5,False,False,False,0.00036603212356567383,0.0,0.36338698863983154,0.0,0.0
short,off,5859,7,False,False,False,0.001286238431930542,0.0,0.447769433259964,0.0,0.0
short,off,5861,8,False,False,False,0.0010330379009246826,0.0,0.46123307943344116,0.0,0.0
short,off,5876,9,False,False,False,0.0009119808673858643,0.0,0.6857025027275085,0.0,0.0
short,off,5915,10,False,False,False,0.0014272630214691162,0.0,0.37887948751449585,0.0,0.0
short,off,5939,11,True,True,False,-0.0034828782081604004,0.0,0.5365728139877319,0.0,0.0
short,off,5973,12,False,False,False,0.0017479360103607178,0.0,0.6829792857170105,0.0,0.0
short,off,5975,13,False,False,False,0.001347273588180542,0.0,0.5951559543609619,0.0,0.0
short,off,6092,0,False,False,False,0.0012610852718353271,0.0,0.08171725273132324,0.0,0.0
short,off,6100,1,False,False,False,0.0018278062343597412,0.0,0.07183480262756348,0.0,0.0
short,off,6249,4,False,False,False,0.0018498003482818604,0.0,0.46324145793914795,0.0,0.0
short,off,6255,5,False,False,False,0.001726776361465454,0.0,0.4786638021469116,0.0,0.0
short,off,6447,10,True,True,False,-0.006401225924491882,0.0,0.5327725410461426,0.0,0.0
short,off,6523,12,False,False,False,0.001280456781387329,0.0,0.6273015141487122,0.0,0.0
short,off,6537,13,True,True,False,-0.00705014169216156,0.0,0.8389478325843811,0.0,0.0
short,off,6596,0,False,False,False,0.00181540846824646,0.0,0.05040693283081055,0.0,0.0
short,off,6651,2,False,False,False,0.0008809268474578857,0.0,0.131943941116333,0.0,0.0
short,off,6775,6,False,False,False,0.0010779201984405518,0.0,0.36278587579727173,0.0,0.0
short,off,6777,7,False,False,False,0.0011776983737945557,0.0,0.22363552451133728,0.0,0.0
short,off,6783,9,False,False,False,0.0012357532978057861,0.0,0.6457257270812988,0.0,0.0
short,off,7192,4,False,False,False,0.0017283856868743896,0.0,0.4251943826675415,0.0,0.0
short,off,7280,6,True,True,False,-0.005768321454524994,0.0,0.23725299537181854,0.0,0.0
short,off,7344,11,False,False,False,0.0008225142955780029,0.0,0.3165662884712219,0.0,0.0
short,off,7385,14,False,False,False,0.0014255344867706299,0.0,0.5410020351409912,0.0,0.0
short,off,7390,15,False,False,False,0.001382976770401001,0.0,0.4657944440841675,0.0,0.0
short,off,7470,0,False,False,False,0.0010114610195159912,0.0,0.09524908661842346,0.0,0.0
short,off,7494,2,False,False,False,0.001040428876876831,0.0,0.08517906069755554,0.0,0.0
short,off,7540,4,False,False,False,0.0014584362506866455,0.0,0.42255616188049316,0.0,0.0
short,off,7576,6,False,False,False,0.0010090172290802002,0.0,0.3278842270374298,0.0,0.0
short,off,7581,7,False,False,False,0.0008626282215118408,0.0,0.27824950218200684,0.0,0.0
short,off,7701,13,False,False,False,0.0013594329357147217,0.0,0.5990360975265503,0.0,0.0
short,off,8503,14,False,False,False,0.0013889968395233154,0.0,0.4574241638183594,0.0,0.0
short,off,8555,15,False,False,False,0.0017288625240325928,0.0,0.8197057247161865,0.0,0.0
short,off,8556,0,False,False,False,0.0008645951747894287,0.0,0.09892507642507553,0.0,0.0
short,off,8618,6,False,False,False,0.00119742751121521,0.0,0.40799880027770996,0.0,0.0
short,off,8765,7,False,False,False,0.0010128319263458252,0.0,0.4303187131881714,0.0,0.0
short,off,9088,15,False,False,False,0.0016247928142547607,0.0,0.7058911919593811,0.0,0.0
short,off,9208,0,False,False,False,0.0016925036907196045,0.0,0.08861210942268372,0.0,0.0
short,off,9244,2,False,False,False,0.0014629065990447998,0.0,0.08295338600873947,0.0,0.0
short,off,9641,14,False,False,False,0.0010760128498077393,0.0,0.867279052734375,0.0,0.0
short,off,10148,14,False,False,False,0.001592487096786499,0.0,0.7907225489616394,0.0,0.0
short,off,11441,13,False,False,False,0.00180855393409729,0.0,0.6700239181518555,2.384185791015625e-07,0.0
short,off,12767,14,False,False,False,0.0015087425708770752,0.0,0.674586832523346,0.0,0.0
short,on,229,6,False,False,False,0.0017040073871612549,0.0,0.24924233555793762,0.0,0.0
short,on,270,8,False,False,False,0.0018121302127838135,0.0,0.42759355902671814,0.0,0.0
short,on,339,10,False,False,False,0.0009517371654510498,0.0,0.3165147006511688,0.0,0.0
short,on,340,11,False,False,False,0.0011186301708221436,0.0,0.4600217938423157,0.0,0.0
short,on,345,12,False,False,False,0.0018075406551361084,0.0,0.4435892105102539,0.0,0.0
short,on,375,13,False,False,False,0.0009228289127349854,0.0,0.8123573064804077,0.0,0.0
short,on,399,14,False,False,False,0.0017546117305755615,0.0,0.9587560296058655,0.0,0.0
short,on,607,3,False,False,False,0.0006766915321350098,0.0,0.0,0.0,0.0
short,on,720,5,False,False,False,0.0015517771244049072,0.0,0.24867497384548187,0.0,0.0
short,on,804,9,False,False,False,0.0011878907680511475,0.0,0.5741890668869019,0.0,0.0
short,on,1069,13,False,False,False,0.0016601383686065674,0.0,0.3924690783023834,0.0,0.0
short,on,1212,15,False,False,False,0.0013404786586761475,0.0,0.5739834904670715,0.0,0.0
short,on,1284,0,False,False,False,0.001524120569229126,0.0,0.0,0.0,0.0
short,on,1288,1,False,False,False,0.001393049955368042,0.0,0.0,0.0,0.0
short,on,1377,3,False,False,False,0.0014700591564178467,0.0,0.0,0.0,0.0
short,on,1458,5,False,False,False,0.001194685697555542,0.0,0.17931096255779266,0.0,0.0
short,on,1518,8,False,False,False,0.0011699497699737549,0.0,0.6811979413032532,0.0,0.0
short,on,1543,10,False,False,False,0.0011954009532928467,0.0,0.3056684732437134,0.0,0.0
short,on,1591,11,False,False,False,0.0008928477764129639,0.0,0.4636150300502777,0.0,0.0
short,on,1616,12,False,False,False,0.0013438165187835693,0.0,0.8593192100524902,0.0,0.0
short,on,1779,1,False,False,False,0.0017539560794830322,0.0,0.0,0.0,0.0
short,on,1793,2,False,False,False,0.0009883344173431396,0.0,0.0,0.0,0.0
short,on,1830,3,False,False,False,0.0017032921314239502,0.0,6.332993507385254e-08,0.0,0.0
short,on,1834,4,False,False,False,0.0008465945720672607,0.0,0.49080199003219604,0.0,0.0
short,on,1887,5,False,False,False,0.0014436542987823486,0.0,0.33623769879341125,0.0,0.0
short,on,1966,6,False,False,False,0.0009612739086151123,0.0,0.3348919749259949,0.0,0.0
short,on,2049,7,False,False,False,0.0009678900241851807,0.0,0.2863045930862427,0.0,0.0
short,on,2141,8,False,False,False,0.0011650025844573975,0.0,0.2831917107105255,0.0,0.0
short,on,2171,9,False,False,False,0.001634448766708374,0.0,0.6560199856758118,0.0,0.0
short,on,2172,10,False,False,False,0.0009508430957794189,0.0,0.4627207815647125,0.0,0.0
short,on,2174,11,False,False,False,0.0015762150287628174,0.0,0.48913848400115967,0.0,0.0
short,on,2181,12,False,False,False,0.0008437931537628174,0.0,0.6965922713279724,0.0,0.0
short,on,2221,14,False,False,False,0.0008744895458221436,0.0,0.4173736572265625,0.0,0.0
short,on,2387,15,False,False,False,0.0011905133724212646,0.0,0.5672199726104736,0.0,0.0
short,on,2419,0,False,False,False,0.001047581434249878,0.0,0.0,0.0,0.0
short,on,2435,1,False,False,False,0.0009553134441375732,0.0,0.0,0.0,0.0
short,on,2487,3,False,False,False,0.0013470351696014404,0.0,0.0,0.0,0.0
short,on,2520,4,False,False,False,0.0013078749179840088,0.0,0.2806461453437805,0.0,0.0
short,on,2592,6,False,False,False,0.001320958137512207,0.0,0.2757702171802521,0.0,0.0
short,on,2624,8,False,False,False,0.0012271106243133545,0.0,0.5209783911705017,0.0,0.0
short,on,2656,10,False,False,False,0.001296013593673706,0.0,0.5551303029060364,0.0,0.0
short,on,2932,15,False,False,False,0.0012145936489105225,0.0,0.5797362923622131,0.0,0.0
short,on,3033,2,False,False,False,0.0017171800136566162,0.0,0.0,0.0,0.0
short,on,3078,4,False,False,False,0.0017354190349578857,0.0,0.4061540961265564,0.0,0.0
short,on,3209,7,False,False,False,0.000843733549118042,0.0,0.40400704741477966,0.0,0.0
short,on,3225,8,False,False,False,0.0013124644756317139,0.0,0.5745821595191956,0.0,0.0
short,on,3254,9,False,False,False,0.0008677542209625244,0.0,0.522211492061615,0.0,0.0
short,on,3275,10,False,False,False,0.0008908212184906006,0.0,0.3286987543106079,0.0,0.0
short,on,3311,11,False,False,False,0.0010471045970916748,0.0,0.3643307685852051,0.0,0.0
short,on,3331,12,False,False,False,0.0015424787998199463,0.0,0.5005218982696533,0.0,0.0
short,on,3541,1,False,False,False,0.0012585818767547607,0.0,0.0,0.0,0.0
short,on,3618,3,False,False,False,0.0014297068119049072,0.0,0.0,0.0,0.0
short,on,3643,5,False,False,False,0.001226276159286499,0.0,0.3472699224948883,0.0,0.0
short,on,3822,8,False,False,False,0.001054137945175171,0.0,0.48810523748397827,0.0,0.0
short,on,3858,9,False,False,False,0.0010384023189544678,0.0,0.38129252195358276,0.0,0.0
short,on,3893,11,False,False,False,0.001070648431777954,0.0,0.5991244316101074,0.0,0.0
short,on,3982,12,False,False,False,0.0009681284427642822,0.0,0.551376461982727,0.0,0.0
short,on,4035,13,False,False,False,0.0011349618434906006,0.0,0.5837401747703552,0.0,0.0
short,on,4082,15,False,False,False,0.0015644729137420654,0.0,0.6613045334815979,0.0,0.0
short,on,4168,1,False,False,False,0.0008302628993988037,0.0,0.0,0.0,0.0
short,on,4304,2,False,False,False,0.0015742480754852295,0.0,2.2351741790771484e-08,0.0,0.0
short,on,4320,4,False,False,False,0.0017585456371307373,0.0,0.1955903023481369,0.0,0.0
short,on,4358,5,False,False,False,0.0013727247714996338,0.0,0.3175562620162964,0.0,0.0
short,on,4408,7,False,False,False,0.0013616383075714111,0.0,0.3219566345214844,0.0,0.0
short,on,4469,9,False,False,False,0.0014302432537078857,0.0,0.45494991540908813,0.0,0.0
short,on,4522,10,False,False,False,0.0011630356311798096,0.0,0.5830204486846924,0.0,0.0
short,on,4763,1,False,False,False,0.0011349022388458252,0.0,0.0,0.0,0.0
short,on,4776,3,False,False,False,0.0010898411273956299,0.0,0.0,0.0,0.0
short,on,4804,5,False,False,False,0.0015994012355804443,0.0,0.2363976389169693,0.0,0.0
short,on,4823,6,False,False,False,0.0012621581554412842,0.0,0.32696831226348877,0.0,0.0
short,on,4830,7,False,False,False,0.0011685192584991455,0.0,0.26151567697525024,0.0,0.0
short,on,4852,8,False,False,False,0.0015992224216461182,0.0,0.4312117099761963,0.0,0.0
short,on,4955,12,False,False,False,0.0015371739864349365,0.0,0.7784247398376465,0.0,0.0
short,on,5111,14,False,False,False,0.0010760724544525146,0.0,0.6256342530250549,0.0,0.0
short,on,5188,0,False,False,False,0.0008920133113861084,0.0,0.0,0.0,0.0
short,on,5216,1,False,False,False,0.0012929141521453857,0.0,0.0,0.0,0.0
short,on,5259,2,False,False,False,0.001344054937362671,0.0,0.0,0.0,0.0
short,on,5287,3,False,False,False,0.001836150884628296,0.0,0.0,0.0,0.0
short,on,5496,9,False,False,False,0.0014078319072723389,0.0,0.8351490497589111,0.0,0.0
short,on,5606,11,False,False,False,0.0016353428363800049,0.0,0.520127534866333,0.0,0.0
short,on,5628,13,False,False,False,0.0013106763362884521,0.0,0.6197858452796936,0.0,0.0
short,on,5646,15,False,False,False,0.001451939344406128,0.0,0.3837258815765381,0.0,0.0
short,on,5707,2,False,False,False,0.00160256028175354,0.0,0.0,0.0,0.0
short,on,5773,3,False,False,False,0.0009823739528656006,0.0,0.0,0.0,0.0
short,on,5787,4,False,False,False,0.001212090253829956,0.0,0.32789716124534607,0.0,0.0
short,on,5798,5,False,False,False,0.001204162836074829,0.0,0.3245540261268616,0.0,0.0
short,on,5859,7,False,False,False,0.0013218820095062256,0.0,0.4086543917655945,0.0,0.0
short,on,5861,8,False,False,False,0.0010612905025482178,0.0,0.4186851382255554,0.0,0.0
short,on,5876,9,False,False,False,0.000964730978012085,0.0,0.6180288791656494,0.0,0.0
short,on,5915,10,False,False,False,0.001444011926651001,0.0,0.37466686964035034,0.0,0.0
short,on,5939,11,False,False,False,0.0009019076824188232,0.0,0.48889896273612976,0.0,0.0
short,on,5973,12,False,False,False,0.0017577707767486572,0.0,0.6705577373504639,0.0,0.0
short,on,5975,13,False,False,False,0.0013765990734100342,0.0,0.5603840351104736,0.0,0.0
short,on,6092,0,False,False,False,0.001277536153793335,0.0,0.0,0.0,0.0
short,on,6100,1,False,False,False,0.001832813024520874,0.0,0.0,0.0,0.0
short,on,6249,4,False,False,False,0.0018484890460968018,0.0,0.44699668884277344,0.0,0.0
short,on,6255,5,False,False,False,0.0017428100109100342,0.0,0.4482118487358093,0.0,0.0
short,on,6447,10,False,False,False,0.0008136928081512451,0.0,0.48333969712257385,0.0,0.0
short,on,6523,12,False,False,False,0.0013003647327423096,0.0,0.6199823021888733,0.0,0.0
short,on,6537,13,False,False,False,0.0008251368999481201,0.0,0.8314164876937866,0.0,0.0
short,on,6596,0,False,False,False,0.0018161237239837646,0.0,0.0,0.0,0.0
short,on,6651,2,False,False,False,0.0009350478649139404,0.0,0.0,0.0,0.0
short,on,6775,6,False,False,False,0.001118093729019165,0.0,0.2686137855052948,0.0,0.0
short,on,6777,7,False,False,False,0.001201719045639038,0.0,0.19811055064201355,0.0,0.0
short,on,6783,9,False,False,False,0.0012676417827606201,0.0,0.6070016622543335,0.0,0.0
short,on,7192,4,False,False,False,0.0017299354076385498,0.0,0.4220934510231018,0.0,0.0
short,on,7280,6,False,False,False,0.0008588731288909912,0.0,0.20799504220485687,0.0,0.0
short,on,7344,11,False,False,False,0.0008489787578582764,0.0,0.3025861382484436,0.0,0.0
short,on,7385,14,False,False,False,0.0014384090900421143,0.0,0.5333389639854431,0.0,0.0
short,on,7390,15,False,False,False,0.001382976770401001,0.0,0.4251326620578766,0.0,0.0
short,on,7470,0,False,False,False,0.0010419189929962158,0.0,5.075708031654358e-08,0.0,0.0
short,on,7494,2,False,False,False,0.0010627210140228271,0.0,0.0,0.0,0.0
short,on,7540,4,False,False,False,0.0014772117137908936,0.0,0.4100608825683594,0.0,0.0
short,on,7576,6,False,False,False,0.0010472238063812256,0.0,0.2734326422214508,0.0,0.0
short,on,7581,7,False,False,False,0.0009032189846038818,0.0,0.22059041261672974,0.0,0.0
short,on,7701,13,False,False,False,0.0013665854930877686,0.0,0.5956752300262451,0.0,0.0
short,on,8503,14,False,False,False,0.0014056861400604248,0.0,0.4457235336303711,0.0,0.0
short,on,8555,15,False,False,False,0.0017379224300384521,0.0,0.8096251487731934,0.0,0.0
short,on,8556,0,False,False,False,0.0009168088436126709,0.0,0.0,0.0,0.0
short,on,8618,6,False,False,False,0.0012294948101043701,0.0,0.3838908076286316,0.0,0.0
short,on,8765,7,False,False,False,0.0010365545749664307,0.0,0.421640008687973,0.0,0.0
short,on,9088,15,False,False,False,0.0016425549983978271,0.0,0.6935492753982544,0.0,0.0
short,on,9208,0,False,False,False,0.0017102062702178955,0.0,8.940696716308594e-08,0.0,0.0
short,on,9244,2,False,False,False,0.0014825165271759033,0.0,0.0,0.0,0.0
short,on,9641,14,False,False,False,0.0011104047298431396,0.0,0.8727271556854248,0.0,0.0
short,on,10148,14,False,False,False,0.0016020238399505615,0.0,0.78876131772995,0.0,0.0
short,on,11441,13,False,False,False,0.0018079578876495361,0.0,0.6769055724143982,2.384185791015625e-07,0.0
short,on,12767,14,False,False,False,0.0015310347080230713,0.0,0.6445220708847046,0.0,0.0
long,off,229,6,False,False,False,0.0017010867595672607,0.0,0.3423689901828766,0.0,0.0
long,off,270,8,False,False,False,0.0018124282360076904,0.0,0.5636941194534302,0.0,0.0
long,off,339,10,False,False,False,0.0009142458438873291,0.0,0.41985705494880676,0.0,0.0
long,off,340,11,False,False,False,0.001097649335861206,0.0,0.5415596961975098,0.0,0.0
long,off,345,12,False,False,False,0.001808077096939087,0.0,0.5153447389602661,0.0,0.0
long,off,375,13,False,False,False,0.0008768737316131592,0.0,0.9179802536964417,0.0,0.0
long,off,399,14,False,False,False,0.0017539560794830322,0.0,1.1628596782684326,0.0,0.0
long,off,607,3,False,False,False,0.0006766915321350098,0.0,0.11123453080654144,0.0,0.0
long,off,720,5,False,False,False,0.0015451014041900635,0.0,0.3081212639808655,0.0,0.0
long,off,804,9,False,False,False,0.0011701881885528564,0.0,0.6708433628082275,0.0,0.0
long,off,1069,13,False,False,False,0.001638263463973999,0.0,0.5033671259880066,0.0,0.0
long,off,1212,15,False,False,False,0.0013010203838348389,0.0,0.7401501536369324,0.0,0.0
long,off,1284,0,False,False,False,0.001499861478805542,0.0,0.12264570593833923,0.0,0.0
long,off,1288,1,False,False,False,0.001349419355392456,0.0,0.09824591875076294,0.0,0.0
long,off,1377,3,False,False,False,0.001455932855606079,0.0,0.09746205806732178,0.0,0.0
long,off,1458,5,False,False,False,0.0011621415615081787,0.0,0.24347461760044098,0.0,0.0
long,off,1518,8,False,False,False,0.001149684190750122,0.0,0.8143799901008606,0.0,0.0
long,off,1543,10,False,False,False,0.0011621415615081787,0.0,0.40829479694366455,0.0,0.0
long,off,1591,11,False,False,False,0.0008639395236968994,0.0,0.5408831834793091,0.0,0.0
long,off,1616,12,False,False,False,0.0013214647769927979,0.0,0.9941092729568481,0.0,0.0
long,off,1779,1,False,False,False,0.001748114824295044,0.0,0.0464971661567688,0.0,0.0
long,off,1793,2,False,False,False,0.0009469687938690186,0.0,0.07105395197868347,0.0,0.0
long,off,1830,3,False,False,False,0.0016849339008331299,0.0,0.11225894093513489,0.0,0.0
long,off,1834,4,True,True,False,-0.0031318888068199158,0.0,0.6182183027267456,0.0,0.0
long,off,1887,5,True,True,True,-0.019100651144981384,111.74329376220703,0.42815783619880676,0.0,0.0
long,off,1966,6,False,False,False,0.0009223520755767822,0.0,0.41955867409706116,0.0,0.0
long,off,2049,7,False,False,False,0.0009368956089019775,0.0,0.36793020367622375,0.0,0.0
long,off,2141,8,False,False,False,0.0011547505855560303,0.0,0.32115447521209717,0.0,0.0
long,off,2171,9,False,False,False,0.0016299188137054443,0.0,0.8062081336975098,0.0,0.0
long,off,2172,10,False,False,False,0.0009281337261199951,0.0,0.5119155645370483,0.0,0.0
long,off,2174,11,False,False,False,0.001569122076034546,0.0,0.5460313558578491,0.0,0.0
long,off,2181,12,False,False,False,0.0007890164852142334,0.0,0.8503161668777466,0.0,0.0
long,off,2221,14,False,False,False,0.000858992338180542,0.0,0.49024516344070435,0.0,0.0
long,off,2387,15,False,False,False,0.001147836446762085,0.0,0.7011148929595947,0.0,0.0
long,off,2419,0,False,False,False,0.0010202229022979736,0.0,0.10434103012084961,0.0,0.0
long,off,2435,1,False,False,False,0.0009181201457977295,0.0,0.08055977523326874,0.0,0.0
long,off,2487,3,False,False,False,0.0013269484043121338,0.0,0.05113387107849121,0.0,0.0
long,off,2520,4,False,False,False,0.0012738406658172607,0.0,0.39846867322921753,0.0,0.0
long,off,2592,6,False,False,False,0.0013224780559539795,0.0,0.3211674094200134,0.0,0.0
long,off,2624,8,False,False,False,0.0012088119983673096,0.0,0.6012292504310608,0.0,0.0
long,off,2656,10,False,False,False,0.0007886439561843872,0.0,0.6506134271621704,0.0,0.0
long,off,2932,15,False,False,False,0.0011782348155975342,0.0,0.7106310129165649,0.0,0.0
long,off,3033,2,False,False,False,0.0016988813877105713,0.0,0.08364847302436829,0.0,0.0
long,off,3078,4,False,False,False,0.0017212927341461182,0.0,0.499553382396698,0.0,0.0
long,off,3209,7,True,True,False,-0.00496663898229599,0.0,0.5641417503356934,0.0,0.0
long,off,3225,8,False,False,False,0.001286536455154419,0.0,0.6833627223968506,0.0,0.0
long,off,3254,9,True,True,False,-0.0016656145453453064,0.0,0.6379072070121765,0.0,0.0
long,off,3275,10,True,True,False,-0.0030718743801116943,0.0,0.4176849126815796,0.0,0.0
long,off,3311,11,False,False,False,0.0009967386722564697,0.0,0.45567792654037476,0.0,0.0
long,off,3331,12,False,False,False,0.001513451337814331,0.0,0.5988341569900513,0.0,0.0
long,off,3541,1,False,False,False,0.001225203275680542,0.0,0.07584136724472046,0.0,0.0
long,off,3618,3,False,False,False,0.0014117062091827393,0.0,0.05876991152763367,0.0,0.0
long,off,3643,5,False,False,False,0.0011950433254241943,0.0,0.4382205009460449,0.0,0.0
long,off,3822,8,False,False,False,0.001032024621963501,0.0,0.6088388562202454,0.0,0.0
long,off,3858,9,False,False,False,0.0010181963443756104,0.0,0.4482245147228241,0.0,0.0
long,off,3893,11,False,False,False,0.001021355390548706,0.0,0.7201552391052246,0.0,0.0
long,off,3982,12,False,False,False,0.000947803258895874,0.0,0.6381122469902039,0.0,0.0
long,off,4035,13,False,False,False,0.0011048614978790283,0.0,0.7060689926147461,0.0,0.0
long,off,4082,15,False,False,False,0.0015438497066497803,0.0,0.8109264969825745,0.0,0.0
long,off,4168,1,True,True,False,-0.0008348673582077026,0.0,0.11768907308578491,0.0,0.0
long,off,4304,2,False,False,False,0.0015435516834259033,0.0,0.09405197203159332,0.0,0.0
long,off,4320,4,False,False,False,0.0017569959163665771,0.0,0.2287147045135498,0.0,0.0
long,off,4358,5,False,False,False,0.0013609826564788818,0.0,0.4224839210510254,0.0,0.0
long,off,4408,7,False,False,False,0.0013385117053985596,0.0,0.4172852039337158,0.0,0.0
long,off,4469,9,False,False,False,0.0014201700687408447,0.0,0.5275013446807861,0.0,0.0
long,off,4522,10,False,False,False,0.001152127981185913,0.0,0.651246190071106,0.0,0.0
long,off,4763,1,False,False,False,0.0010926425457000732,0.0,0.12357920408248901,0.0,0.0
long,off,4776,3,False,False,False,0.0010515153408050537,0.0,0.10045802593231201,0.0,0.0
long,off,4804,5,False,False,False,0.001574009656906128,0.0,0.33531010150909424,0.0,0.0
long,off,4823,6,False,False,False,0.0012151896953582764,0.0,0.46213075518608093,0.0,0.0
long,off,4830,7,False,False,False,0.0011477172374725342,0.0,0.35384422540664673,0.0,0.0
long,off,4852,8,False,False,False,0.0015749633312225342,0.0,0.5016459226608276,0.0,0.0
long,off,4955,12,False,False,False,0.0015269219875335693,0.0,0.9602034091949463,0.0,0.0
long,off,5111,14,False,False,False,0.0010548532009124756,0.0,0.7440447211265564,0.0,0.0
long,off,5188,0,False,False,False,0.0008662045001983643,0.0,0.06677457690238953,0.0,0.0
long,off,5216,1,False,False,False,0.001275867223739624,0.0,0.05886772274971008,0.0,0.0
long,off,5259,2,False,False,False,0.0012994706630706787,0.0,0.10077809542417526,0.0,0.0
long,off,5287,3,False,False,False,0.0018317997455596924,0.0,0.058328866958618164,0.0,0.0
long,off,5496,9,False,False,False,0.0013787448406219482,0.0,0.9523090124130249,0.0,0.0
long,off,5606,11,False,False,False,0.0016172826290130615,0.0,0.641872227191925,0.0,0.0
long,off,5628,13,False,False,False,0.0012718737125396729,0.0,0.7300450801849365,0.0,0.0
long,off,5646,15,False,False,False,0.0014419853687286377,0.0,0.4912063479423523,0.0,0.0
long,off,5707,2,False,False,False,0.0015736520290374756,0.0,0.09337401390075684,0.0,0.0
long,off,5773,3,False,False,False,0.0009337365627288818,0.0,0.09314525127410889,0.0,0.0
long,off,5787,4,False,False,False,0.001168757677078247,0.0,0.4296739399433136,0.0,0.0
long,off,5798,5,False,False,False,0.00036603212356567383,0.0,0.41214191913604736,0.0,0.0
long,off,5859,7,False,False,False,0.0012861192226409912,0.0,0.505129337310791,0.0,0.0
long,off,5861,8,False,False,False,0.0010330379009246826,0.0,0.540266752243042,0.0,0.0
long,off,5876,9,False,False,False,0.0009119808673858643,0.0,0.8094102144241333,0.0,0.0
long,off,5915,10,False,False,False,0.0014272630214691162,0.0,0.43736788630485535,0.0,0.0
long,off,5939,11,True,True,False,-0.003562614321708679,0.0,0.6207237839698792,0.0,0.0
long,off,5973,12,False,False,False,0.0017479360103607178,0.0,0.7748852372169495,0.0,0.0
long,off,5975,13,False,False,False,0.001347273588180542,0.0,0.6903160214424133,0.0,0.0
long,off,6092,0,False,False,False,0.0012609660625457764,0.0,0.08511269092559814,0.0,0.0
long,off,6100,1,False,False,False,0.0018278062343597412,0.0,0.07276248931884766,0.0,0.0
long,off,6249,4,False,False,False,0.0018498003482818604,0.0,0.557835578918457,0.0,0.0
long,off,6255,5,False,False,False,0.0017264783382415771,0.0,0.5443686842918396,0.0,0.0
long,off,6447,10,True,True,False,-0.006401225924491882,0.0,0.611328125,0.0,0.0
long,off,6523,12,False,False,False,0.001280456781387329,0.0,0.7479684352874756,0.0,0.0
long,off,6537,13,True,True,False,-0.007192179560661316,0.0,0.9853097200393677,0.0,0.0
long,off,6596,0,False,False,False,0.00181540846824646,0.0,0.05200392007827759,0.0,0.0
long,off,6651,2,False,False,False,0.0008809268474578857,0.0,0.14610151946544647,0.0,0.0
long,off,6775,6,False,False,False,0.0010779201984405518,0.0,0.42078161239624023,0.0,0.0
long,off,6777,7,False,False,False,0.0011776983737945557,0.0,0.2629743814468384,0.0,0.0
long,off,6783,9,False,False,False,0.0012357532978057861,0.0,0.7793991565704346,0.0,0.0
long,off,7192,4,False,False,False,0.0017283856868743896,0.0,0.5008516311645508,0.0,0.0
long,off,7280,6,True,True,False,-0.005768321454524994,0.0,0.2624373137950897,0.0,0.0
long,off,7344,11,False,False,False,0.0008222758769989014,0.0,0.3466305434703827,0.0,0.0
long,off,7385,14,False,False,False,0.0014255344867706299,0.0,0.653661847114563,0.0,0.0
long,off,7390,15,False,False,False,0.001382976770401001,0.0,0.5230320692062378,0.0,0.0
long,off,7470,0,False,False,False,0.0010114610195159912,0.0,0.09990042448043823,0.0,0.0
long,off,7494,2,False,False,False,0.0010402500629425049,0.0,0.09282860159873962,0.0,0.0
long,off,7540,4,False,False,False,0.0014584362506866455,0.0,0.48986563086509705,0.0,0.0
long,off,7576,6,False,False,False,0.0010090172290802002,0.0,0.37738803029060364,0.0,0.0
long,off,7581,7,False,False,False,0.0008626282215118408,0.0,0.3027045726776123,0.0,0.0
long,off,7701,13,False,False,False,0.0013594329357147217,0.0,0.7269636988639832,0.0,0.0
long,off,8503,14,False,False,False,0.0013889968395233154,0.0,0.5693942308425903,0.0,0.0
long,off,8555,15,False,False,False,0.0017288625240325928,0.0,0.9710041284561157,0.0,0.0
long,off,8556,0,False,False,False,0.0008645951747894287,0.0,0.10682862997055054,0.0,0.0
long,off,8618,6,False,False,False,0.00119742751121521,0.0,0.44717007875442505,0.0,0.0
long,off,8765,7,False,False,False,0.0010128319263458252,0.0,0.5037130117416382,0.0,0.0
long,off,9088,15,False,False,False,0.0016247928142547607,0.0,0.78815096616745,0.0,0.0
long,off,9208,0,False,False,False,0.0016925036907196045,0.0,0.09129558503627777,0.0,0.0
long,off,9244,2,False,False,False,0.0014629065990447998,0.0,0.09233938902616501,0.0,0.0
long,off,9641,14,False,False,False,0.0010759532451629639,0.0,0.9755101203918457,0.0,0.0
long,off,10148,14,False,False,False,0.001592487096786499,0.0,0.9166295528411865,0.0,0.0
long,off,11441,13,False,False,False,0.00180855393409729,0.0,0.7537370920181274,2.384185791015625e-07,0.0
long,off,12767,14,False,False,False,0.0015087425708770752,0.0,0.7566287517547607,0.0,0.0
long,on,229,6,False,False,False,0.0017040073871612549,0.0,0.3140316903591156,0.0,0.0
long,on,270,8,False,False,False,0.0018121302127838135,0.0,0.5406438708305359,0.0,0.0
long,on,339,10,False,False,False,0.0009517371654510498,0.0,0.3643878102302551,0.0,0.0
long,on,340,11,False,False,False,0.0011186301708221436,0.0,0.5368297696113586,0.0,0.0
long,on,345,12,False,False,False,0.0018075406551361084,0.0,0.4960607588291168,0.0,0.0
long,on,375,13,False,False,False,0.0009227097034454346,0.0,0.897145688533783,0.0,0.0
long,on,399,14,False,False,False,0.0017546117305755615,0.0,1.1696090698242188,0.0,0.0
long,on,607,3,False,False,False,0.0006766915321350098,0.0,0.0,0.0,0.0
long,on,720,5,False,False,False,0.0015517175197601318,0.0,0.2920159101486206,0.0,0.0
long,on,804,9,False,False,False,0.0011878907680511475,0.0,0.6574694514274597,0.0,0.0
long,on,1069,13,False,False,False,0.001660078763961792,0.0,0.46113458275794983,0.0,0.0
long,on,1212,15,False,False,False,0.0013403594493865967,0.0,0.6870461702346802,0.0,0.0
long,on,1284,0,False,False,False,0.001524120569229126,0.0,0.0,0.0,0.0
long,on,1288,1,False,False,False,0.001393049955368042,0.0,0.0,0.0,0.0
long,on,1377,3,False,False,False,0.0014700591564178467,0.0,0.0,0.0,0.0
long,on,1458,5,False,False,False,0.001194685697555542,0.0,0.20194803178310394,0.0,0.0
long,on,1518,8,False,False,False,0.0011699497699737549,0.0,0.7940961122512817,0.0,0.0
long,on,1543,10,False,False,False,0.0011954009532928467,0.0,0.34015557169914246,0.0,0.0
long,on,1591,11,False,False,False,0.0008928477764129639,0.0,0.5271061658859253,0.0,0.0
long,on,1616,12,False,False,False,0.0013438165187835693,0.0,0.985444962978363,0.0,0.0
long,on,1779,1,False,False,False,0.0017539560794830322,0.0,0.0,0.0,0.0
long,on,1793,2,False,False,False,0.0009883344173431396,0.0,0.0,0.0,0.0
long,on,1830,3,False,False,False,0.0017032921314239502,0.0,6.332993507385254e-08,0.0,0.0
long,on,1834,4,False,False,False,0.0008455812931060791,0.0,0.5620477199554443,0.0,0.0
long,on,1887,5,False,False,False,0.0014435946941375732,0.0,0.3988441824913025,0.0,0.0
long,on,1966,6,False,False,False,0.0009612739086151123,0.0,0.38498783111572266,0.0,0.0
long,on,2049,7,False,False,False,0.0009678900241851807,0.0,0.3257140517234802,0.0,0.0
long,on,2141,8,False,False,False,0.0011650025844573975,0.0,0.32170119881629944,0.0,0.0
long,on,2171,9,False,False,False,0.001634448766708374,0.0,0.8071146607398987,0.0,0.0
long,on,2172,10,False,False,False,0.0009508430957794189,0.0,0.5109487771987915,0.0,0.0
long,on,2174,11,False,False,False,0.001576155424118042,0.0,0.5386528372764587,0.0,0.0
long,on,2181,12,False,False,False,0.0008419454097747803,0.0,0.7935640811920166,0.0,0.0
long,on,2221,14,False,False,False,0.0008744895458221436,0.0,0.4703238904476166,0.0,0.0
long,on,2387,15,False,False,False,0.0011901557445526123,0.0,0.6536685228347778,0.0,0.0
long,on,2419,0,False,False,False,0.001047581434249878,0.0,0.0,0.0,0.0
long,on,2435,1,False,False,False,0.0009553134441375732,0.0,0.0,0.0,0.0
long,on,2487,3,False,False,False,0.0013470351696014404,0.0,0.0,0.0,0.0
long,on,2520,4,False,False,False,0.0013078749179840088,0.0,0.33352404832839966,0.0,0.0
long,on,2592,6,False,False,False,0.001320958137512207,0.0,0.30728885531425476,0.0,0.0
long,on,2624,8,False,False,False,0.0012271106243133545,0.0,0.5955767035484314,0.0,0.0
long,on,2656,10,False,False,False,0.0012952983379364014,0.0,0.613896369934082,0.0,0.0
long,on,2932,15,False,False,False,0.0012145936489105225,0.0,0.6674844026565552,0.0,0.0
long,on,3033,2,False,False,False,0.0017171800136566162,0.0,0.0,0.0,0.0
long,on,3078,4,False,False,False,0.0017354190349578857,0.0,0.4798993468284607,0.0,0.0
long,on,3209,7,False,False,False,0.0008430778980255127,0.0,0.46582287549972534,0.0,0.0
long,on,3225,8,False,False,False,0.0013124644756317139,0.0,0.6608783602714539,0.0,0.0
long,on,3254,9,False,False,False,0.0008677542209625244,0.0,0.6052638292312622,0.0,0.0
long,on,3275,10,False,False,False,0.0008904635906219482,0.0,0.3666219115257263,0.0,0.0
long,on,3311,11,False,False,False,0.001046508550643921,0.0,0.4183383285999298,0.0,0.0
long,on,3331,12,False,False,False,0.001542121171951294,0.0,0.5605005025863647,0.0,0.0
long,on,3541,1,False,False,False,0.0012585818767547607,0.0,0.0,0.0,0.0
long,on,3618,3,False,False,False,0.0014297068119049072,0.0,0.0,0.0,0.0
long,on,3643,5,False,False,False,0.001226276159286499,0.0,0.40990304946899414,0.0,0.0
long,on,3822,8,False,False,False,0.001054137945175171,0.0,0.5947821140289307,0.0,0.0
long,on,3858,9,False,False,False,0.0010384023189544678,0.0,0.4331539273262024,0.0,0.0
long,on,3893,11,False,False,False,0.0010702311992645264,0.0,0.676129937171936,0.0,0.0
long,on,3982,12,False,False,False,0.0009681284427642822,0.0,0.6279944777488708,0.0,0.0
long,on,4035,13,False,False,False,0.0011349618434906006,0.0,0.6607062816619873,0.0,0.0
long,on,4082,15,False,False,False,0.0015644729137420654,0.0,0.7916418313980103,0.0,0.0
long,on,4168,1,False,False,False,0.0008302628993988037,0.0,0.0,0.0,0.0
long,on,4304,2,False,False,False,0.0015742480754852295,0.0,2.2351741790771484e-08,0.0,0.0
long,on,4320,4,False,False,False,0.0017585456371307373,0.0,0.22147823870182037,0.0,0.0
long,on,4358,5,False,False,False,0.0013727247714996338,0.0,0.38388150930404663,0.0,0.0
long,on,4408,7,False,False,False,0.0013616383075714111,0.0,0.36823055148124695,0.0,0.0
long,on,4469,9,False,False,False,0.0014302432537078857,0.0,0.5234003663063049,0.0,0.0
long,on,4522,10,False,False,False,0.0011630356311798096,0.0,0.6511043310165405,0.0,0.0
long,on,4763,1,False,False,False,0.0011349022388458252,0.0,0.0,0.0,0.0
long,on,4776,3,False,False,False,0.0010898411273956299,0.0,0.0,0.0,0.0
long,on,4804,5,False,False,False,0.0015994012355804443,0.0,0.25477761030197144,0.0,0.0
long,on,4823,6,False,False,False,0.0012620389461517334,0.0,0.39498448371887207,0.0,0.0
long,on,4830,7,False,False,False,0.0011685192584991455,0.0,0.3146178126335144,0.0,0.0
long,on,4852,8,False,False,False,0.0015992224216461182,0.0,0.4789162874221802,0.0,0.0
long,on,4955,12,False,False,False,0.0015371739864349365,0.0,0.9490628242492676,0.0,0.0
long,on,5111,14,False,False,False,0.0010760724544525146,0.0,0.7271677255630493,0.0,0.0
long,on,5188,0,False,False,False,0.0008920133113861084,0.0,0.0,0.0,0.0
long,on,5216,1,False,False,False,0.0012929141521453857,0.0,0.0,0.0,0.0
long,on,5259,2,False,False,False,0.001344054937362671,0.0,0.0,0.0,0.0
long,on,5287,3,False,False,False,0.001836150884628296,0.0,0.0,0.0,0.0
long,on,5496,9,False,False,False,0.001406162977218628,0.0,0.9563109874725342,0.0,0.0
long,on,5606,11,False,False,False,0.0016353428363800049,0.0,0.6155701279640198,0.0,0.0
long,on,5628,13,False,False,False,0.0013105571269989014,0.0,0.71021568775177,0.0,0.0
long,on,5646,15,False,False,False,0.001451939344406128,0.0,0.4707053601741791,0.0,0.0
long,on,5707,2,False,False,False,0.00160256028175354,0.0,0.0,0.0,0.0
long,on,5773,3,False,False,False,0.0009823739528656006,0.0,0.0,0.0,0.0
long,on,5787,4,False,False,False,0.001212090253829956,0.0,0.3716796040534973,0.0,0.0
long,on,5798,5,False,False,False,0.0012035667896270752,0.0,0.3665938973426819,0.0,0.0
long,on,5859,7,False,False,False,0.0013214647769927979,0.0,0.46064499020576477,0.0,0.0
long,on,5861,8,False,False,False,0.0010612905025482178,0.0,0.49681901931762695,0.0,0.0
long,on,5876,9,False,False,False,0.0009642541408538818,0.0,0.7180901765823364,0.0,0.0
long,on,5915,10,False,False,False,0.001444011926651001,0.0,0.4333789050579071,0.0,0.0
long,on,5939,11,False,False,False,0.0009019076824188232,0.0,0.5659323930740356,0.0,0.0
long,on,5973,12,False,False,False,0.0017577707767486572,0.0,0.7605728507041931,0.0,0.0
long,on,5975,13,False,False,False,0.0013765990734100342,0.0,0.6543527841567993,0.0,0.0
long,on,6092,0,False,False,False,0.001277536153793335,0.0,0.0,0.0,0.0
long,on,6100,1,False,False,False,0.001832813024520874,0.0,0.0,0.0,0.0
long,on,6249,4,False,False,False,0.0018484890460968018,0.0,0.5413726568222046,0.0,0.0
long,on,6255,5,False,False,False,0.001742333173751831,0.0,0.5099930763244629,0.0,0.0
long,on,6447,10,False,False,False,0.0008136928081512451,0.0,0.558876633644104,0.0,0.0
long,on,6523,12,False,False,False,0.0013003647327423096,0.0,0.7407298684120178,0.0,0.0
long,on,6537,13,False,False,False,0.0008228719234466553,0.0,0.9753495454788208,0.0,0.0
long,on,6596,0,False,False,False,0.0018161237239837646,0.0,0.0,0.0,0.0
long,on,6651,2,False,False,False,0.0009350478649139404,0.0,0.0,0.0,0.0
long,on,6775,6,False,False,False,0.001118093729019165,0.0,0.3171420097351074,0.0,0.0
long,on,6777,7,False,False,False,0.001201719045639038,0.0,0.23619069159030914,0.0,0.0
long,on,6783,9,False,False,False,0.0012676417827606201,0.0,0.7313176989555359,0.0,0.0
long,on,7192,4,False,False,False,0.0017299354076385498,0.0,0.4988783001899719,0.0,0.0
long,on,7280,6,False,False,False,0.0008588731288909912,0.0,0.2293936014175415,0.0,0.0
long,on,7344,11,False,False,False,0.0008488595485687256,0.0,0.3327361047267914,0.0,0.0
long,on,7385,14,False,False,False,0.0014384090900421143,0.0,0.6455596685409546,0.0,0.0
long,on,7390,15,False,False,False,0.001382976770401001,0.0,0.47765102982521057,0.0,0.0
long,on,7470,0,False,False,False,0.0010419189929962158,0.0,5.075708031654358e-08,0.0,0.0
long,on,7494,2,False,False,False,0.0010627210140228271,0.0,0.0,0.0,0.0
long,on,7540,4,False,False,False,0.0014772117137908936,0.0,0.4772317409515381,0.0,0.0
long,on,7576,6,False,False,False,0.0010471642017364502,0.0,0.31888511776924133,0.0,0.0
long,on,7581,7,False,False,False,0.0009032189846038818,0.0,0.23885256052017212,0.0,0.0
long,on,7701,13,False,False,False,0.0013665854930877686,0.0,0.7234362959861755,0.0,0.0
long,on,8503,14,False,False,False,0.0014056861400604248,0.0,0.556509792804718,0.0,0.0
long,on,8555,15,False,False,False,0.0017379224300384521,0.0,0.9616330862045288,0.0,0.0
long,on,8556,0,False,False,False,0.0009168088436126709,0.0,0.0,0.0,0.0
long,on,8618,6,False,False,False,0.0012294948101043701,0.0,0.42189669609069824,0.0,0.0
long,on,8765,7,False,False,False,0.0010364949703216553,0.0,0.4953305423259735,0.0,0.0
long,on,9088,15,False,False,False,0.0016425549983978271,0.0,0.7753838896751404,0.0,0.0
long,on,9208,0,False,False,False,0.0017102062702178955,0.0,8.940696716308594e-08,0.0,0.0
long,on,9244,2,False,False,False,0.0014825165271759033,0.0,0.0,0.0,0.0
long,on,9641,14,False,False,False,0.0011101067066192627,0.0,0.9802584052085876,0.0,0.0
long,on,10148,14,False,False,False,0.0016020238399505615,0.0,0.9170945286750793,0.0,0.0
long,on,11441,13,False,False,False,0.0018079578876495361,0.0,0.7604272961616516,2.384185791015625e-07,0.0
long,on,12767,14,False,False,False,0.0015310347080230713,0.0,0.7235407829284668,0.0,0.0
