lane,input_id,cell,replay_prefix_qualified,geometry_failure,force_failure,primary_failure,minimum_raw_gap_m,peak_all_arm_scalar_N,first_bad_macro,first_bad_substep,controlled_path_rad,four_arms_moved,supplementary_max_all74_hard_violation_rad,supplementary_max_all74_velocity_exceedance_rad_s,factor,full74_and_primary_pass,max_controlled_departure_rad
24,229,6,True,False,False,False,0.0017011463642120361,0.0,,,0.27700403332710266,True,0.0,0.0,baseline,True,0.02947327494621277
32,270,8,True,False,False,False,0.0018124282360076904,0.0,,,0.4500249922275543,True,0.0,0.0,baseline,True,0.09234929084777832
40,339,10,True,False,False,False,0.0009142458438873291,0.0,,,0.3677319288253784,True,0.0,0.0,baseline,True,0.04864692687988281
44,340,11,True,False,False,False,0.001097649335861206,0.0,,,0.4650631248950958,True,0.0,0.0,baseline,True,0.05004340410232544
48,345,12,True,False,False,False,0.0018081367015838623,0.0,,,0.46176213026046753,True,0.0,0.0,baseline,True,0.04248476028442383
52,375,13,True,False,False,False,0.0008768737316131592,0.0,,,0.8295478820800781,True,0.0,0.0,baseline,True,0.08658266067504883
56,399,14,True,False,False,False,0.0017539560794830322,0.0,,,0.953090250492096,True,0.0,0.0,baseline,True,0.1607215404510498
12,607,3,True,False,False,False,0.0006766915321350098,0.0,,,0.10106140375137329,False,0.0,0.0,baseline,True,0.04884004592895508
20,720,5,True,False,False,False,0.0015452802181243896,0.0,,,0.2641901671886444,True,0.0,0.0,baseline,True,0.025617480278015137
36,804,9,True,False,False,False,0.0011701881885528564,0.0,,,0.587425947189331,True,0.0,0.0,baseline,True,0.04812765121459961
53,1069,13,True,False,False,False,0.001638263463973999,0.0,,,0.43048006296157837,True,0.0,0.0,baseline,True,0.03628849983215332
60,1212,15,True,False,False,False,0.0013010203838348389,0.0,,,0.6201871037483215,True,0.0,0.0,baseline,True,0.05611526966094971
0,1284,0,True,False,False,False,0.001499861478805542,0.0,,,0.107403963804245,False,0.0,0.0,baseline,True,0.04142427444458008
4,1288,1,True,False,False,False,0.001349419355392456,0.0,,,0.08743143081665039,False,0.0,0.0,baseline,True,0.05076873302459717
13,1377,3,True,False,False,False,0.001455932855606079,0.0,,,0.08982473611831665,False,0.0,0.0,baseline,True,0.04228365421295166
21,1458,5,True,False,False,False,0.0011621415615081787,0.0,,,0.21676313877105713,True,0.0,0.0,baseline,True,0.047376811504364014
33,1518,8,True,False,False,False,0.001149684190750122,0.0,,,0.7000612020492554,True,0.0,0.0,baseline,True,0.07457151263952255
41,1543,10,True,False,False,False,0.0011621415615081787,0.0,,,0.368491530418396,True,0.0,0.0,baseline,True,0.050571441650390625
45,1591,11,True,False,False,False,0.0008639395236968994,0.0,,,0.47716084122657776,True,0.0,0.0,baseline,True,0.03503680229187012
49,1616,12,True,False,False,False,0.0013214647769927979,0.0,,,0.868456244468689,True,0.0,0.0,baseline,True,0.07457447052001953
5,1779,1,True,False,False,False,0.001748114824295044,0.0,,,0.04498240351676941,False,0.0,0.0,baseline,True,0.014407515525817871
8,1793,2,True,False,False,False,0.0009469687938690186,0.0,,,0.06620366126298904,False,0.0,0.0,baseline,True,0.0414578914642334
14,1830,3,True,False,False,False,0.0016849339008331299,0.0,,,0.10517020523548126,False,0.0,0.0,baseline,True,0.03326129913330078
16,1834,4,True,True,False,True,-0.0029862746596336365,0.0,6,0,0.5402002334594727,True,0.0,0.0,baseline,False,0.058145761489868164
22,1887,5,True,True,True,True,-0.019100651144981384,111.74329376220703,7,1,0.36697304248809814,True,0.0,0.0,baseline,False,0.03889882564544678
25,1966,6,True,False,False,False,0.0009223520755767822,0.0,,,0.3654822111129761,True,0.0,0.0,baseline,True,0.06043601036071777
28,2049,7,True,False,False,False,0.0009368956089019775,0.0,,,0.3270586133003235,True,0.0,0.0,baseline,True,0.05609845370054245
34,2141,8,True,False,False,False,0.0011548101902008057,0.0,,,0.2826128900051117,True,0.0,0.0,baseline,True,0.032125115394592285
37,2171,9,True,False,False,False,0.0016299188137054443,0.0,,,0.654941737651825,True,0.0,0.0,baseline,True,0.06724560260772705
42,2172,10,True,False,False,False,0.0009281337261199951,0.0,,,0.464925080537796,True,0.0,0.0,baseline,True,0.06657552719116211
46,2174,11,True,False,False,False,0.0015692412853240967,0.0,,,0.4955441653728485,True,0.0,0.0,baseline,True,0.05645132064819336
50,2181,12,True,False,False,False,0.0007896125316619873,0.0,,,0.7456772327423096,True,0.0,0.0,baseline,True,0.059922218322753906
57,2221,14,True,False,False,False,0.000858992338180542,0.0,,,0.43688100576400757,True,0.0,0.0,baseline,True,0.031481146812438965
61,2387,15,True,False,False,False,0.001147836446762085,0.0,,,0.6093631982803345,True,0.0,0.0,baseline,True,0.048450469970703125
1,2419,0,True,False,False,False,0.0010202229022979736,0.0,,,0.09893572330474854,False,0.0,0.0,baseline,True,0.041866302490234375
6,2435,1,True,False,False,False,0.0009181201457977295,0.0,,,0.07865174114704132,False,0.0,0.0,baseline,True,0.0372125543653965
15,2487,3,True,False,False,False,0.0013269484043121338,0.0,,,0.05013243854045868,False,0.0,0.0,baseline,True,0.022824734449386597
17,2520,4,True,False,False,False,0.0012738406658172607,0.0,,,0.33629608154296875,True,0.0,0.0,baseline,True,0.04264681041240692
26,2592,6,True,False,False,False,0.0013224780559539795,0.0,,,0.2887025475502014,True,0.0,0.0,baseline,True,0.05497312545776367
35,2624,8,True,False,False,False,0.0012088119983673096,0.0,,,0.5278109312057495,True,0.0,0.0,baseline,True,0.05394637584686279
43,2656,10,True,False,False,False,0.0007892996072769165,0.0,,,0.5880815982818604,True,0.0,0.0,baseline,True,0.0545201301574707
62,2932,15,True,False,False,False,0.0011782348155975342,0.0,,,0.6192174553871155,True,0.0,0.0,baseline,True,0.07983922958374023
9,3033,2,True,False,False,False,0.0016988813877105713,0.0,,,0.07414767146110535,False,0.0,0.0,baseline,True,0.03456521034240723
18,3078,4,True,False,False,False,0.0017212927341461182,0.0,,,0.4248120188713074,True,0.0,0.0,baseline,True,0.040357209742069244
29,3209,7,True,True,False,True,-0.00496663898229599,0.0,10,1,0.49055567383766174,True,0.0,0.0,baseline,False,0.05313396453857422
32,3225,8,True,False,False,False,0.001286536455154419,0.0,,,0.5949110984802246,True,0.0,0.0,baseline,True,0.05061265826225281
38,3254,9,True,True,False,True,-0.0016656145453453064,0.0,10,0,0.5537058711051941,True,0.0,0.0,baseline,False,0.053554415702819824
40,3275,10,True,True,False,True,-0.0030718743801116943,0.0,11,0,0.3705134093761444,True,0.0,0.0,baseline,False,0.05082409083843231
47,3311,11,True,False,False,False,0.0009967386722564697,0.0,,,0.3956538438796997,True,0.0,0.0,baseline,True,0.05347906053066254
51,3331,12,True,False,False,False,0.0015135705471038818,0.0,,,0.5331510305404663,True,0.0,0.0,baseline,True,0.042331695556640625
7,3541,1,True,False,False,False,0.001225203275680542,0.0,,,0.07066500186920166,False,0.0,0.0,baseline,True,0.03602027893066406
12,3618,3,True,False,False,False,0.0014117062091827393,0.0,,,0.05780009925365448,False,0.0,0.0,baseline,True,0.021708011627197266
23,3643,5,True,False,False,False,0.0011950433254241943,0.0,,,0.372869074344635,True,0.0,0.0,baseline,True,0.040837764739990234
33,3822,8,True,False,False,False,0.001032024621963501,0.0,,,0.5022343993186951,True,0.0,0.0,baseline,True,0.06432397663593292
39,3858,9,True,False,False,False,0.0010181963443756104,0.0,,,0.39667293429374695,True,0.0,0.0,baseline,True,0.0414351224899292
44,3893,11,True,False,False,False,0.001021355390548706,0.0,,,0.638128399848938,True,0.0,0.0,baseline,True,0.053452491760253906
48,3982,12,True,False,False,False,0.000947803258895874,0.0,,,0.5617856979370117,True,0.0,0.0,baseline,True,0.06921195983886719
54,4035,13,True,False,False,False,0.0011049211025238037,0.0,,,0.6236557364463806,True,0.0,0.0,baseline,True,0.0758969783782959
63,4082,15,True,False,False,False,0.0015438497066497803,0.0,,,0.6790196299552917,True,0.0,0.0,baseline,True,0.10941320657730103
4,4168,1,True,True,False,True,-0.0008348673582077026,0.0,7,1,0.10841876268386841,False,0.0,0.0,baseline,False,0.04824256896972656
10,4304,2,True,False,False,False,0.0015435516834259033,0.0,,,0.0881955474615097,False,0.0,0.0,baseline,True,0.04295063018798828
19,4320,4,True,False,False,False,0.001757115125656128,0.0,,,0.20163629949092865,True,0.0,0.0,baseline,True,0.021321892738342285
20,4358,5,True,False,False,False,0.0013611018657684326,0.0,,,0.3546380400657654,True,0.0,0.0,baseline,True,0.044267892837524414
30,4408,7,True,False,False,False,0.0013385117053985596,0.0,,,0.3650067150592804,True,0.0,0.0,baseline,True,0.040088653564453125
36,4469,9,True,False,False,False,0.0014202296733856201,0.0,,,0.4587291479110718,True,0.0,0.0,baseline,True,0.039445579051971436
41,4522,10,True,False,False,False,0.001152127981185913,0.0,,,0.5834499597549438,True,0.0,0.0,baseline,True,0.04865741729736328
5,4763,1,True,False,False,False,0.0010926425457000732,0.0,,,0.10911887884140015,False,0.0,0.0,baseline,True,0.043720245361328125
13,4776,3,True,False,False,False,0.0010515153408050537,0.0,,,0.09435296058654785,False,0.0,0.0,baseline,True,0.039258480072021484
21,4804,5,True,False,False,False,0.001574009656906128,0.0,,,0.304471880197525,True,0.0,0.0,baseline,True,0.04236859083175659
27,4823,6,True,False,False,False,0.0012151896953582764,0.0,,,0.3860644996166229,True,0.0,0.0,baseline,True,0.051142215728759766
31,4830,7,True,False,False,False,0.001147836446762085,0.0,,,0.299834668636322,True,0.0,0.0,baseline,True,0.032254934310913086
34,4852,8,True,False,False,False,0.0015749633312225342,0.0,,,0.4527011811733246,True,0.0,0.0,baseline,True,0.036163330078125
49,4955,12,True,False,False,False,0.0015269219875335693,0.0,,,0.7886385917663574,True,0.0,0.0,baseline,True,0.10378110408782959
58,5111,14,True,False,False,False,0.0010548532009124756,0.0,,,0.6429637670516968,True,0.0,0.0,baseline,True,0.04381841421127319
2,5188,0,True,False,False,False,0.0008662045001983643,0.0,,,0.06617739796638489,False,0.0,0.0,baseline,True,0.02580172009766102
6,5216,1,True,False,False,False,0.0012759268283843994,0.0,,,0.056053996086120605,False,0.0,0.0,baseline,True,0.018808841705322266
11,5259,2,True,False,False,False,0.0012994706630706787,0.0,,,0.09065961092710495,False,0.0,0.0,baseline,True,0.050238609313964844
14,5287,3,True,False,False,False,0.0018318593502044678,0.0,,,0.05724513530731201,False,0.0,0.0,baseline,True,0.019145965576171875
37,5496,9,True,False,False,False,0.0013800561428070068,0.0,,,0.8328773975372314,True,0.0,0.0,baseline,True,0.07325506210327148
45,5606,11,True,False,False,False,0.0016174018383026123,0.0,,,0.5457414388656616,True,0.0,0.0,baseline,True,0.07018768787384033
55,5628,13,True,False,False,False,0.0012718737125396729,0.0,,,0.6371738314628601,True,0.0,0.0,baseline,True,0.06152772903442383
60,5646,15,True,False,False,False,0.001442044973373413,0.0,,,0.4042324125766754,True,0.0,0.0,baseline,True,0.08137789368629456
8,5707,2,True,False,False,False,0.0015736520290374756,0.0,,,0.08723804354667664,False,0.0,0.0,baseline,True,0.04220128059387207
15,5773,3,True,False,False,False,0.0009337365627288818,0.0,,,0.08416628837585449,False,0.0,0.0,baseline,True,0.04889678955078125
16,5787,4,True,False,False,False,0.001168757677078247,0.0,,,0.38036617636680603,True,0.0,0.0,baseline,True,0.048918843269348145
22,5798,5,True,False,False,False,0.00036603212356567383,0.0,,,0.36338698863983154,True,0.0,0.0,baseline,True,0.05318078398704529
28,5859,7,True,False,False,False,0.001286238431930542,0.0,,,0.447769433259964,True,0.0,0.0,baseline,True,0.04352235794067383
35,5861,8,True,False,False,False,0.0010330379009246826,0.0,,,0.46123307943344116,True,0.0,0.0,baseline,True,0.08802938461303711
38,5876,9,True,False,False,False,0.0009119808673858643,0.0,,,0.6857025027275085,True,0.0,0.0,baseline,True,0.14055275917053223
42,5915,10,True,False,False,False,0.0014272630214691162,0.0,,,0.37887948751449585,True,0.0,0.0,baseline,True,0.038443565368652344
46,5939,11,True,True,False,True,-0.0034828782081604004,0.0,12,1,0.5365728139877319,True,0.0,0.0,baseline,False,0.043063580989837646
50,5973,12,True,False,False,False,0.0017479360103607178,0.0,,,0.6829792857170105,True,0.0,0.0,baseline,True,0.0975193977355957
52,5975,13,True,False,False,False,0.001347273588180542,0.0,,,0.5951559543609619,True,0.0,0.0,baseline,True,0.0829463005065918
3,6092,0,True,False,False,False,0.0012610852718353271,0.0,,,0.08171725273132324,False,0.0,0.0,baseline,True,0.03152608871459961
7,6100,1,True,False,False,False,0.0018278062343597412,0.0,,,0.07183480262756348,False,0.0,0.0,baseline,True,0.02112722396850586
17,6249,4,True,False,False,False,0.0018498003482818604,0.0,,,0.46324145793914795,True,0.0,0.0,baseline,True,0.04158949851989746
23,6255,5,True,False,False,False,0.001726776361465454,0.0,,,0.4786638021469116,True,0.0,0.0,baseline,True,0.03811311721801758
43,6447,10,True,True,False,True,-0.006401225924491882,0.0,6,0,0.5327725410461426,True,0.0,0.0,baseline,False,0.0601046085357666
51,6523,12,True,False,False,False,0.001280456781387329,0.0,,,0.6273015141487122,True,0.0,0.0,baseline,True,0.08262109756469727
53,6537,13,True,True,False,True,-0.00705014169216156,0.0,11,0,0.8389478325843811,True,0.0,0.0,baseline,False,0.0899321436882019
0,6596,0,True,False,False,False,0.00181540846824646,0.0,,,0.05040693283081055,False,0.0,0.0,baseline,True,0.01990818977355957
9,6651,2,True,False,False,False,0.0008809268474578857,0.0,,,0.131943941116333,False,0.0,0.0,baseline,True,0.05420041084289551
24,6775,6,True,False,False,False,0.0010779201984405518,0.0,,,0.36278587579727173,True,0.0,0.0,baseline,True,0.045941829681396484
29,6777,7,True,False,False,False,0.0011776983737945557,0.0,,,0.22363552451133728,True,0.0,0.0,baseline,True,0.030433163046836853
39,6783,9,True,False,False,False,0.0012357532978057861,0.0,,,0.6457257270812988,True,0.0,0.0,baseline,True,0.04934859275817871
18,7192,4,True,False,False,False,0.0017283856868743896,0.0,,,0.4251943826675415,True,0.0,0.0,baseline,True,0.05007374286651611
25,7280,6,True,True,False,True,-0.005768321454524994,0.0,6,1,0.23725299537181854,True,0.0,0.0,baseline,False,0.0315852165222168
47,7344,11,True,False,False,False,0.0008225142955780029,0.0,,,0.3165662884712219,True,0.0,0.0,baseline,True,0.03488492965698242
59,7385,14,True,False,False,False,0.0014255344867706299,0.0,,,0.5410020351409912,True,0.0,0.0,baseline,True,0.09178900718688965
61,7390,15,True,False,False,False,0.001382976770401001,0.0,,,0.4657944440841675,True,0.0,0.0,baseline,True,0.04318970441818237
1,7470,0,True,False,False,False,0.0010114610195159912,0.0,,,0.09524908661842346,False,0.0,0.0,baseline,True,0.04394173622131348
10,7494,2,True,False,False,False,0.001040428876876831,0.0,,,0.08517906069755554,False,0.0,0.0,baseline,True,0.03165936470031738
19,7540,4,True,False,False,False,0.0014584362506866455,0.0,,,0.42255616188049316,True,0.0,0.0,baseline,True,0.04547750949859619
26,7576,6,True,False,False,False,0.0010090172290802002,0.0,,,0.3278842270374298,True,0.0,0.0,baseline,True,0.03999781608581543
30,7581,7,True,False,False,False,0.0008626282215118408,0.0,,,0.27824950218200684,True,0.0,0.0,baseline,True,0.04110860824584961
54,7701,13,True,False,False,False,0.0013594329357147217,0.0,,,0.5990360975265503,True,0.0,0.0,baseline,True,0.07145479321479797
56,8503,14,True,False,False,False,0.0013889968395233154,0.0,,,0.4574241638183594,True,0.0,0.0,baseline,True,0.11784256249666214
62,8555,15,True,False,False,False,0.0017288625240325928,0.0,,,0.8197057247161865,True,0.0,0.0,baseline,True,0.08004426956176758
2,8556,0,True,False,False,False,0.0008645951747894287,0.0,,,0.09892507642507553,False,0.0,0.0,baseline,True,0.052153587341308594
27,8618,6,True,False,False,False,0.00119742751121521,0.0,,,0.40799880027770996,True,0.0,0.0,baseline,True,0.05932331085205078
31,8765,7,True,False,False,False,0.0010128319263458252,0.0,,,0.4303187131881714,True,0.0,0.0,baseline,True,0.04153406620025635
63,9088,15,True,False,False,False,0.0016247928142547607,0.0,,,0.7058911919593811,True,0.0,0.0,baseline,True,0.061058998107910156
3,9208,0,True,False,False,False,0.0016925036907196045,0.0,,,0.08861210942268372,False,0.0,0.0,baseline,True,0.03289318084716797
11,9244,2,True,False,False,False,0.0014629065990447998,0.0,,,0.08295338600873947,False,0.0,0.0,baseline,True,0.031021595001220703
57,9641,14,True,False,False,False,0.0010760128498077393,0.0,,,0.867279052734375,True,0.0,0.0,baseline,True,0.0807037353515625
58,10148,14,True,False,False,False,0.001592487096786499,0.0,,,0.7907225489616394,True,0.0,0.0,baseline,True,0.08954258263111115
55,11441,13,True,False,False,False,0.00180855393409729,0.0,,,0.6700239181518555,True,2.384185791015625e-07,0.0,baseline,True,0.06861734390258789
59,12767,14,True,False,False,False,0.0015087425708770752,0.0,,,0.674586832523346,True,0.0,0.0,baseline,True,0.09739494323730469
24,229,6,True,False,False,False,0.0017010867595672607,0.0,,,0.04741328954696655,False,0.0,0.0,zero_arm_velocity,True,0.013885736465454102
32,270,8,True,False,False,False,0.0018162429332733154,0.0,,,0.047194093465805054,False,0.0,0.0,zero_arm_velocity,True,0.015442490577697754
40,339,10,True,False,False,False,0.0009149014949798584,0.0,,,0.09841403365135193,False,0.0,0.0,zero_arm_velocity,True,0.04799032211303711
44,340,11,True,False,False,False,0.0011064708232879639,0.0,,,0.06977230310440063,False,0.0,0.0,zero_arm_velocity,True,0.04100051522254944
48,345,12,True,False,False,False,0.0018077194690704346,0.0,,,0.05166304111480713,False,0.0,0.0,zero_arm_velocity,True,0.017887115478515625
52,375,13,True,False,False,False,0.0008798539638519287,0.0,,,0.10511571168899536,False,0.0,0.0,zero_arm_velocity,True,0.047029972076416016
56,399,14,True,False,False,False,0.0017540156841278076,0.0,,,0.06318143010139465,False,0.0,0.0,zero_arm_velocity,True,0.028287768363952637
12,607,3,True,False,False,False,0.0006766915321350098,0.0,,,0.10106140375137329,False,0.0,0.0,zero_arm_velocity,True,0.04884004592895508
20,720,5,True,False,False,False,0.0015452206134796143,0.0,,,0.03466227650642395,False,0.0,0.0,zero_arm_velocity,True,0.01501607894897461
36,804,9,True,False,False,False,0.0011744201183319092,0.0,,,0.06465432047843933,False,0.0,0.0,zero_arm_velocity,True,0.029202044010162354
53,1069,13,True,False,False,False,0.0016383826732635498,0.0,,,0.07509244978427887,False,0.0,0.0,zero_arm_velocity,True,0.03608536720275879
60,1212,15,True,False,False,False,0.0013019144535064697,0.0,,,0.12464296817779541,False,0.0,0.0,zero_arm_velocity,True,0.045433104038238525
0,1284,0,True,False,False,False,0.001499861478805542,0.0,,,0.107403963804245,False,0.0,0.0,zero_arm_velocity,True,0.04142427444458008
4,1288,1,True,False,False,False,0.001349419355392456,0.0,,,0.08743143081665039,False,0.0,0.0,zero_arm_velocity,True,0.05076873302459717
13,1377,3,True,False,False,False,0.001455932855606079,0.0,,,0.08982473611831665,False,0.0,0.0,zero_arm_velocity,True,0.04228365421295166
21,1458,5,True,False,False,False,0.0011638104915618896,0.0,,,0.07770900428295135,False,0.0,0.0,zero_arm_velocity,True,0.04562580585479736
33,1518,8,True,False,False,False,0.0011636912822723389,0.0,,,0.10565434396266937,False,0.0,0.0,zero_arm_velocity,True,0.03987288475036621
41,1543,10,True,False,False,False,0.0011640489101409912,0.0,,,0.1307368278503418,False,0.0,0.0,zero_arm_velocity,True,0.04855680465698242
45,1591,11,True,False,False,False,0.0008644759654998779,0.0,,,0.06476831436157227,False,0.0,0.0,zero_arm_velocity,True,0.029042720794677734
49,1616,12,True,False,False,False,0.001345127820968628,0.0,,,0.07902795076370239,False,0.0,0.0,zero_arm_velocity,True,0.047730207443237305
5,1779,1,True,False,False,False,0.001748114824295044,0.0,,,0.04498240351676941,False,0.0,0.0,zero_arm_velocity,True,0.014407515525817871
8,1793,2,True,False,False,False,0.0009469687938690186,0.0,,,0.06620366126298904,False,0.0,0.0,zero_arm_velocity,True,0.0414578914642334
14,1830,3,True,False,False,False,0.0016849339008331299,0.0,,,0.10517020523548126,False,0.0,0.0,zero_arm_velocity,True,0.03326129913330078
16,1834,4,False,True,False,True,-0.0030630454421043396,0.0,4,0,0.10993561148643494,False,0.0,0.0,zero_arm_velocity,False,0.054047584533691406
22,1887,5,False,True,True,True,-0.019100651144981384,67.40564727783203,3,1,0.09971655905246735,False,0.0,0.0,zero_arm_velocity,False,0.03893309831619263
25,1966,6,True,False,False,False,0.0009274184703826904,0.0,,,0.08810131251811981,False,0.0,0.0,zero_arm_velocity,True,0.055405616760253906
28,2049,7,True,False,False,False,0.000945359468460083,0.0,,,0.11407177895307541,False,0.0,0.0,zero_arm_velocity,True,0.047593481838703156
34,2141,8,True,False,False,False,0.0011549293994903564,0.0,,,0.04970341920852661,False,0.0,0.0,zero_arm_velocity,True,0.01945480704307556
37,2171,9,True,False,False,False,0.0016300380229949951,0.0,,,0.04458296298980713,False,0.0,0.0,zero_arm_velocity,True,0.014906167984008789
42,2172,10,True,False,False,False,0.0009530484676361084,0.0,,,0.06913197040557861,False,0.0,0.0,zero_arm_velocity,True,0.04174304008483887
46,2174,11,True,False,False,False,0.0015691816806793213,0.0,,,0.04821239411830902,False,0.0,0.0,zero_arm_velocity,True,0.013157010078430176
50,2181,12,True,False,False,False,0.0007940232753753662,0.0,,,0.12452545762062073,False,0.0,0.0,zero_arm_velocity,True,0.05541491508483887
57,2221,14,True,False,False,False,0.000858992338180542,0.0,,,0.04952611029148102,False,0.0,0.0,zero_arm_velocity,True,0.015874862670898438
61,2387,15,True,False,False,False,0.0011493861675262451,0.0,,,0.0980454683303833,False,0.0,0.0,zero_arm_velocity,True,0.045922040939331055
1,2419,0,True,False,False,False,0.0010202229022979736,0.0,,,0.09893572330474854,False,0.0,0.0,zero_arm_velocity,True,0.041866302490234375
6,2435,1,True,False,False,False,0.0009181201457977295,0.0,,,0.07865174114704132,False,0.0,0.0,zero_arm_velocity,True,0.0372125543653965
15,2487,3,True,False,False,False,0.0013269484043121338,0.0,,,0.05013243854045868,False,0.0,0.0,zero_arm_velocity,True,0.022824734449386597
17,2520,4,True,False,False,False,0.0012738406658172607,0.0,,,0.07758504152297974,False,0.0,0.0,zero_arm_velocity,True,0.03828001022338867
26,2592,6,True,False,False,False,0.0014001280069351196,0.0,,,0.07081302255392075,False,0.0,0.0,zero_arm_velocity,True,0.03755331039428711
35,2624,8,True,False,False,False,0.0012141168117523193,0.0,,,0.07637420296669006,False,0.0,0.0,zero_arm_velocity,True,0.034469157457351685
43,2656,10,True,False,False,False,0.0007386952638626099,0.0,,,0.1032332181930542,False,0.0,0.0,zero_arm_velocity,True,0.04911947250366211
62,2932,15,True,False,False,False,0.001180022954940796,0.0,,,0.1282915621995926,False,0.0,0.0,zero_arm_velocity,True,0.04743385314941406
9,3033,2,True,False,False,False,0.0016988813877105713,0.0,,,0.07414767146110535,False,0.0,0.0,zero_arm_velocity,True,0.03456521034240723
18,3078,4,True,False,False,False,0.0017215311527252197,0.0,,,0.04549300670623779,False,0.0,0.0,zero_arm_velocity,True,0.028872013092041016
29,3209,7,True,True,False,True,-0.0037356242537498474,0.0,7,0,0.13648110628128052,False,0.0,0.0,zero_arm_velocity,False,0.049430131912231445
32,3225,8,True,False,False,False,0.001290053129196167,0.0,,,0.10988423973321915,False,0.0,0.0,zero_arm_velocity,True,0.04676002264022827
38,3254,9,True,True,False,True,-0.0015101656317710876,0.0,7,0,0.07529059052467346,False,0.0,0.0,zero_arm_velocity,False,0.030313720926642418
40,3275,10,True,True,False,True,-0.002327166497707367,0.0,8,1,0.11054748296737671,False,0.0,0.0,zero_arm_velocity,False,0.04904434457421303
47,3311,11,True,False,False,False,0.000997990369796753,0.0,,,0.09944309294223785,False,0.0,0.0,zero_arm_velocity,True,0.05213518440723419
51,3331,12,True,False,False,False,0.0015152394771575928,0.0,,,0.0975363552570343,False,0.0,0.0,zero_arm_velocity,True,0.03992891311645508
7,3541,1,True,False,False,False,0.001225203275680542,0.0,,,0.07066500186920166,False,0.0,0.0,zero_arm_velocity,True,0.03602027893066406
12,3618,3,True,False,False,False,0.0014117062091827393,0.0,,,0.05780009925365448,False,0.0,0.0,zero_arm_velocity,True,0.021708011627197266
23,3643,5,True,False,False,False,0.0011952221393585205,0.0,,,0.08344127982854843,False,0.0,0.0,zero_arm_velocity,True,0.0337451696395874
33,3822,8,True,False,False,False,0.0010330379009246826,0.0,,,0.05313779413700104,False,0.0,0.0,zero_arm_velocity,True,0.03183189034461975
39,3858,9,True,False,False,False,0.0010183155536651611,0.0,,,0.0848248302936554,False,0.0,0.0,zero_arm_velocity,True,0.03172922134399414
44,3893,11,True,False,False,False,0.0010232031345367432,0.0,,,0.13294681906700134,False,0.0,0.0,zero_arm_velocity,True,0.051389217376708984
48,3982,12,True,False,False,False,0.0009795129299163818,0.0,,,0.08265326917171478,False,0.0,0.0,zero_arm_velocity,True,0.03733682632446289
54,4035,13,True,False,False,False,0.00110664963722229,0.0,,,0.09109652042388916,False,0.0,0.0,zero_arm_velocity,True,0.031852006912231445
63,4082,15,True,False,False,False,0.0015446245670318604,0.0,,,0.08234243094921112,False,0.0,0.0,zero_arm_velocity,True,0.040782392024993896
4,4168,1,True,True,False,True,-0.0008348673582077026,0.0,7,1,0.10841876268386841,False,0.0,0.0,zero_arm_velocity,False,0.04824256896972656
10,4304,2,True,False,False,False,0.0015435516834259033,0.0,,,0.0881955474615097,False,0.0,0.0,zero_arm_velocity,True,0.04295063018798828
19,4320,4,True,False,False,False,0.001757115125656128,0.0,,,0.029330745339393616,False,0.0,0.0,zero_arm_velocity,True,0.010781288146972656
20,4358,5,True,False,False,False,0.0013611018657684326,0.0,,,0.0929328203201294,False,0.0,0.0,zero_arm_velocity,True,0.04259920120239258
30,4408,7,True,False,False,False,0.0013395249843597412,0.0,,,0.10366801917552948,False,0.0,0.0,zero_arm_velocity,True,0.03785538673400879
36,4469,9,True,False,False,False,0.001420348882675171,0.0,,,0.05854356288909912,False,0.0,0.0,zero_arm_velocity,True,0.015327930450439453
41,4522,10,True,False,False,False,0.0011763274669647217,0.0,,,0.051691532135009766,False,0.0,0.0,zero_arm_velocity,True,0.023166656494140625
5,4763,1,True,False,False,False,0.0010926425457000732,0.0,,,0.10911887884140015,False,0.0,0.0,zero_arm_velocity,True,0.043720245361328125
13,4776,3,True,False,False,False,0.0010515153408050537,0.0,,,0.09435296058654785,False,0.0,0.0,zero_arm_velocity,True,0.039258480072021484
21,4804,5,True,False,False,False,0.0015740692615509033,0.0,,,0.1236068606376648,False,0.0,0.0,zero_arm_velocity,True,0.042314350605010986
27,4823,6,True,False,False,False,0.0012151896953582764,0.0,,,0.07999947667121887,False,0.0,0.0,zero_arm_velocity,True,0.0511171817779541
31,4830,7,True,False,False,False,0.0011477172374725342,0.0,,,0.06420862674713135,False,0.0,0.0,zero_arm_velocity,True,0.021712303161621094
34,4852,8,True,False,False,False,0.0015752017498016357,0.0,,,0.0802401751279831,False,0.0,0.0,zero_arm_velocity,True,0.03574562072753906
49,4955,12,True,False,False,False,0.001527637243270874,0.0,,,0.04531314969062805,False,0.0,0.0,zero_arm_velocity,True,0.014224529266357422
58,5111,14,True,False,False,False,0.0010593831539154053,0.0,,,0.06554268300533295,False,0.0,0.0,zero_arm_velocity,True,0.03296290338039398
2,5188,0,True,False,False,False,0.0008662045001983643,0.0,,,0.06617739796638489,False,0.0,0.0,zero_arm_velocity,True,0.02580172009766102
6,5216,1,True,False,False,False,0.0012759268283843994,0.0,,,0.056053996086120605,False,0.0,0.0,zero_arm_velocity,True,0.018808841705322266
11,5259,2,True,False,False,False,0.0012994706630706787,0.0,,,0.09065961092710495,False,0.0,0.0,zero_arm_velocity,True,0.050238609313964844
14,5287,3,True,False,False,False,0.0018318593502044678,0.0,,,0.05724513530731201,False,0.0,0.0,zero_arm_velocity,True,0.019145965576171875
37,5496,9,True,False,False,False,0.0013857781887054443,0.0,,,0.1052771806716919,False,0.0,0.0,zero_arm_velocity,True,0.0382537841796875
45,5606,11,True,False,False,False,0.0016174018383026123,0.0,,,0.07554766535758972,False,0.0,0.0,zero_arm_velocity,True,0.028199076652526855
55,5628,13,True,False,False,False,0.0012759864330291748,0.0,,,0.08844655752182007,False,0.0,0.0,zero_arm_velocity,True,0.04449772834777832
60,5646,15,True,False,False,False,0.001442044973373413,0.0,,,0.062349021434783936,False,0.0,0.0,zero_arm_velocity,True,0.024170875549316406
8,5707,2,True,False,False,False,0.0015736520290374756,0.0,,,0.08723804354667664,False,0.0,0.0,zero_arm_velocity,True,0.04220128059387207
15,5773,3,True,False,False,False,0.0009337365627288818,0.0,,,0.08416628837585449,False,0.0,0.0,zero_arm_velocity,True,0.04889678955078125
16,5787,4,True,False,False,False,0.0011692345142364502,0.0,,,0.08679118007421494,False,0.0,0.0,zero_arm_velocity,True,0.048387378454208374
22,5798,5,True,False,False,False,0.0011576712131500244,0.0,,,0.08691668510437012,False,0.0,0.0,zero_arm_velocity,True,0.05166345834732056
28,5859,7,True,False,False,False,0.0012886226177215576,0.0,,,0.09723833203315735,False,0.0,0.0,zero_arm_velocity,True,0.040907859802246094
35,5861,8,True,False,False,False,0.0010331571102142334,0.0,,,0.05947170406579971,False,0.0,0.0,zero_arm_velocity,True,0.029837846755981445
38,5876,9,True,False,False,False,0.0009128153324127197,0.0,,,0.11997926235198975,False,0.0,0.0,zero_arm_velocity,True,0.053833961486816406
42,5915,10,True,False,False,False,0.0014302432537078857,0.0,,,0.061722785234451294,False,0.0,0.0,zero_arm_velocity,True,0.0347132682800293
46,5939,11,True,True,False,True,-0.0021886825561523438,0.0,10,1,0.09950017929077148,False,0.0,0.0,zero_arm_velocity,False,0.041714489459991455
50,5973,12,True,False,False,False,0.0017795860767364502,0.0,,,0.05352604389190674,False,0.0,0.0,zero_arm_velocity,True,0.024285316467285156
52,5975,13,True,False,False,False,0.001347869634628296,0.0,,,0.10829240083694458,False,0.0,0.0,zero_arm_velocity,True,0.03799492120742798
3,6092,0,True,False,False,False,0.0012610852718353271,0.0,,,0.08171725273132324,False,0.0,0.0,zero_arm_velocity,True,0.03152608871459961
7,6100,1,True,False,False,False,0.0018278062343597412,0.0,,,0.07183480262756348,False,0.0,0.0,zero_arm_velocity,True,0.02112722396850586
17,6249,4,True,False,False,False,0.0018487274646759033,0.0,,,0.061885252594947815,False,0.0,0.0,zero_arm_velocity,True,0.014876842498779297
23,6255,5,True,False,False,False,0.0017285645008087158,0.0,,,0.08867062628269196,False,0.0,0.0,zero_arm_velocity,True,0.03447437286376953
43,6447,10,False,True,False,True,-0.006194278597831726,0.0,2,1,0.09997741878032684,False,0.0,0.0,zero_arm_velocity,False,0.039034366607666016
51,6523,12,True,False,False,False,0.001281052827835083,0.0,,,0.07442085444927216,False,0.0,0.0,zero_arm_velocity,True,0.0230865478515625
53,6537,13,False,True,False,True,-0.005333110690116882,0.0,5,1,0.09968997538089752,False,0.0,0.0,zero_arm_velocity,False,0.05389213562011719
0,6596,0,True,False,False,False,0.00181540846824646,0.0,,,0.05040693283081055,False,0.0,0.0,zero_arm_velocity,True,0.01990818977355957
9,6651,2,True,False,False,False,0.0008809268474578857,0.0,,,0.131943941116333,False,0.0,0.0,zero_arm_velocity,True,0.05420041084289551
24,6775,6,True,False,False,False,0.0010779798030853271,0.0,,,0.12654328346252441,False,0.0,0.0,zero_arm_velocity,True,0.045529693365097046
29,6777,7,True,False,False,False,0.0011776983737945557,0.0,,,0.053710222244262695,False,0.0,0.0,zero_arm_velocity,True,0.02551102638244629
39,6783,9,True,False,False,False,0.001237422227859497,0.0,,,0.11012916266918182,False,0.0,0.0,zero_arm_velocity,True,0.04759955406188965
18,7192,4,True,False,False,False,0.0017386376857757568,0.0,,,0.06425994634628296,False,0.0,0.0,zero_arm_velocity,True,0.028697967529296875
25,7280,6,False,True,False,True,-0.00568004697561264,0.0,4,0,0.06308969855308533,False,0.0,0.0,zero_arm_velocity,False,0.03136587142944336
47,7344,11,True,False,False,False,0.0008223950862884521,0.0,,,0.07404401898384094,False,0.0,0.0,zero_arm_velocity,True,0.030385255813598633
59,7385,14,True,False,False,False,0.0014303624629974365,0.0,,,0.05165158212184906,False,0.0,0.0,zero_arm_velocity,True,0.030513525009155273
61,7390,15,True,False,False,False,0.0014828741550445557,0.0,,,0.0924977958202362,False,0.0,0.0,zero_arm_velocity,True,0.03910708427429199
1,7470,0,True,False,False,False,0.0010114610195159912,0.0,,,0.09524908661842346,False,0.0,0.0,zero_arm_velocity,True,0.04394173622131348
10,7494,2,True,False,False,False,0.001040428876876831,0.0,,,0.08517906069755554,False,0.0,0.0,zero_arm_velocity,True,0.03165936470031738
19,7540,4,True,False,False,False,0.0014650523662567139,0.0,,,0.08050888776779175,False,0.0,0.0,zero_arm_velocity,True,0.03730887174606323
26,7576,6,True,False,False,False,0.001009613275527954,0.0,,,0.09001722931861877,False,0.0,0.0,zero_arm_velocity,True,0.03937196731567383
30,7581,7,True,False,False,False,0.0008629262447357178,0.0,,,0.10476922988891602,False,0.0,0.0,zero_arm_velocity,True,0.04087114334106445
54,7701,13,True,False,False,False,0.0013912022113800049,0.0,,,0.07138818502426147,False,0.0,0.0,zero_arm_velocity,True,0.022820472717285156
56,8503,14,True,False,False,False,0.0013891756534576416,0.0,,,0.05194270610809326,False,0.0,0.0,zero_arm_velocity,True,0.025426864624023438
62,8555,15,True,False,False,False,0.0017339885234832764,0.0,,,0.06328633427619934,False,0.0,0.0,zero_arm_velocity,True,0.03244209289550781
2,8556,0,True,False,False,False,0.0008645951747894287,0.0,,,0.09892507642507553,False,0.0,0.0,zero_arm_velocity,True,0.052153587341308594
27,8618,6,True,False,False,False,0.0012048780918121338,0.0,,,0.09216897189617157,False,0.0,0.0,zero_arm_velocity,True,0.051442861557006836
31,8765,7,True,False,False,False,0.0010131299495697021,0.0,,,0.06815896183252335,False,0.0,0.0,zero_arm_velocity,True,0.024081945419311523
63,9088,15,True,False,False,False,0.0016250312328338623,0.0,,,0.047923147678375244,False,0.0,0.0,zero_arm_velocity,True,0.0280911922454834
3,9208,0,True,False,False,False,0.0016925036907196045,0.0,,,0.08861210942268372,False,0.0,0.0,zero_arm_velocity,True,0.03289318084716797
11,9244,2,True,False,False,False,0.0014629065990447998,0.0,,,0.08295338600873947,False,0.0,0.0,zero_arm_velocity,True,0.031021595001220703
57,9641,14,True,False,False,False,0.0010807216167449951,0.0,,,0.06617370247840881,False,0.0,0.0,zero_arm_velocity,True,0.03682589530944824
58,10148,14,True,False,False,False,0.0016171634197235107,0.0,,,0.09136024117469788,False,0.0,0.0,zero_arm_velocity,True,0.030230045318603516
55,11441,13,True,False,False,False,0.0018079578876495361,0.0,,,0.054689258337020874,False,0.0,0.0,zero_arm_velocity,True,0.016386032104492188
59,12767,14,True,False,False,False,0.001550048589706421,0.0,,,0.10940772294998169,False,0.0,0.0,zero_arm_velocity,True,0.04216718673706055
24,229,6,True,False,False,False,0.0017011463642120361,0.0,,,0.27700433135032654,True,0.0,0.0,matched_hand_target,True,0.02947327494621277
32,270,8,True,False,False,False,0.0018124282360076904,0.0,,,0.45002439618110657,True,0.0,0.0,matched_hand_target,True,0.09234929084777832
40,339,10,True,False,False,False,0.0009143054485321045,0.0,,,0.36773091554641724,True,0.0,0.0,matched_hand_target,True,0.04864645004272461
44,340,11,True,False,False,False,0.001097649335861206,0.0,,,0.46506428718566895,True,0.0,0.0,matched_hand_target,True,0.050043389201164246
48,345,12,True,False,False,False,0.0018081367015838623,0.0,,,0.46176308393478394,True,0.0,0.0,matched_hand_target,True,0.04248476028442383
52,375,13,True,False,False,False,0.0008768737316131592,0.0,,,0.8295506238937378,True,0.0,0.0,matched_hand_target,True,0.08658409118652344
56,399,14,True,False,False,False,0.0017539560794830322,0.0,,,0.9530900716781616,True,0.0,0.0,matched_hand_target,True,0.1607215404510498
12,607,3,True,False,False,False,0.0006766915321350098,0.0,,,0.10106053948402405,False,0.0,0.0,matched_hand_target,True,0.04884004592895508
20,720,5,True,False,False,False,0.0015452802181243896,0.0,,,0.26419395208358765,True,0.0,0.0,matched_hand_target,True,0.025617480278015137
36,804,9,True,False,False,False,0.0011701881885528564,0.0,,,0.587425947189331,True,0.0,0.0,matched_hand_target,True,0.04812765121459961
53,1069,13,True,False,False,False,0.001638263463973999,0.0,,,0.4304804801940918,True,0.0,0.0,matched_hand_target,True,0.03628849983215332
60,1212,15,True,False,False,False,0.0013010203838348389,0.0,,,0.6201854348182678,True,0.0,0.0,matched_hand_target,True,0.05611526966094971
0,1284,0,True,False,False,False,0.001499861478805542,0.0,,,0.10740458965301514,False,0.0,0.0,matched_hand_target,True,0.04142427444458008
4,1288,1,True,False,False,False,0.001349419355392456,0.0,,,0.08743119239807129,False,0.0,0.0,matched_hand_target,True,0.05076885223388672
13,1377,3,True,False,False,False,0.001455932855606079,0.0,,,0.08982434868812561,False,0.0,0.0,matched_hand_target,True,0.04228365421295166
21,1458,5,True,False,False,False,0.0011621415615081787,0.0,,,0.21676361560821533,True,0.0,0.0,matched_hand_target,True,0.047376781702041626
33,1518,8,True,False,False,False,0.001149684190750122,0.0,,,0.7000604867935181,True,0.0,0.0,matched_hand_target,True,0.07457151263952255
41,1543,10,True,False,False,False,0.0011621415615081787,0.0,,,0.36849018931388855,True,0.0,0.0,matched_hand_target,True,0.050571441650390625
45,1591,11,True,False,False,False,0.0008639395236968994,0.0,,,0.4771595299243927,True,0.0,0.0,matched_hand_target,True,0.03503680229187012
49,1616,12,True,False,False,False,0.0013215243816375732,0.0,,,0.8684535622596741,True,0.0,0.0,matched_hand_target,True,0.0745742917060852
5,1779,1,True,False,False,False,0.0017481744289398193,0.0,,,0.044981181621551514,False,0.0,0.0,matched_hand_target,True,0.014407515525817871
8,1793,2,True,False,False,False,0.0009469687938690186,0.0,,,0.06620331108570099,False,0.0,0.0,matched_hand_target,True,0.0414578914642334
14,1830,3,True,False,False,False,0.0016849339008331299,0.0,,,0.10516893863677979,False,0.0,0.0,matched_hand_target,True,0.03326129913330078
16,1834,4,True,True,False,True,-0.0029862746596336365,0.0,6,0,0.5402005910873413,True,0.0,0.0,matched_hand_target,False,0.058145761489868164
22,1887,5,True,True,True,True,-0.019100651144981384,111.7522201538086,7,1,0.36697474122047424,True,0.0,0.0,matched_hand_target,False,0.0388982892036438
25,1966,6,True,False,False,False,0.0009222924709320068,0.0,,,0.36548280715942383,True,0.0,0.0,matched_hand_target,True,0.060436248779296875
28,2049,7,True,False,False,False,0.0009368956089019775,0.0,,,0.32705774903297424,True,0.0,0.0,matched_hand_target,True,0.056098468601703644
34,2141,8,True,False,False,False,0.0011548101902008057,0.0,,,0.28261056542396545,True,0.0,0.0,matched_hand_target,True,0.032125115394592285
37,2171,9,True,False,False,False,0.0016299188137054443,0.0,,,0.6549395322799683,True,0.0,0.0,matched_hand_target,True,0.06724560260772705
42,2172,10,True,False,False,False,0.0009281337261199951,0.0,,,0.46492472290992737,True,0.0,0.0,matched_hand_target,True,0.06657576560974121
46,2174,11,True,False,False,False,0.0015692412853240967,0.0,,,0.4955439865589142,True,0.0,0.0,matched_hand_target,True,0.05645132064819336
50,2181,12,True,False,False,False,0.0007896125316619873,0.0,,,0.7456763982772827,True,0.0,0.0,matched_hand_target,True,0.059922218322753906
57,2221,14,True,False,False,False,0.000858992338180542,0.0,,,0.436881959438324,True,0.0,0.0,matched_hand_target,True,0.031481146812438965
61,2387,15,True,False,False,False,0.001147836446762085,0.0,,,0.6093621253967285,True,0.0,0.0,matched_hand_target,True,0.048450469970703125
1,2419,0,True,False,False,False,0.0010202229022979736,0.0,,,0.09893739223480225,False,0.0,0.0,matched_hand_target,True,0.041866302490234375
6,2435,1,True,False,False,False,0.0009181201457977295,0.0,,,0.07865256071090698,False,0.0,0.0,matched_hand_target,True,0.0372125469148159
15,2487,3,True,False,False,False,0.0013269484043121338,0.0,,,0.05013208091259003,False,0.0,0.0,matched_hand_target,True,0.022824734449386597
17,2520,4,True,False,False,False,0.0012738406658172607,0.0,,,0.3362998962402344,True,0.0,0.0,matched_hand_target,True,0.04264681041240692
26,2592,6,True,False,False,False,0.0013224780559539795,0.0,,,0.28870058059692383,True,0.0,0.0,matched_hand_target,True,0.05497312545776367
35,2624,8,True,False,False,False,0.0012088119983673096,0.0,,,0.5278124809265137,True,0.0,0.0,matched_hand_target,True,0.05394637584686279
43,2656,10,True,False,False,False,0.0007892996072769165,0.0,,,0.5880791544914246,True,0.0,0.0,matched_hand_target,True,0.0545201301574707
62,2932,15,True,False,False,False,0.0011782348155975342,0.0,,,0.6192155480384827,True,0.0,0.0,matched_hand_target,True,0.07983922958374023
9,3033,2,True,False,False,False,0.0016988813877105713,0.0,,,0.07414761185646057,False,0.0,0.0,matched_hand_target,True,0.03456521034240723
18,3078,4,True,False,False,False,0.0017212927341461182,0.0,,,0.4248122572898865,True,0.0,0.0,matched_hand_target,True,0.040357209742069244
29,3209,7,True,True,False,True,-0.00496663898229599,0.0,10,1,0.49055495858192444,True,0.0,0.0,matched_hand_target,False,0.05313372611999512
32,3225,8,True,False,False,False,0.001286536455154419,0.0,,,0.5949112176895142,True,0.0,0.0,matched_hand_target,True,0.05061259865760803
38,3254,9,True,True,False,True,-0.0016656145453453064,0.0,10,0,0.5537031292915344,True,0.0,0.0,matched_hand_target,False,0.053554415702819824
40,3275,10,True,True,False,True,-0.0030718743801116943,0.0,11,0,0.37051379680633545,True,0.0,0.0,matched_hand_target,False,0.050824061036109924
47,3311,11,True,False,False,False,0.0009967386722564697,0.0,,,0.3956538736820221,True,0.0,0.0,matched_hand_target,True,0.053479090332984924
51,3331,12,True,False,False,False,0.0015135705471038818,0.0,,,0.5331488847732544,True,0.0,0.0,matched_hand_target,True,0.042331695556640625
7,3541,1,True,False,False,False,0.001225203275680542,0.0,,,0.0706663727760315,False,0.0,0.0,matched_hand_target,True,0.03602027893066406
12,3618,3,True,False,False,False,0.0014117062091827393,0.0,,,0.057799920439720154,False,0.0,0.0,matched_hand_target,True,0.021708011627197266
23,3643,5,True,False,False,False,0.0011950433254241943,0.0,,,0.3728681802749634,True,0.0,0.0,matched_hand_target,True,0.040837764739990234
33,3822,8,True,False,False,False,0.001032024621963501,0.0,,,0.5022343397140503,True,0.0,0.0,matched_hand_target,True,0.06432397663593292
39,3858,9,True,False,False,False,0.0010181963443756104,0.0,,,0.3966735601425171,True,0.0,0.0,matched_hand_target,True,0.0414351224899292
44,3893,11,True,False,False,False,0.001021355390548706,0.0,,,0.6381275653839111,True,0.0,0.0,matched_hand_target,True,0.053452491760253906
48,3982,12,True,False,False,False,0.000947803258895874,0.0,,,0.561786413192749,True,0.0,0.0,matched_hand_target,True,0.06921195983886719
54,4035,13,True,False,False,False,0.0011049211025238037,0.0,,,0.6236557364463806,True,0.0,0.0,matched_hand_target,True,0.0758969783782959
63,4082,15,True,False,False,False,0.0015438497066497803,0.0,,,0.6790193915367126,True,0.0,0.0,matched_hand_target,True,0.10941320657730103
4,4168,1,True,True,False,True,-0.0008348673582077026,0.0,7,1,0.10841941833496094,False,0.0,0.0,matched_hand_target,False,0.04824209213256836
10,4304,2,True,False,False,False,0.0015435516834259033,0.0,,,0.0881960391998291,False,0.0,0.0,matched_hand_target,True,0.04295063018798828
19,4320,4,True,False,False,False,0.001757115125656128,0.0,,,0.20163699984550476,True,0.0,0.0,matched_hand_target,True,0.021321535110473633
20,4358,5,True,False,False,False,0.0013611018657684326,0.0,,,0.3546369671821594,True,0.0,0.0,matched_hand_target,True,0.044267892837524414
30,4408,7,True,False,False,False,0.0013385117053985596,0.0,,,0.36500731110572815,True,0.0,0.0,matched_hand_target,True,0.040088653564453125
36,4469,9,True,False,False,False,0.0014202296733856201,0.0,,,0.4587293863296509,True,0.0,0.0,matched_hand_target,True,0.039445579051971436
41,4522,10,True,False,False,False,0.001152127981185913,0.0,,,0.583450198173523,True,0.0,0.0,matched_hand_target,True,0.04865741729736328
5,4763,1,True,False,False,False,0.0010926425457000732,0.0,,,0.10911580920219421,False,0.0,0.0,matched_hand_target,True,0.043720245361328125
13,4776,3,True,False,False,False,0.0010515153408050537,0.0,,,0.0943528413772583,False,0.0,0.0,matched_hand_target,True,0.039258480072021484
21,4804,5,True,False,False,False,0.001574009656906128,0.0,,,0.30447062849998474,True,0.0,0.0,matched_hand_target,True,0.04236865043640137
27,4823,6,True,False,False,False,0.0012151896953582764,0.0,,,0.38606488704681396,True,0.0,0.0,matched_hand_target,True,0.051142215728759766
31,4830,7,True,False,False,False,0.001147836446762085,0.0,,,0.29983508586883545,True,0.0,0.0,matched_hand_target,True,0.032254934310913086
34,4852,8,True,False,False,False,0.0015749633312225342,0.0,,,0.4526994228363037,True,0.0,0.0,matched_hand_target,True,0.036163330078125
49,4955,12,True,False,False,False,0.0015269219875335693,0.0,,,0.7886384725570679,True,0.0,0.0,matched_hand_target,True,0.10378110408782959
58,5111,14,True,False,False,False,0.0010548532009124756,0.0,,,0.6429656744003296,True,0.0,0.0,matched_hand_target,True,0.04381841421127319
2,5188,0,True,False,False,False,0.0008662045001983643,0.0,,,0.0661776065826416,False,0.0,0.0,matched_hand_target,True,0.02580169215798378
6,5216,1,True,False,False,False,0.0012759268283843994,0.0,,,0.056053340435028076,False,0.0,0.0,matched_hand_target,True,0.018808841705322266
11,5259,2,True,False,False,False,0.0012994706630706787,0.0,,,0.09065990895032883,False,0.0,0.0,matched_hand_target,True,0.050238609313964844
14,5287,3,True,False,False,False,0.0018318593502044678,0.0,,,0.05724489688873291,False,0.0,0.0,matched_hand_target,True,0.019145965576171875
37,5496,9,True,False,False,False,0.0013800561428070068,0.0,,,0.8328753709793091,True,0.0,0.0,matched_hand_target,True,0.07325458526611328
45,5606,11,True,False,False,False,0.0016174018383026123,0.0,,,0.5457420349121094,True,0.0,0.0,matched_hand_target,True,0.07018768787384033
55,5628,13,True,False,False,False,0.0012718737125396729,0.0,,,0.637174129486084,True,0.0,0.0,matched_hand_target,True,0.06152772903442383
60,5646,15,True,False,False,False,0.001442044973373413,0.0,,,0.40423282980918884,True,0.0,0.0,matched_hand_target,True,0.08137789368629456
8,5707,2,True,False,False,False,0.0015736520290374756,0.0,,,0.08723953366279602,False,0.0,0.0,matched_hand_target,True,0.04220128059387207
15,5773,3,True,False,False,False,0.0009337365627288818,0.0,,,0.08416664600372314,False,0.0,0.0,matched_hand_target,True,0.04889678955078125
16,5787,4,True,False,False,False,0.001168757677078247,0.0,,,0.38036853075027466,True,0.0,0.0,matched_hand_target,True,0.04891899228096008
22,5798,5,True,False,False,False,0.00036603212356567383,0.0,,,0.3633878231048584,True,0.0,0.0,matched_hand_target,True,0.053180813789367676
28,5859,7,True,False,False,False,0.001286238431930542,0.0,,,0.4477682113647461,True,0.0,0.0,matched_hand_target,True,0.04352211952209473
35,5861,8,True,False,False,False,0.0010330379009246826,0.0,,,0.46123337745666504,True,0.0,0.0,matched_hand_target,True,0.08802938461303711
38,5876,9,True,False,False,False,0.0009119808673858643,0.0,,,0.6857028007507324,True,0.0,0.0,matched_hand_target,True,0.14055323600769043
42,5915,10,True,False,False,False,0.0014271438121795654,0.0,,,0.37887871265411377,True,0.0,0.0,matched_hand_target,True,0.038443565368652344
46,5939,11,True,True,False,True,-0.0034835636615753174,0.0,12,1,0.5365734100341797,True,0.0,0.0,matched_hand_target,False,0.0430637001991272
50,5973,12,True,False,False,False,0.0017479360103607178,0.0,,,0.6829778552055359,True,0.0,0.0,matched_hand_target,True,0.0975193977355957
52,5975,13,True,False,False,False,0.001347273588180542,0.0,,,0.5951550006866455,True,0.0,0.0,matched_hand_target,True,0.0829463005065918
3,6092,0,True,False,False,False,0.0012610852718353271,0.0,,,0.08171805739402771,False,0.0,0.0,matched_hand_target,True,0.03152608871459961
7,6100,1,True,False,False,False,0.0018278062343597412,0.0,,,0.07183456420898438,False,0.0,0.0,matched_hand_target,True,0.02112722396850586
17,6249,4,True,False,False,False,0.0018498003482818604,0.0,,,0.4632422626018524,True,0.0,0.0,matched_hand_target,True,0.04158949851989746
23,6255,5,True,False,False,False,0.0017268359661102295,0.0,,,0.47866305708885193,True,0.0,0.0,matched_hand_target,True,0.038112640380859375
43,6447,10,True,True,False,True,-0.006401225924491882,0.0,6,0,0.5327723026275635,True,0.0,0.0,matched_hand_target,False,0.0601046085357666
51,6523,12,True,False,False,False,0.001280456781387329,0.0,,,0.6273031234741211,True,0.0,0.0,matched_hand_target,True,0.08262109756469727
53,6537,13,True,True,False,True,-0.00705014169216156,0.0,11,0,0.8389477729797363,True,0.0,0.0,matched_hand_target,False,0.0899321436882019
0,6596,0,True,False,False,False,0.00181540846824646,0.0,,,0.05040699243545532,False,0.0,0.0,matched_hand_target,True,0.01990818977355957
9,6651,2,True,False,False,False,0.0008809268474578857,0.0,,,0.13194333016872406,False,0.0,0.0,matched_hand_target,True,0.05420041084289551
24,6775,6,True,False,False,False,0.0010779201984405518,0.0,,,0.3627857565879822,True,0.0,0.0,matched_hand_target,True,0.045941829681396484
29,6777,7,True,False,False,False,0.0011776983737945557,0.0,,,0.2236369550228119,True,0.0,0.0,matched_hand_target,True,0.030433163046836853
39,6783,9,True,False,False,False,0.0012357532978057861,0.0,,,0.6457265615463257,True,0.0,0.0,matched_hand_target,True,0.04934859275817871
18,7192,4,True,False,False,False,0.0017283856868743896,0.0,,,0.4251949191093445,True,0.0,0.0,matched_hand_target,True,0.05007374286651611
25,7280,6,True,True,False,True,-0.005768321454524994,0.0,6,1,0.237252339720726,True,0.0,0.0,matched_hand_target,False,0.0315852165222168
47,7344,11,True,False,False,False,0.0008225142955780029,0.0,,,0.316566526889801,True,0.0,0.0,matched_hand_target,True,0.03488492965698242
59,7385,14,True,False,False,False,0.0014255344867706299,0.0,,,0.5410016775131226,True,0.0,0.0,matched_hand_target,True,0.09178900718688965
61,7390,15,True,False,False,False,0.001382976770401001,0.0,,,0.46579521894454956,True,0.0,0.0,matched_hand_target,True,0.0431896448135376
1,7470,0,True,False,False,False,0.0010114610195159912,0.0,,,0.09524991363286972,False,0.0,0.0,matched_hand_target,True,0.04394197463989258
10,7494,2,True,False,False,False,0.001040428876876831,0.0,,,0.08517852425575256,False,0.0,0.0,matched_hand_target,True,0.03165912628173828
19,7540,4,True,False,False,False,0.001458495855331421,0.0,,,0.422556072473526,True,0.0,0.0,matched_hand_target,True,0.045477449893951416
26,7576,6,True,False,False,False,0.0010090172290802002,0.0,,,0.3278842568397522,True,0.0,0.0,matched_hand_target,True,0.03999781608581543
30,7581,7,True,False,False,False,0.0008626282215118408,0.0,,,0.27824974060058594,True,0.0,0.0,matched_hand_target,True,0.04110860824584961
54,7701,13,True,False,False,False,0.0013593733310699463,0.0,,,0.5990375280380249,True,0.0,0.0,matched_hand_target,True,0.07145479321479797
56,8503,14,True,False,False,False,0.0013889968395233154,0.0,,,0.45742374658584595,True,0.0,0.0,matched_hand_target,True,0.11784256249666214
62,8555,15,True,False,False,False,0.0017288625240325928,0.0,,,0.8197057247161865,True,0.0,0.0,matched_hand_target,True,0.08004426956176758
2,8556,0,True,False,False,False,0.0008645951747894287,0.0,,,0.09892518073320389,False,0.0,0.0,matched_hand_target,True,0.052153587341308594
27,8618,6,True,False,False,False,0.00119742751121521,0.0,,,0.40800002217292786,True,0.0,0.0,matched_hand_target,True,0.05932331085205078
31,8765,7,True,False,False,False,0.0010128319263458252,0.0,,,0.43031883239746094,True,0.0,0.0,matched_hand_target,True,0.04153406620025635
63,9088,15,True,False,False,False,0.0016247928142547607,0.0,,,0.7058907151222229,True,0.0,0.0,matched_hand_target,True,0.061058998107910156
3,9208,0,True,False,False,False,0.0016925036907196045,0.0,,,0.08861158788204193,False,0.0,0.0,matched_hand_target,True,0.03289318084716797
11,9244,2,True,False,False,False,0.0014629065990447998,0.0,,,0.08295374363660812,False,0.0,0.0,matched_hand_target,True,0.031021833419799805
57,9641,14,True,False,False,False,0.0010760128498077393,0.0,,,0.8672798275947571,True,0.0,0.0,matched_hand_target,True,0.0807037353515625
58,10148,14,True,False,False,False,0.0015923082828521729,0.0,,,0.7907229065895081,True,0.0,0.0,matched_hand_target,True,0.08954258263111115
55,11441,13,True,False,False,False,0.00180855393409729,0.0,,,0.6700242757797241,True,2.384185791015625e-07,0.0,matched_hand_target,True,0.06861734390258789
59,12767,14,True,False,False,False,0.0015088021755218506,0.0,,,0.6745883822441101,True,0.0,0.0,matched_hand_target,True,0.09739542007446289
24,229,6,True,False,False,False,0.0017010867595672607,0.0,,,0.04741367697715759,False,0.0,0.0,both,True,0.013885736465454102
32,270,8,True,False,False,False,0.0018162429332733154,0.0,,,0.04719430208206177,False,0.0,0.0,both,True,0.015442609786987305
40,339,10,True,False,False,False,0.0009149014949798584,0.0,,,0.09841448068618774,False,0.0,0.0,both,True,0.04799079895019531
44,340,11,True,False,False,False,0.0011064708232879639,0.0,,,0.06977251172065735,False,0.0,0.0,both,True,0.041000545024871826
48,345,12,True,False,False,False,0.0018077194690704346,0.0,,,0.05166274309158325,False,0.0,0.0,both,True,0.017886638641357422
52,375,13,True,False,False,False,0.0008798539638519287,0.0,,,0.1051170825958252,False,0.0,0.0,both,True,0.04703021049499512
56,399,14,True,False,False,False,0.0017540156841278076,0.0,,,0.0631817877292633,False,0.0,0.0,both,True,0.028287768363952637
12,607,3,True,False,False,False,0.0006766915321350098,0.0,,,0.10106053948402405,False,0.0,0.0,both,True,0.04884004592895508
20,720,5,True,False,False,False,0.0015452206134796143,0.0,,,0.034662216901779175,False,0.0,0.0,both,True,0.01501607894897461
36,804,9,True,False,False,False,0.0011744201183319092,0.0,,,0.06465470790863037,False,0.0,0.0,both,True,0.02920210361480713
53,1069,13,True,False,False,False,0.0016383826732635498,0.0,,,0.07509209215641022,False,0.0,0.0,both,True,0.03608536720275879
60,1212,15,True,False,False,False,0.0013019144535064697,0.0,,,0.12464118003845215,False,0.0,0.0,both,True,0.045433104038238525
0,1284,0,True,False,False,False,0.001499861478805542,0.0,,,0.10740458965301514,False,0.0,0.0,both,True,0.04142427444458008
4,1288,1,True,False,False,False,0.001349419355392456,0.0,,,0.08743119239807129,False,0.0,0.0,both,True,0.05076885223388672
13,1377,3,True,False,False,False,0.001455932855606079,0.0,,,0.08982434868812561,False,0.0,0.0,both,True,0.04228365421295166
21,1458,5,True,False,False,False,0.0011638104915618896,0.0,,,0.07770664989948273,False,0.0,0.0,both,True,0.04562583565711975
33,1518,8,True,False,False,False,0.0011636912822723389,0.0,,,0.1056521087884903,False,0.0,0.0,both,True,0.03987288475036621
41,1543,10,True,False,False,False,0.0011640489101409912,0.0,,,0.13073867559432983,False,0.0,0.0,both,True,0.04855680465698242
45,1591,11,True,False,False,False,0.0008644163608551025,0.0,,,0.06476783752441406,False,0.0,0.0,both,True,0.029042482376098633
49,1616,12,True,False,False,False,0.001345127820968628,0.0,,,0.07902820408344269,False,0.0,0.0,both,True,0.047730326652526855
5,1779,1,True,False,False,False,0.0017481744289398193,0.0,,,0.044981181621551514,False,0.0,0.0,both,True,0.014407515525817871
8,1793,2,True,False,False,False,0.0009469687938690186,0.0,,,0.06620331108570099,False,0.0,0.0,both,True,0.0414578914642334
14,1830,3,True,False,False,False,0.0016849339008331299,0.0,,,0.10516893863677979,False,0.0,0.0,both,True,0.03326129913330078
16,1834,4,False,True,False,True,-0.0030630454421043396,0.0,4,0,0.10993729531764984,False,0.0,0.0,both,False,0.054047584533691406
22,1887,5,False,True,True,True,-0.019100889563560486,67.39823913574219,3,1,0.09970517456531525,False,0.0,0.0,both,False,0.038932859897613525
25,1966,6,True,False,False,False,0.0009274184703826904,0.0,,,0.0881025642156601,False,0.0,0.0,both,True,0.055405616760253906
28,2049,7,True,False,False,False,0.000945359468460083,0.0,,,0.11407202482223511,False,0.0,0.0,both,True,0.047593384981155396
34,2141,8,True,False,False,False,0.0011549293994903564,0.0,,,0.049703449010849,False,0.0,0.0,both,True,0.01945483684539795
37,2171,9,True,False,False,False,0.0016299784183502197,0.0,,,0.0445825457572937,False,0.0,0.0,both,True,0.014906167984008789
42,2172,10,True,False,False,False,0.0009530484676361084,0.0,,,0.06913185119628906,False,0.0,0.0,both,True,0.04174304008483887
46,2174,11,True,False,False,False,0.0015691816806793213,0.0,,,0.048212841153144836,False,0.0,0.0,both,True,0.013157010078430176
50,2181,12,True,False,False,False,0.0007940232753753662,0.0,,,0.12452563643455505,False,0.0,0.0,both,True,0.05541491508483887
57,2221,14,True,False,False,False,0.000858992338180542,0.0,,,0.0495278537273407,False,4.76837158203125e-07,0.0,both,True,0.01587533950805664
61,2387,15,True,False,False,False,0.0011493861675262451,0.0,,,0.09804597496986389,False,0.0,0.0,both,True,0.045922279357910156
1,2419,0,True,False,False,False,0.0010202229022979736,0.0,,,0.09893739223480225,False,0.0,0.0,both,True,0.041866302490234375
6,2435,1,True,False,False,False,0.0009181201457977295,0.0,,,0.07865256071090698,False,0.0,0.0,both,True,0.0372125469148159
15,2487,3,True,False,False,False,0.0013269484043121338,0.0,,,0.05013208091259003,False,0.0,0.0,both,True,0.022824734449386597
17,2520,4,True,False,False,False,0.0012738406658172607,0.0,,,0.07758551836013794,False,0.0,0.0,both,True,0.03828001022338867
26,2592,6,True,False,False,False,0.0014001280069351196,0.0,,,0.0708136111497879,False,0.0,0.0,both,True,0.03755331039428711
35,2624,8,True,False,False,False,0.0012141168117523193,0.0,,,0.07637456059455872,False,0.0,0.0,both,True,0.03446921706199646
43,2656,10,True,False,False,False,0.0007386952638626099,0.0,,,0.10323280096054077,False,0.0,0.0,both,True,0.04911947250366211
62,2932,15,True,False,False,False,0.0011800825595855713,0.0,,,0.12829184532165527,False,0.0,0.0,both,True,0.04743385314941406
9,3033,2,True,False,False,False,0.0016988813877105713,0.0,,,0.07414761185646057,False,0.0,0.0,both,True,0.03456521034240723
18,3078,4,True,False,False,False,0.0017215311527252197,0.0,,,0.04549330472946167,False,0.0,0.0,both,True,0.028872013092041016
29,3209,7,True,True,False,True,-0.0037356242537498474,0.0,7,0,0.13648104667663574,False,0.0,0.0,both,False,0.049430131912231445
32,3225,8,True,False,False,False,0.0012899935245513916,0.0,,,0.10988418757915497,False,0.0,0.0,both,True,0.046759992837905884
38,3254,9,True,True,False,True,-0.0015101656317710876,0.0,7,0,0.07528933137655258,False,0.0,0.0,both,False,0.030313676223158836
40,3275,10,True,True,False,True,-0.0023272261023521423,0.0,8,1,0.11054746061563492,False,0.0,0.0,both,False,0.04904429614543915
47,3311,11,True,False,False,False,0.000997990369796753,0.0,,,0.09944267570972443,False,0.0,0.0,both,True,0.05213521420955658
51,3331,12,True,False,False,False,0.0015152394771575928,0.0,,,0.09753556549549103,False,0.0,0.0,both,True,0.039928436279296875
7,3541,1,True,False,False,False,0.001225203275680542,0.0,,,0.0706663727760315,False,0.0,0.0,both,True,0.03602027893066406
12,3618,3,True,False,False,False,0.0014117062091827393,0.0,,,0.057799920439720154,False,0.0,0.0,both,True,0.021708011627197266
23,3643,5,True,False,False,False,0.0011952221393585205,0.0,,,0.08344019204378128,False,0.0,0.0,both,True,0.033745020627975464
33,3822,8,True,False,False,False,0.001033097505569458,0.0,,,0.05313824117183685,False,0.0,0.0,both,True,0.031831979751586914
39,3858,9,True,False,False,False,0.0010183155536651611,0.0,,,0.0848248153924942,False,0.0,0.0,both,True,0.03172922134399414
44,3893,11,True,False,False,False,0.0010232031345367432,0.0,,,0.1329471468925476,False,0.0,0.0,both,True,0.051389217376708984
48,3982,12,True,False,False,False,0.0009795129299163818,0.0,,,0.08265258371829987,False,0.0,0.0,both,True,0.03733682632446289
54,4035,13,True,False,False,False,0.00110664963722229,0.0,,,0.09109669923782349,False,0.0,0.0,both,True,0.031852006912231445
63,4082,15,True,False,False,False,0.0015446245670318604,0.0,,,0.08234119415283203,False,0.0,0.0,both,True,0.04078233242034912
4,4168,1,True,True,False,True,-0.0008348673582077026,0.0,7,1,0.10841941833496094,False,0.0,0.0,both,False,0.04824209213256836
10,4304,2,True,False,False,False,0.0015435516834259033,0.0,,,0.0881960391998291,False,0.0,0.0,both,True,0.04295063018798828
19,4320,4,True,False,False,False,0.001757115125656128,0.0,,,0.029330536723136902,False,0.0,0.0,both,True,0.010781288146972656
20,4358,5,True,False,False,False,0.0013611018657684326,0.0,,,0.09293217957019806,False,0.0,0.0,both,True,0.04259920120239258
30,4408,7,True,False,False,False,0.0013395249843597412,0.0,,,0.10366770625114441,False,0.0,0.0,both,True,0.03785586357116699
36,4469,9,True,False,False,False,0.001420348882675171,0.0,,,0.05854302644729614,False,0.0,0.0,both,True,0.015327930450439453
41,4522,10,True,False,False,False,0.0011763274669647217,0.0,,,0.051691532135009766,False,0.0,0.0,both,True,0.023166656494140625
5,4763,1,True,False,False,False,0.0010926425457000732,0.0,,,0.10911580920219421,False,0.0,0.0,both,True,0.043720245361328125
13,4776,3,True,False,False,False,0.0010515153408050537,0.0,,,0.0943528413772583,False,0.0,0.0,both,True,0.039258480072021484
21,4804,5,True,False,False,False,0.0015740692615509033,0.0,,,0.12360657751560211,False,0.0,0.0,both,True,0.04231441020965576
27,4823,6,True,False,False,False,0.0012151896953582764,0.0,,,0.07999897003173828,False,0.0,0.0,both,True,0.0511171817779541
31,4830,7,True,False,False,False,0.0011477172374725342,0.0,,,0.06420797109603882,False,0.0,0.0,both,True,0.021712064743041992
34,4852,8,True,False,False,False,0.0015752017498016357,0.0,,,0.08024140447378159,False,0.0,0.0,both,True,0.03574562072753906
49,4955,12,True,False,False,False,0.001527637243270874,0.0,,,0.04531407356262207,False,0.0,0.0,both,True,0.014224529266357422
58,5111,14,True,False,False,False,0.0010593831539154053,0.0,,,0.06554237008094788,False,0.0,0.0,both,True,0.032962948083877563
2,5188,0,True,False,False,False,0.0008662045001983643,0.0,,,0.0661776065826416,False,0.0,0.0,both,True,0.02580169215798378
6,5216,1,True,False,False,False,0.0012759268283843994,0.0,,,0.056053340435028076,False,0.0,0.0,both,True,0.018808841705322266
11,5259,2,True,False,False,False,0.0012994706630706787,0.0,,,0.09065990895032883,False,0.0,0.0,both,True,0.050238609313964844
14,5287,3,True,False,False,False,0.0018318593502044678,0.0,,,0.05724489688873291,False,0.0,0.0,both,True,0.019145965576171875
37,5496,9,True,False,False,False,0.0013858377933502197,0.0,,,0.10527724027633667,False,0.0,0.0,both,True,0.0382540225982666
45,5606,11,True,False,False,False,0.0016174018383026123,0.0,,,0.07554706931114197,False,0.0,0.0,both,True,0.02819901704788208
55,5628,13,True,False,False,False,0.0012759864330291748,0.0,,,0.08844856917858124,False,0.0,0.0,both,True,0.04449772834777832
60,5646,15,True,False,False,False,0.001442044973373413,0.0,,,0.06234818696975708,False,0.0,0.0,both,True,0.024170875549316406
8,5707,2,True,False,False,False,0.0015736520290374756,0.0,,,0.08723953366279602,False,0.0,0.0,both,True,0.04220128059387207
15,5773,3,True,False,False,False,0.0009337365627288818,0.0,,,0.08416664600372314,False,0.0,0.0,both,True,0.04889678955078125
16,5787,4,True,False,False,False,0.0011692345142364502,0.0,,,0.08679145574569702,False,0.0,0.0,both,True,0.04838746786117554
22,5798,5,True,False,False,False,0.0011576712131500244,0.0,,,0.08691731095314026,False,0.0,0.0,both,True,0.051663488149642944
28,5859,7,True,False,False,False,0.0012885630130767822,0.0,,,0.09723721444606781,False,0.0,0.0,both,True,0.04090762138366699
35,5861,8,True,False,False,False,0.0010331571102142334,0.0,,,0.05947195738554001,False,0.0,0.0,both,True,0.029837846755981445
38,5876,9,True,False,False,False,0.0009127557277679443,0.0,,,0.11997970938682556,False,0.0,0.0,both,True,0.0538334846496582
42,5915,10,True,False,False,False,0.0014302432537078857,0.0,,,0.061722636222839355,False,0.0,0.0,both,True,0.0347132682800293
46,5939,11,True,True,False,True,-0.0021886825561523438,0.0,10,1,0.09950126707553864,False,0.0,0.0,both,False,0.04171454906463623
50,5973,12,True,False,False,False,0.0017795860767364502,0.0,,,0.0535302497446537,False,0.0,0.0,both,True,0.024285316467285156
52,5975,13,True,False,False,False,0.001347869634628296,0.0,,,0.10829323530197144,False,0.0,0.0,both,True,0.03799504041671753
3,6092,0,True,False,False,False,0.0012610852718353271,0.0,,,0.08171805739402771,False,0.0,0.0,both,True,0.03152608871459961
7,6100,1,True,False,False,False,0.0018278062343597412,0.0,,,0.07183456420898438,False,0.0,0.0,both,True,0.02112722396850586
17,6249,4,True,False,False,False,0.0018487274646759033,0.0,,,0.06188584864139557,False,0.0,0.0,both,True,0.014876723289489746
23,6255,5,True,False,False,False,0.0017285645008087158,0.0,,,0.08867114782333374,False,0.0,0.0,both,True,0.03447437286376953
43,6447,10,False,True,False,True,-0.006194278597831726,0.0,2,1,0.09997676312923431,False,0.0,0.0,both,False,0.039034366607666016
51,6523,12,True,False,False,False,0.001281052827835083,0.0,,,0.07442095875740051,False,0.0,0.0,both,True,0.0230865478515625
53,6537,13,False,True,False,True,-0.005333110690116882,0.0,5,1,0.09968943893909454,False,0.0,0.0,both,False,0.05389213562011719
0,6596,0,True,False,False,False,0.00181540846824646,0.0,,,0.05040699243545532,False,0.0,0.0,both,True,0.01990818977355957
9,6651,2,True,False,False,False,0.0008809268474578857,0.0,,,0.13194333016872406,False,0.0,0.0,both,True,0.05420041084289551
24,6775,6,True,False,False,False,0.0010779798030853271,0.0,,,0.12654392421245575,False,0.0,0.0,both,True,0.0455298125743866
29,6777,7,True,False,False,False,0.0011776983737945557,0.0,,,0.053710103034973145,False,0.0,0.0,both,True,0.02551102638244629
39,6783,9,True,False,False,False,0.001237422227859497,0.0,,,0.11012806743383408,False,0.0,0.0,both,True,0.04759955406188965
18,7192,4,True,False,False,False,0.0017386376857757568,0.0,,,0.06425994634628296,False,0.0,0.0,both,True,0.028697967529296875
25,7280,6,False,True,False,True,-0.00567992776632309,0.0,4,0,0.06308871507644653,False,0.0,0.0,both,False,0.031365394592285156
47,7344,11,True,False,False,False,0.0008223950862884521,0.0,,,0.07404378056526184,False,0.0,0.0,both,True,0.030385255813598633
59,7385,14,True,False,False,False,0.0014303624629974365,0.0,,,0.05165150761604309,False,0.0,0.0,both,True,0.030513525009155273
61,7390,15,True,False,False,False,0.0014828741550445557,0.0,,,0.09249883890151978,False,0.0,0.0,both,True,0.03910714387893677
1,7470,0,True,False,False,False,0.0010114610195159912,0.0,,,0.09524991363286972,False,0.0,0.0,both,True,0.04394197463989258
10,7494,2,True,False,False,False,0.001040428876876831,0.0,,,0.08517852425575256,False,0.0,0.0,both,True,0.03165912628173828
19,7540,4,True,False,False,False,0.0014650523662567139,0.0,,,0.08050936460494995,False,0.0,0.0,both,True,0.03730887174606323
26,7576,6,True,False,False,False,0.001009613275527954,0.0,,,0.09001636505126953,False,0.0,0.0,both,True,0.03937172889709473
30,7581,7,True,False,False,False,0.0008629262447357178,0.0,,,0.10476958751678467,False,0.0,0.0,both,True,0.04087114334106445
54,7701,13,True,False,False,False,0.0013912022113800049,0.0,,,0.0713881254196167,False,0.0,0.0,both,True,0.022820472717285156
56,8503,14,True,False,False,False,0.0013891756534576416,0.0,,,0.05194246768951416,False,0.0,0.0,both,True,0.025426745414733887
62,8555,15,True,False,False,False,0.0017339885234832764,0.0,,,0.06328567862510681,False,0.0,0.0,both,True,0.03244209289550781
2,8556,0,True,False,False,False,0.0008645951747894287,0.0,,,0.09892518073320389,False,0.0,0.0,both,True,0.052153587341308594
27,8618,6,True,False,False,False,0.0012048780918121338,0.0,,,0.09217043966054916,False,0.0,0.0,both,True,0.05144309997558594
31,8765,7,True,False,False,False,0.0010131299495697021,0.0,,,0.0681590735912323,False,0.0,0.0,both,True,0.024081945419311523
63,9088,15,True,False,False,False,0.0016250312328338623,0.0,,,0.04792201519012451,False,0.0,0.0,both,True,0.0280911922454834
3,9208,0,True,False,False,False,0.0016925036907196045,0.0,,,0.08861158788204193,False,0.0,0.0,both,True,0.03289318084716797
11,9244,2,True,False,False,False,0.0014629065990447998,0.0,,,0.08295374363660812,False,0.0,0.0,both,True,0.031021833419799805
57,9641,14,True,False,False,False,0.0010807216167449951,0.0,,,0.06617355346679688,False,0.0,0.0,both,True,0.03682589530944824
58,10148,14,True,False,False,False,0.0016171634197235107,0.0,,,0.0913604199886322,False,0.0,0.0,both,True,0.030230045318603516
55,11441,13,True,False,False,False,0.0018079578876495361,0.0,,,0.05468660593032837,False,0.0,0.0,both,True,0.01638507843017578
59,12767,14,True,False,False,False,0.001550048589706421,0.0,,,0.10940912365913391,False,0.0,0.0,both,True,0.04216718673706055
