condition,env,violation,triggered,first_failure_step,min_nonexempt_mm
control,0,False,False,,1.2234747409820557
control,1,False,False,,1.3274848461151123
control,2,False,False,,1.0727345943450928
control,3,False,False,,0.9514987468719482
control,4,False,False,,0.974506139755249
control,5,False,False,,0.9416043758392334
control,6,False,False,,0.9693801403045654
control,7,False,False,,0.9746253490447998
control,8,False,False,,0.9606778621673584
control,9,False,False,,0.9808838367462158
control,10,False,False,,0.9981691837310791
control,11,False,False,,1.0698139667510986
control,12,True,False,449,-4.1880737990140915
control,13,True,False,187,-4.542006179690361
control,14,False,False,,1.2278258800506592
control,15,True,False,369,-12.018613517284393
control,16,False,False,,0.9391605854034424
control,17,False,False,,0.9849965572357178
control,18,False,False,,0.9535253047943115
control,19,False,False,,0.9449422359466553
control,20,False,False,,0.9805858135223389
control,21,False,False,,0.9747445583343506
control,22,True,False,387,-28.128013014793396
control,23,False,False,,0.9375512599945068
control,24,False,False,,0.9560883045196533
control,25,False,False,,0.3429260104894638
control,26,False,False,,0.9443461894989014
control,27,False,False,,0.9716451168060303
control,28,True,False,560,-23.365110158920288
control,29,False,False,,0.17603859305381775
control,30,True,False,457,-24.568647146224976
control,31,True,False,371,-0.1010894775390625
bounded_12,0,False,False,,1.2234747409820557
bounded_12,1,False,False,,1.3274848461151123
bounded_12,2,False,False,,1.0727345943450928
bounded_12,3,False,False,,0.9514987468719482
bounded_12,4,False,False,,0.974506139755249
bounded_12,5,False,False,,0.9416043758392334
bounded_12,6,False,False,,0.9693801403045654
bounded_12,7,False,False,,0.9746253490447998
bounded_12,8,False,False,,0.9606778621673584
bounded_12,9,False,False,,0.9808838367462158
bounded_12,10,False,False,,0.9981691837310791
bounded_12,11,False,False,,1.0698139667510986
bounded_12,12,False,True,,0.9697377681732178
bounded_12,13,False,True,,0.9755194187164307
bounded_12,14,False,False,,1.2278258800506592
bounded_12,15,False,True,,0.9914934635162354
bounded_12,16,False,False,,0.9391605854034424
bounded_12,17,False,False,,0.9849965572357178
bounded_12,18,False,False,,0.9535253047943115
bounded_12,19,False,False,,0.9449422359466553
bounded_12,20,False,False,,0.9805858135223389
bounded_12,21,False,False,,0.9747445583343506
bounded_12,22,False,True,,0.9670555591583252
bounded_12,23,False,False,,0.9375512599945068
bounded_12,24,False,False,,0.9560883045196533
bounded_12,25,False,False,,0.3429260104894638
bounded_12,26,False,False,,0.9443461894989014
bounded_12,27,False,False,,0.9716451168060303
bounded_12,28,False,True,,0.9689033031463623
bounded_12,29,False,False,,0.17603859305381775
bounded_12,30,False,True,,0.9252727031707764
bounded_12,31,True,False,371,-0.1010894775390625
bounded_30,0,False,False,,1.2234747409820557
bounded_30,1,False,False,,1.3274848461151123
bounded_30,2,False,False,,1.0727345943450928
bounded_30,3,False,False,,0.9514987468719482
bounded_30,4,False,False,,0.974506139755249
bounded_30,5,False,False,,0.9416043758392334
bounded_30,6,False,False,,0.9693801403045654
bounded_30,7,False,False,,0.9746253490447998
bounded_30,8,False,False,,0.9606778621673584
bounded_30,9,False,False,,0.9808838367462158
bounded_30,10,False,False,,0.9981691837310791
bounded_30,11,False,False,,1.0698139667510986
bounded_30,12,False,True,,0.9697377681732178
bounded_30,13,False,True,,0.9755194187164307
bounded_30,14,False,False,,1.2278258800506592
bounded_30,15,False,True,,0.9914934635162354
bounded_30,16,False,False,,0.9391605854034424
bounded_30,17,False,False,,0.9849965572357178
bounded_30,18,False,False,,0.9535253047943115
bounded_30,19,False,False,,0.9449422359466553
bounded_30,20,False,False,,0.9805858135223389
bounded_30,21,False,False,,0.9747445583343506
bounded_30,22,False,True,,0.9474456310272217
bounded_30,23,False,False,,0.9375512599945068
bounded_30,24,False,False,,0.9560883045196533
bounded_30,25,False,False,,0.3429260104894638
bounded_30,26,False,False,,0.9443461894989014
bounded_30,27,False,False,,0.9716451168060303
bounded_30,28,False,True,,0.9689033031463623
bounded_30,29,False,False,,0.17603859305381775
bounded_30,30,False,True,,0.9621083736419678
bounded_30,31,True,False,371,-0.1010894775390625
bounded_60,0,False,False,,1.2234747409820557
bounded_60,1,False,False,,1.3274848461151123
bounded_60,2,False,False,,1.0727345943450928
bounded_60,3,False,False,,0.9514987468719482
bounded_60,4,False,False,,0.974506139755249
bounded_60,5,False,False,,0.9416043758392334
bounded_60,6,False,False,,0.9693801403045654
bounded_60,7,False,False,,0.9746253490447998
bounded_60,8,False,False,,0.9606778621673584
bounded_60,9,False,False,,0.9808838367462158
bounded_60,10,False,False,,0.9981691837310791
bounded_60,11,False,False,,1.0698139667510986
bounded_60,12,False,True,,0.9618699550628662
bounded_60,13,False,True,,0.9755194187164307
bounded_60,14,False,False,,1.2278258800506592
bounded_60,15,False,True,,0.9914934635162354
bounded_60,16,False,False,,0.9391605854034424
bounded_60,17,False,False,,0.9849965572357178
bounded_60,18,False,False,,0.9535253047943115
bounded_60,19,False,False,,0.9450018405914307
bounded_60,20,False,False,,0.9805858135223389
bounded_60,21,False,False,,0.9747445583343506
bounded_60,22,False,True,,0.9563863277435303
bounded_60,23,False,False,,0.9375512599945068
bounded_60,24,False,False,,0.9560883045196533
bounded_60,25,False,False,,0.3429260104894638
bounded_60,26,False,False,,0.9443461894989014
bounded_60,27,False,False,,0.9716451168060303
bounded_60,28,False,True,,0.9689033031463623
bounded_60,29,False,False,,0.17603859305381775
bounded_60,30,False,True,,0.9615719318389893
bounded_60,31,True,False,371,-0.1010894775390625
